-- MySQL dump 10.13  Distrib 8.0.43, for Win64 (x86_64)
--
-- Host: 127.0.0.1    Database: mzcourse
-- ------------------------------------------------------
-- Server version	8.0.43

/*!40101 SET @OLD_CHARACTER_SET_CLIENT=@@CHARACTER_SET_CLIENT */;
/*!40101 SET @OLD_CHARACTER_SET_RESULTS=@@CHARACTER_SET_RESULTS */;
/*!40101 SET @OLD_COLLATION_CONNECTION=@@COLLATION_CONNECTION */;
/*!50503 SET NAMES utf8mb4 */;
/*!40103 SET @OLD_TIME_ZONE=@@TIME_ZONE */;
/*!40103 SET TIME_ZONE='+00:00' */;
/*!40014 SET @OLD_UNIQUE_CHECKS=@@UNIQUE_CHECKS, UNIQUE_CHECKS=0 */;
/*!40014 SET @OLD_FOREIGN_KEY_CHECKS=@@FOREIGN_KEY_CHECKS, FOREIGN_KEY_CHECKS=0 */;
/*!40101 SET @OLD_SQL_MODE=@@SQL_MODE, SQL_MODE='NO_AUTO_VALUE_ON_ZERO' */;
/*!40111 SET @OLD_SQL_NOTES=@@SQL_NOTES, SQL_NOTES=0 */;

--
-- Table structure for table `achievement`
--

DROP TABLE IF EXISTS `achievement`;
/*!40101 SET @saved_cs_client     = @@character_set_client */;
/*!50503 SET character_set_client = utf8mb4 */;
CREATE TABLE `achievement` (
  `achievement_id` int NOT NULL AUTO_INCREMENT,
  `user_id` int NOT NULL,
  `achievement_type` varchar(50) CHARACTER SET utf8mb4 COLLATE utf8mb4_unicode_ci NOT NULL,
  `achievement_name` varchar(100) CHARACTER SET utf8mb4 COLLATE utf8mb4_unicode_ci NOT NULL,
  `description` text CHARACTER SET utf8mb4 COLLATE utf8mb4_unicode_ci,
  `earned_time` datetime DEFAULT CURRENT_TIMESTAMP,
  `icon_url` varchar(255) CHARACTER SET utf8mb4 COLLATE utf8mb4_unicode_ci DEFAULT NULL,
  PRIMARY KEY (`achievement_id`),
  KEY `user_id` (`user_id`),
  CONSTRAINT `achievement_ibfk_1` FOREIGN KEY (`user_id`) REFERENCES `user` (`user_id`) ON DELETE CASCADE
) ENGINE=InnoDB DEFAULT CHARSET=utf8mb4 COLLATE=utf8mb4_unicode_ci;
/*!40101 SET character_set_client = @saved_cs_client */;

--
-- Dumping data for table `achievement`
--

/*!40000 ALTER TABLE `achievement` DISABLE KEYS */;
/*!40000 ALTER TABLE `achievement` ENABLE KEYS */;

--
-- Table structure for table `achievement_type`
--

DROP TABLE IF EXISTS `achievement_type`;
/*!40101 SET @saved_cs_client     = @@character_set_client */;
/*!50503 SET character_set_client = utf8mb4 */;
CREATE TABLE `achievement_type` (
  `type_id` int NOT NULL AUTO_INCREMENT,
  `achievement_name` varchar(100) CHARACTER SET utf8mb4 COLLATE utf8mb4_unicode_ci NOT NULL,
  `description` text CHARACTER SET utf8mb4 COLLATE utf8mb4_unicode_ci,
  `condition_type` varchar(50) CHARACTER SET utf8mb4 COLLATE utf8mb4_unicode_ci DEFAULT NULL,
  `condition_value` int DEFAULT NULL,
  `icon_url` varchar(255) CHARACTER SET utf8mb4 COLLATE utf8mb4_unicode_ci DEFAULT NULL,
  PRIMARY KEY (`type_id`)
) ENGINE=InnoDB DEFAULT CHARSET=utf8mb4 COLLATE=utf8mb4_unicode_ci;
/*!40101 SET character_set_client = @saved_cs_client */;

--
-- Dumping data for table `achievement_type`
--

/*!40000 ALTER TABLE `achievement_type` DISABLE KEYS */;
/*!40000 ALTER TABLE `achievement_type` ENABLE KEYS */;

--
-- Table structure for table `ai_chat_log`
--

DROP TABLE IF EXISTS `ai_chat_log`;
/*!40101 SET @saved_cs_client     = @@character_set_client */;
/*!50503 SET character_set_client = utf8mb4 */;
CREATE TABLE `ai_chat_log` (
  `chat_log_id` bigint NOT NULL AUTO_INCREMENT,
  `user_id` int NOT NULL,
  `video_id` int NOT NULL,
  `prompt_text` text CHARACTER SET utf8mb4 COLLATE utf8mb4_unicode_ci,
  `response_text` text CHARACTER SET utf8mb4 COLLATE utf8mb4_unicode_ci,
  `timestamp` datetime DEFAULT CURRENT_TIMESTAMP,
  PRIMARY KEY (`chat_log_id`),
  KEY `idx_user` (`user_id`),
  KEY `idx_video` (`video_id`),
  KEY `idx_timestamp` (`timestamp`),
  CONSTRAINT `ai_chat_log_ibfk_1` FOREIGN KEY (`user_id`) REFERENCES `user` (`user_id`),
  CONSTRAINT `ai_chat_log_ibfk_2` FOREIGN KEY (`video_id`) REFERENCES `course_video` (`video_id`)
) ENGINE=InnoDB DEFAULT CHARSET=utf8mb4 COLLATE=utf8mb4_unicode_ci;
/*!40101 SET character_set_client = @saved_cs_client */;

--
-- Dumping data for table `ai_chat_log`
--

/*!40000 ALTER TABLE `ai_chat_log` DISABLE KEYS */;
/*!40000 ALTER TABLE `ai_chat_log` ENABLE KEYS */;

--
-- Table structure for table `behavior_statistics`
--

DROP TABLE IF EXISTS `behavior_statistics`;
/*!40101 SET @saved_cs_client     = @@character_set_client */;
/*!50503 SET character_set_client = utf8mb4 */;
CREATE TABLE `behavior_statistics` (
  `id` int NOT NULL AUTO_INCREMENT,
  `teacher_id` int NOT NULL,
  `course_id` int DEFAULT NULL,
  `behavior_name` varchar(50) NOT NULL,
  `behavior_count` int DEFAULT '0',
  `behavior_weight` decimal(5,2) DEFAULT '0.00',
  `last_updated` timestamp NULL DEFAULT CURRENT_TIMESTAMP ON UPDATE CURRENT_TIMESTAMP,
  PRIMARY KEY (`id`),
  UNIQUE KEY `unique_teacher_course_behavior` (`teacher_id`,`course_id`,`behavior_name`),
  KEY `idx_teacher_id` (`teacher_id`)
) ENGINE=InnoDB AUTO_INCREMENT=216 DEFAULT CHARSET=utf8mb4 COLLATE=utf8mb4_0900_ai_ci;
/*!40101 SET character_set_client = @saved_cs_client */;

--
-- Dumping data for table `behavior_statistics`
--

/*!40000 ALTER TABLE `behavior_statistics` DISABLE KEYS */;
INSERT INTO `behavior_statistics` VALUES (1,15,NULL,'开始学习',15,25.50,'2025-12-11 09:08:56'),(2,15,NULL,'暂停思考',12,20.40,'2025-12-11 09:08:56'),(3,15,NULL,'记录笔记',8,13.60,'2025-12-11 09:08:56'),(4,15,NULL,'快进跳跃',6,10.20,'2025-12-11 09:08:56'),(5,15,NULL,'回看复习',5,8.50,'2025-12-11 09:08:56'),(6,15,NULL,'加速播放',4,6.80,'2025-12-11 09:08:56'),(7,15,NULL,'添加书签',3,5.10,'2025-12-11 09:08:56'),(8,15,NULL,'参与讨论',3,5.10,'2025-12-11 09:08:56'),(9,15,NULL,'提出问题',2,3.40,'2025-12-11 09:08:56'),(10,15,NULL,'重复播放',1,1.70,'2025-12-11 09:08:56'),(11,15,NULL,'注意力分散',8,13.60,'2025-12-11 09:08:56'),(12,15,NULL,'重新专注',7,11.90,'2025-12-11 09:08:56'),(13,15,NULL,'章节完成',2,3.40,'2025-12-11 09:08:56'),(14,15,NULL,'尝试测验',1,1.70,'2025-12-11 09:08:56'),(15,15,NULL,'下载资源',1,1.70,'2025-12-11 09:08:56'),(16,15,NULL,'开始学习',15,25.50,'2025-12-11 09:09:34'),(17,15,NULL,'暂停思考',12,20.40,'2025-12-11 09:09:34'),(18,15,NULL,'记录笔记',8,13.60,'2025-12-11 09:09:34'),(19,15,NULL,'快进跳跃',6,10.20,'2025-12-11 09:09:34'),(20,15,NULL,'回看复习',5,8.50,'2025-12-11 09:09:34'),(21,15,NULL,'加速播放',4,6.80,'2025-12-11 09:09:34'),(22,15,NULL,'添加书签',3,5.10,'2025-12-11 09:09:34'),(23,15,NULL,'参与讨论',3,5.10,'2025-12-11 09:09:34'),(24,15,NULL,'提出问题',2,3.40,'2025-12-11 09:09:34'),(25,15,NULL,'重复播放',1,1.70,'2025-12-11 09:09:34'),(26,15,NULL,'注意力分散',8,13.60,'2025-12-11 09:09:34'),(27,15,NULL,'重新专注',7,11.90,'2025-12-11 09:09:34'),(28,15,NULL,'章节完成',2,3.40,'2025-12-11 09:09:34'),(29,15,NULL,'尝试测验',1,1.70,'2025-12-11 09:09:34'),(30,15,NULL,'下载资源',1,1.70,'2025-12-11 09:09:34'),(31,15,NULL,'开始学习',25,25.50,'2025-12-11 09:20:24'),(32,15,NULL,'暂停思考',20,20.40,'2025-12-11 09:20:24'),(33,15,NULL,'记录笔记',15,15.30,'2025-12-11 09:20:24'),(34,15,NULL,'快进跳跃',12,12.20,'2025-12-11 09:20:24'),(35,15,NULL,'回看复习',10,10.20,'2025-12-11 09:20:24'),(36,15,NULL,'加速播放',8,8.20,'2025-12-11 09:20:24'),(37,15,NULL,'添加书签',6,6.10,'2025-12-11 09:20:24'),(38,15,NULL,'参与讨论',5,5.10,'2025-12-11 09:20:24'),(39,15,NULL,'提出问题',4,4.10,'2025-12-11 09:20:24'),(40,15,NULL,'重复播放',3,3.10,'2025-12-11 09:20:24'),(41,15,NULL,'注意力分散',12,12.20,'2025-12-11 09:20:24'),(42,15,NULL,'重新专注',10,10.20,'2025-12-11 09:20:24'),(43,15,NULL,'章节完成',8,8.20,'2025-12-11 09:20:24'),(44,15,NULL,'尝试测验',3,3.10,'2025-12-11 09:20:24'),(45,15,NULL,'下载资源',2,2.00,'2025-12-11 09:20:24'),(46,1,NULL,'开始学习',25,30.50,'2025-12-11 12:14:28'),(47,1,NULL,'暂停思考',20,24.40,'2025-12-11 12:14:28'),(48,1,NULL,'记录笔记',15,18.30,'2025-12-11 12:14:28'),(49,1,NULL,'快进跳跃',12,14.60,'2025-12-11 12:14:28'),(50,1,NULL,'回看复习',10,12.20,'2025-12-11 12:14:28'),(51,1,NULL,'重复播放',8,9.80,'2025-12-11 12:14:28'),(52,1,NULL,'参与讨论',6,7.30,'2025-12-11 12:14:28'),(53,1,NULL,'添加书签',4,4.90,'2025-12-11 12:14:28'),(54,1,1,'Java基础学习',18,35.30,'2025-12-11 12:14:28'),(55,1,1,'代码练习',15,29.40,'2025-12-11 12:14:28'),(56,1,1,'调试程序',10,19.60,'2025-12-11 12:14:28'),(57,1,1,'查看文档',8,15.70,'2025-12-11 12:14:28'),(58,15,17,'注意力分散',47,5.77,'2025-12-11 13:51:02'),(59,15,17,'添加书签',59,7.25,'2025-12-11 13:51:02'),(60,15,17,'加速播放',44,5.41,'2025-12-11 13:51:02'),(61,15,17,'回看复习',48,5.90,'2025-12-11 13:51:02'),(62,15,17,'章节完成',56,6.88,'2025-12-11 13:51:02'),(63,15,17,'参与讨论',51,6.27,'2025-12-11 13:51:02'),(64,15,17,'提出问题',58,7.13,'2025-12-11 13:51:02'),(65,15,17,'记录笔记',49,6.02,'2025-12-11 13:51:02'),(66,15,17,'重新专注',61,7.49,'2025-12-11 13:51:02'),(67,15,17,'重复播放',52,6.39,'2025-12-11 13:51:02'),(68,15,17,'尝试测验',55,6.76,'2025-12-11 13:51:02'),(69,15,17,'快进跳跃',50,6.14,'2025-12-11 13:51:02'),(70,15,17,'下载资源',40,4.91,'2025-12-11 13:51:02'),(71,15,17,'开始学习',44,5.41,'2025-12-11 13:51:02'),(72,15,17,'减速细听',52,6.39,'2025-12-11 13:51:02'),(73,15,17,'暂停思考',48,5.90,'2025-12-11 13:51:02'),(74,15,18,'参与讨论',22,3.76,'2025-12-11 13:51:02'),(75,15,18,'开始学习',41,7.01,'2025-12-11 13:51:02'),(76,15,18,'添加书签',38,6.50,'2025-12-11 13:51:02'),(77,15,18,'提出问题',37,6.32,'2025-12-11 13:51:02'),(78,15,18,'重复播放',32,5.47,'2025-12-11 13:51:02'),(79,15,18,'重新专注',44,7.52,'2025-12-11 13:51:02'),(80,15,18,'记录笔记',45,7.69,'2025-12-11 13:51:02'),(81,15,18,'暂停思考',48,8.21,'2025-12-11 13:51:02'),(82,15,18,'快进跳跃',39,6.67,'2025-12-11 13:51:02'),(83,15,18,'章节完成',41,7.01,'2025-12-11 13:51:02'),(84,15,18,'注意力分散',37,6.32,'2025-12-11 13:51:02'),(85,15,18,'回看复习',31,5.30,'2025-12-11 13:51:02'),(86,15,18,'减速细听',29,4.96,'2025-12-11 13:51:02'),(87,15,18,'加速播放',34,5.81,'2025-12-11 13:51:02'),(88,15,18,'下载资源',38,6.50,'2025-12-11 13:51:02'),(89,15,18,'尝试测验',29,4.96,'2025-12-11 13:51:02'),(90,15,19,'快进跳跃',34,5.92,'2025-12-11 13:51:02'),(91,15,19,'重新专注',42,7.32,'2025-12-11 13:51:02'),(92,15,19,'注意力分散',33,5.75,'2025-12-11 13:51:02'),(93,15,19,'记录笔记',41,7.14,'2025-12-11 13:51:02'),(94,15,19,'暂停思考',33,5.75,'2025-12-11 13:51:02'),(95,15,19,'章节完成',30,5.23,'2025-12-11 13:51:02'),(96,15,19,'下载资源',28,4.88,'2025-12-11 13:51:02'),(97,15,19,'添加书签',42,7.32,'2025-12-11 13:51:02'),(98,15,19,'提出问题',36,6.27,'2025-12-11 13:51:02'),(99,15,19,'重复播放',32,5.57,'2025-12-11 13:51:02'),(100,15,19,'减速细听',41,7.14,'2025-12-11 13:51:02'),(101,15,19,'参与讨论',32,5.57,'2025-12-11 13:51:02'),(102,15,19,'尝试测验',43,7.49,'2025-12-11 13:51:02'),(103,15,19,'加速播放',41,7.14,'2025-12-11 13:51:02'),(104,15,19,'开始学习',27,4.70,'2025-12-11 13:51:02'),(105,15,19,'回看复习',39,6.79,'2025-12-11 13:51:02'),(106,15,20,'下载资源',42,6.34,'2025-12-11 13:51:02'),(107,15,20,'记录笔记',30,4.53,'2025-12-11 13:51:02'),(108,15,20,'尝试测验',54,8.16,'2025-12-11 13:51:02'),(109,15,20,'减速细听',54,8.16,'2025-12-11 13:51:02'),(110,15,20,'注意力分散',33,4.98,'2025-12-11 13:51:02'),(111,15,20,'加速播放',44,6.65,'2025-12-11 13:51:02'),(112,15,20,'回看复习',38,5.74,'2025-12-11 13:51:02'),(113,15,20,'章节完成',42,6.34,'2025-12-11 13:51:02'),(114,15,20,'重复播放',44,6.65,'2025-12-11 13:51:02'),(115,15,20,'开始学习',49,7.40,'2025-12-11 13:51:02'),(116,15,20,'快进跳跃',40,6.04,'2025-12-11 13:51:02'),(117,15,20,'重新专注',36,5.44,'2025-12-11 13:51:02'),(118,15,20,'添加书签',41,6.19,'2025-12-11 13:51:02'),(119,15,20,'参与讨论',36,5.44,'2025-12-11 13:51:02'),(120,15,20,'提出问题',38,5.74,'2025-12-11 13:51:02'),(121,15,20,'暂停思考',41,6.19,'2025-12-11 13:51:02'),(122,15,21,'注意力分散',29,5.35,'2025-12-11 13:51:02'),(123,15,21,'章节完成',37,6.83,'2025-12-11 13:51:02'),(124,15,21,'开始学习',32,5.90,'2025-12-11 13:51:02'),(125,15,21,'重复播放',25,4.61,'2025-12-11 13:51:02'),(126,15,21,'添加书签',33,6.09,'2025-12-11 13:51:02'),(127,15,21,'加速播放',32,5.90,'2025-12-11 13:51:02'),(128,15,21,'回看复习',40,7.38,'2025-12-11 13:51:02'),(129,15,21,'快进跳跃',28,5.17,'2025-12-11 13:51:02'),(130,15,21,'尝试测验',37,6.83,'2025-12-11 13:51:02'),(131,15,21,'记录笔记',36,6.64,'2025-12-11 13:51:02'),(132,15,21,'重新专注',37,6.83,'2025-12-11 13:51:02'),(133,15,21,'暂停思考',29,5.35,'2025-12-11 13:51:02'),(134,15,21,'减速细听',34,6.27,'2025-12-11 13:51:02'),(135,15,21,'参与讨论',40,7.38,'2025-12-11 13:51:02'),(136,15,21,'提出问题',31,5.72,'2025-12-11 13:51:02'),(137,15,21,'下载资源',42,7.75,'2025-12-11 13:51:02'),(185,15,NULL,'注意力分散',179,5.63,'2025-12-11 13:51:03'),(186,15,NULL,'添加书签',213,6.70,'2025-12-11 13:51:03'),(187,15,NULL,'加速播放',195,6.14,'2025-12-11 13:51:03'),(188,15,NULL,'回看复习',196,6.17,'2025-12-11 13:51:03'),(189,15,NULL,'章节完成',206,6.48,'2025-12-11 13:51:03'),(190,15,NULL,'参与讨论',181,5.70,'2025-12-11 13:51:03'),(191,15,NULL,'提出问题',200,6.30,'2025-12-11 13:51:03'),(192,15,NULL,'记录笔记',201,6.33,'2025-12-11 13:51:03'),(193,15,NULL,'重新专注',220,6.92,'2025-12-11 13:51:03'),(194,15,NULL,'重复播放',185,5.82,'2025-12-11 13:51:03'),(195,15,NULL,'尝试测验',218,6.86,'2025-12-11 13:51:03'),(196,15,NULL,'快进跳跃',191,6.01,'2025-12-11 13:51:03'),(197,15,NULL,'下载资源',190,5.98,'2025-12-11 13:51:03'),(198,15,NULL,'开始学习',193,6.07,'2025-12-11 13:51:03'),(199,15,NULL,'减速细听',210,6.61,'2025-12-11 13:51:03'),(200,15,NULL,'暂停思考',199,6.26,'2025-12-11 13:51:03');
/*!40000 ALTER TABLE `behavior_statistics` ENABLE KEYS */;

--
-- Table structure for table `chapter_progress`
--

DROP TABLE IF EXISTS `chapter_progress`;
/*!40101 SET @saved_cs_client     = @@character_set_client */;
/*!50503 SET character_set_client = utf8mb4 */;
CREATE TABLE `chapter_progress` (
  `id` int NOT NULL AUTO_INCREMENT,
  `user_id` int NOT NULL,
  `chapter_id` int NOT NULL,
  `progress_rate` decimal(5,2) DEFAULT '0.00' COMMENT '章节进度(%)',
  `completed_videos` int DEFAULT '0' COMMENT '已观看视频数',
  `total_videos` int DEFAULT '0' COMMENT '总视频数',
  `last_watched_at` timestamp NULL DEFAULT NULL COMMENT '最后观看时间',
  `created_at` timestamp NULL DEFAULT CURRENT_TIMESTAMP,
  `updated_at` timestamp NULL DEFAULT CURRENT_TIMESTAMP ON UPDATE CURRENT_TIMESTAMP,
  PRIMARY KEY (`id`),
  UNIQUE KEY `unique_user_chapter` (`user_id`,`chapter_id`),
  KEY `idx_user` (`user_id`),
  KEY `idx_chapter` (`chapter_id`),
  KEY `idx_progress` (`progress_rate`),
  CONSTRAINT `fk_chapter_progress_chapter` FOREIGN KEY (`chapter_id`) REFERENCES `course_chapter` (`chapter_id`) ON DELETE CASCADE,
  CONSTRAINT `fk_chapter_progress_user` FOREIGN KEY (`user_id`) REFERENCES `user` (`user_id`) ON DELETE CASCADE
) ENGINE=InnoDB AUTO_INCREMENT=11 DEFAULT CHARSET=utf8mb4 COLLATE=utf8mb4_unicode_ci COMMENT='章节学习进度表';
/*!40101 SET character_set_client = @saved_cs_client */;

--
-- Dumping data for table `chapter_progress`
--

/*!40000 ALTER TABLE `chapter_progress` DISABLE KEYS */;
INSERT INTO `chapter_progress` VALUES (1,14,9,100.00,2,2,'2025-12-15 02:30:00','2025-12-15 02:00:00','2025-12-15 02:30:00'),(2,14,10,100.00,2,2,'2025-12-16 07:00:00','2025-12-16 06:00:00','2025-12-16 07:00:00'),(3,14,11,80.00,1,1,'2025-12-17 01:30:00','2025-12-17 01:00:00','2025-12-17 01:30:00'),(4,14,12,100.00,1,1,'2025-12-18 09:00:00','2025-12-18 08:30:00','2025-12-18 09:00:00'),(5,101,9,100.00,2,2,'2025-12-18 02:30:00','2025-12-18 02:00:00','2025-12-18 02:30:00'),(6,102,10,75.00,1,2,'2025-12-19 06:30:00','2025-12-19 06:00:00','2025-12-19 06:30:00'),(7,103,11,60.00,1,1,'2025-12-20 01:20:00','2025-12-20 01:00:00','2025-12-20 01:20:00'),(8,104,9,50.00,1,2,'2025-12-20 07:00:00','2025-12-20 06:30:00','2025-12-20 07:00:00'),(9,105,12,100.00,1,1,'2025-12-21 03:30:00','2025-12-21 03:00:00','2025-12-21 03:30:00');
/*!40000 ALTER TABLE `chapter_progress` ENABLE KEYS */;

--
-- Table structure for table `comment_like`
--

DROP TABLE IF EXISTS `comment_like`;
/*!40101 SET @saved_cs_client     = @@character_set_client */;
/*!50503 SET character_set_client = utf8mb4 */;
CREATE TABLE `comment_like` (
  `like_id` int NOT NULL AUTO_INCREMENT,
  `comment_id` int NOT NULL,
  `user_id` int NOT NULL,
  `create_time` datetime NOT NULL DEFAULT CURRENT_TIMESTAMP,
  PRIMARY KEY (`like_id`),
  UNIQUE KEY `unique_comment_user` (`comment_id`,`user_id`),
  KEY `idx_user` (`user_id`),
  CONSTRAINT `comment_like_ibfk_1` FOREIGN KEY (`comment_id`) REFERENCES `post_comment` (`comment_id`) ON DELETE CASCADE,
  CONSTRAINT `comment_like_ibfk_2` FOREIGN KEY (`user_id`) REFERENCES `user` (`user_id`) ON DELETE CASCADE
) ENGINE=InnoDB AUTO_INCREMENT=8 DEFAULT CHARSET=utf8mb4 COLLATE=utf8mb4_unicode_ci COMMENT='评论点赞表';
/*!40101 SET character_set_client = @saved_cs_client */;

--
-- Dumping data for table `comment_like`
--

/*!40000 ALTER TABLE `comment_like` DISABLE KEYS */;
INSERT INTO `comment_like` VALUES (6,35,14,'2025-12-20 21:22:10');
/*!40000 ALTER TABLE `comment_like` ENABLE KEYS */;

--
-- Table structure for table `community_message`
--

DROP TABLE IF EXISTS `community_message`;
/*!40101 SET @saved_cs_client     = @@character_set_client */;
/*!50503 SET character_set_client = utf8mb4 */;
CREATE TABLE `community_message` (
  `message_id` int NOT NULL AUTO_INCREMENT,
  `sender_id` int NOT NULL,
  `receiver_id` int DEFAULT NULL,
  `team_id` int DEFAULT NULL,
  `room_id` int DEFAULT NULL,
  `message_type` enum('private','team','room','system') CHARACTER SET utf8mb4 COLLATE utf8mb4_unicode_ci DEFAULT 'private',
  `content` text CHARACTER SET utf8mb4 COLLATE utf8mb4_unicode_ci NOT NULL,
  `is_read` tinyint DEFAULT '0',
  `create_time` datetime DEFAULT CURRENT_TIMESTAMP,
  PRIMARY KEY (`message_id`),
  KEY `idx_sender` (`sender_id`),
  KEY `idx_receiver` (`receiver_id`),
  KEY `idx_team` (`team_id`),
  KEY `idx_room` (`room_id`),
  KEY `idx_create_time` (`create_time`),
  CONSTRAINT `community_message_ibfk_1` FOREIGN KEY (`sender_id`) REFERENCES `user` (`user_id`) ON DELETE CASCADE,
  CONSTRAINT `community_message_ibfk_2` FOREIGN KEY (`receiver_id`) REFERENCES `user` (`user_id`) ON DELETE CASCADE,
  CONSTRAINT `community_message_ibfk_3` FOREIGN KEY (`team_id`) REFERENCES `study_team` (`team_id`) ON DELETE CASCADE,
  CONSTRAINT `community_message_ibfk_4` FOREIGN KEY (`room_id`) REFERENCES `study_room` (`room_id`) ON DELETE CASCADE
) ENGINE=InnoDB AUTO_INCREMENT=91 DEFAULT CHARSET=utf8mb4 COLLATE=utf8mb4_unicode_ci;
/*!40101 SET character_set_client = @saved_cs_client */;

--
-- Dumping data for table `community_message`
--

/*!40000 ALTER TABLE `community_message` DISABLE KEYS */;
INSERT INTO `community_message` VALUES (49,6,NULL,10,NULL,'team','欢迎加入Python数据分析小组！',0,'2025-12-01 10:05:00'),(50,101,NULL,10,NULL,'team','谢谢组长！我是新手，请多指教',0,'2025-12-01 12:10:00'),(51,6,NULL,10,NULL,'team','pandas的DataFrame很重要，建议先从这里开始',0,'2025-12-02 09:00:00'),(52,101,NULL,10,NULL,'team','好的，我今天学习了数据读取，read_csv很方便',0,'2025-12-02 18:00:00'),(53,6,NULL,10,NULL,'team','不错！明天可以学习数据清洗',0,'2025-12-02 18:30:00'),(54,101,NULL,10,NULL,'team','遇到一个问题，缺失值怎么处理比较好？',0,'2025-12-03 10:00:00'),(55,6,NULL,10,NULL,'team','可以用fillna()填充或者dropna()删除，看具体情况',0,'2025-12-03 10:15:00'),(56,7,NULL,11,NULL,'team','React Hooks学习小组开始啦！',0,'2025-12-02 14:35:00'),(57,102,NULL,11,NULL,'team','终于找到组织了，一直想学Hooks',0,'2025-12-02 16:10:00'),(58,7,NULL,11,NULL,'team','useState是最基础的，先从这个开始',0,'2025-12-03 09:00:00'),(59,102,NULL,11,NULL,'team','useEffect的依赖数组有点难理解',0,'2025-12-03 15:00:00'),(60,7,NULL,11,NULL,'team','空数组只执行一次，有依赖就监听变化',0,'2025-12-03 15:20:00'),(61,102,NULL,11,NULL,'team','明白了！今天写了个计数器demo',0,'2025-12-04 18:00:00'),(62,8,NULL,12,NULL,'team','数据库学习组成立！SQL从零开始',0,'2025-12-03 09:05:00'),(63,103,NULL,12,NULL,'team','正好要学数据库，太及时了',0,'2025-12-03 10:35:00'),(64,8,NULL,12,NULL,'team','先学SELECT查询，这是最常用的',0,'2025-12-04 09:00:00'),(65,103,NULL,12,NULL,'team','WHERE条件筛选学会了，挺简单的',0,'2025-12-04 16:00:00'),(66,8,NULL,12,NULL,'team','JOIN多表联查是重点，要多练习',0,'2025-12-05 10:00:00'),(67,103,NULL,12,NULL,'team','LEFT JOIN和INNER JOIN的区别搞懂了',0,'2025-12-05 20:00:00'),(68,9,NULL,13,NULL,'team','算法刷题小组！每日一题，坚持打卡',0,'2025-12-04 20:05:00'),(69,104,NULL,13,NULL,'team','一起刷题！我刚开始刷LeetCode',0,'2025-12-04 21:10:00'),(70,9,NULL,13,NULL,'team','今天刷了两数之和，用哈希表O(n)解决',0,'2025-12-05 21:00:00'),(71,104,NULL,13,NULL,'team','我用的暴力解法，时间复杂度太高了',0,'2025-12-05 21:30:00'),(72,9,NULL,13,NULL,'team','哈希表是常用技巧，空间换时间',0,'2025-12-05 21:45:00'),(73,104,NULL,13,NULL,'team','二分查找的边界条件好难处理',0,'2025-12-06 22:00:00'),(74,9,NULL,13,NULL,'team','记住左闭右闭或左闭右开的模板就行',0,'2025-12-06 22:15:00'),(75,10,NULL,14,NULL,'team','TypeScript学习开始！类型安全很重要',0,'2025-12-05 14:05:00'),(76,105,NULL,14,NULL,'team','之前写JS总是类型报错，想学TS',0,'2025-12-05 14:10:00'),(77,10,NULL,14,NULL,'team','先学基础类型：string、number、boolean',0,'2025-12-06 09:00:00'),(78,105,NULL,14,NULL,'team','数组类型怎么定义？',0,'2025-12-06 14:00:00'),(79,10,NULL,14,NULL,'team','number[] 或者 Array<number> 都可以',0,'2025-12-06 14:15:00'),(80,105,NULL,14,NULL,'team','interface和type有什么区别？',0,'2025-12-07 10:00:00'),(81,10,NULL,14,NULL,'team','interface可以继承和声明合并，type更灵活',0,'2025-12-07 10:20:00'),(82,14,NULL,15,NULL,'team','计算机网络学习组！一起啃硬骨头',0,'2025-12-06 08:05:00'),(83,106,NULL,15,NULL,'team','网络知识太重要了，面试必考',0,'2025-12-06 10:10:00'),(84,14,NULL,15,NULL,'team','先从OSI七层模型开始理解',0,'2025-12-07 09:00:00'),(85,106,NULL,15,NULL,'team','物理层、数据链路层、网络层...记住了',0,'2025-12-07 15:00:00'),(86,14,NULL,15,NULL,'team','TCP三次握手是重点，要理解为什么是三次',0,'2025-12-08 10:00:00'),(87,106,NULL,15,NULL,'team','为了确认双方的收发能力都正常！',0,'2025-12-08 10:30:00'),(88,14,NULL,15,NULL,'team','对！四次挥手也要掌握',0,'2025-12-08 10:45:00'),(90,120,NULL,9,NULL,'team','你好！我们一起努力！',0,'2025-12-22 23:53:48');
/*!40000 ALTER TABLE `community_message` ENABLE KEYS */;

--
-- Table structure for table `community_post`
--

DROP TABLE IF EXISTS `community_post`;
/*!40101 SET @saved_cs_client     = @@character_set_client */;
/*!50503 SET character_set_client = utf8mb4 */;
CREATE TABLE `community_post` (
  `post_id` int NOT NULL AUTO_INCREMENT,
  `title` varchar(200) CHARACTER SET utf8mb4 COLLATE utf8mb4_unicode_ci NOT NULL,
  `content` text CHARACTER SET utf8mb4 COLLATE utf8mb4_unicode_ci NOT NULL,
  `author_id` int NOT NULL COMMENT '作者ID，关联user表',
  `category` enum('discussion','question','help') CHARACTER SET utf8mb4 COLLATE utf8mb4_unicode_ci NOT NULL DEFAULT 'discussion' COMMENT 'discussion:公共讨论区 question:名师答疑 help:互助学习',
  `course_id` int DEFAULT NULL COMMENT '关联课程ID',
  `teacher_id` int DEFAULT NULL COMMENT '关联教师ID（仅用于名师答疑）',
  `status` enum('open','closed','solved') CHARACTER SET utf8mb4 COLLATE utf8mb4_unicode_ci NOT NULL DEFAULT 'open' COMMENT 'open:待解决 closed:已关闭 solved:已解决',
  `likes_count` int NOT NULL DEFAULT '0' COMMENT '点赞数',
  `favorites_count` int NOT NULL DEFAULT '0' COMMENT '收藏数',
  `comments_count` int NOT NULL DEFAULT '0' COMMENT '评论数',
  `views_count` int NOT NULL DEFAULT '0' COMMENT '浏览数',
  `is_pinned` tinyint NOT NULL DEFAULT '0' COMMENT '是否置顶',
  `is_highlight` tinyint NOT NULL DEFAULT '0' COMMENT '是否精华帖',
  `tags` json DEFAULT NULL COMMENT '标签数组',
  `solved_comment_id` int DEFAULT NULL COMMENT '采纳的评论ID（用于互助学习和名师答疑）',
  `create_time` datetime NOT NULL DEFAULT CURRENT_TIMESTAMP,
  `update_time` datetime NOT NULL DEFAULT CURRENT_TIMESTAMP ON UPDATE CURRENT_TIMESTAMP,
  `deleted_time` datetime DEFAULT NULL COMMENT '软删除时间',
  PRIMARY KEY (`post_id`),
  KEY `idx_author` (`author_id`),
  KEY `idx_category` (`category`),
  KEY `idx_status` (`category`,`status`),
  KEY `idx_course` (`course_id`),
  KEY `idx_teacher` (`teacher_id`),
  KEY `idx_create_time` (`create_time`),
  KEY `idx_views` (`views_count`),
  CONSTRAINT `community_post_ibfk_1` FOREIGN KEY (`author_id`) REFERENCES `user` (`user_id`) ON DELETE CASCADE,
  CONSTRAINT `community_post_ibfk_2` FOREIGN KEY (`course_id`) REFERENCES `course` (`course_id`) ON DELETE SET NULL,
  CONSTRAINT `community_post_ibfk_3` FOREIGN KEY (`teacher_id`) REFERENCES `user` (`user_id`) ON DELETE SET NULL
) ENGINE=InnoDB AUTO_INCREMENT=24 DEFAULT CHARSET=utf8mb4 COLLATE=utf8mb4_unicode_ci COMMENT='社区帖子表';
/*!40101 SET character_set_client = @saved_cs_client */;

--
-- Dumping data for table `community_post`
--

/*!40000 ALTER TABLE `community_post` DISABLE KEYS */;
INSERT INTO `community_post` VALUES (1,'欢迎来到公共讨论区','这里是公共讨论区，欢迎大家交流学习心得！',1,'discussion',NULL,NULL,'open',1,0,1,0,0,0,'[\"欢迎\", \"讨论\"]',NULL,'2025-12-16 16:47:53','2025-12-20 21:57:20',NULL),(2,'JavaScript学习疑问','请问JavaScript中的闭包是什么？',2,'question',NULL,NULL,'open',1,0,2,0,0,0,'[\"JavaScript\", \"闭包\"]',NULL,'2025-12-16 16:47:53','2025-12-20 20:30:46',NULL),(3,'需要Python学习伙伴','寻找一起学习Python的小伙伴，互相督促！',3,'help',NULL,NULL,'open',0,0,0,0,0,0,'[\"Python\", \"学习伙伴\"]',NULL,'2025-12-16 16:47:53','2025-12-20 21:21:56',NULL),(4,'Vue3新特性讨论','大家觉得Vue3的Composition API好用吗？',1,'discussion',NULL,NULL,'open',1,1,0,0,0,0,'[\"Vue3\", \"前端\"]',NULL,'2025-12-16 16:47:53','2025-12-22 23:42:18',NULL),(5,'关于算法复杂度问题','如何计算递归算法的时间复杂度？',4,'question',NULL,NULL,'open',0,0,0,0,0,0,'[\"算法\", \"复杂度\"]',NULL,'2025-12-16 16:47:53','2025-12-16 16:47:53',NULL),(6,'111','111',14,'discussion',NULL,NULL,'open',0,0,0,0,0,0,'[\"python\", \"java\"]',NULL,'2025-12-16 17:54:32','2025-12-16 18:01:51','2025-12-16 18:01:51'),(7,'111','111',14,'question',NULL,5,'open',0,0,0,0,0,0,'[\"111\"]',NULL,'2025-12-16 17:54:45','2025-12-16 18:02:36','2025-12-16 18:02:36'),(8,'q1','11',14,'discussion',NULL,NULL,'open',0,0,0,0,0,0,'[\"111\"]',NULL,'2025-12-16 17:57:09','2025-12-16 18:01:55','2025-12-16 18:01:55'),(9,'11','11',14,'discussion',NULL,NULL,'open',0,0,0,0,0,0,'[\"11\"]',NULL,'2025-12-16 17:58:09','2025-12-16 18:02:00','2025-12-16 18:02:00'),(10,'11111','11',14,'discussion',NULL,NULL,'open',0,0,0,0,0,0,'[\"11\"]',NULL,'2025-12-16 18:01:44','2025-12-16 18:02:10','2025-12-16 18:02:10'),(11,'111','111',14,'question',NULL,1,'open',0,0,0,0,0,0,'[\"11\"]',NULL,'2025-12-16 18:02:50','2025-12-16 18:03:02','2025-12-16 18:03:02'),(12,'111','111',14,'discussion',NULL,NULL,'open',0,0,0,0,0,0,'[\"111\"]',NULL,'2025-12-16 18:03:11','2025-12-16 18:03:39','2025-12-16 18:03:39'),(13,'test','123456',14,'question',NULL,15,'open',1,0,5,0,0,0,'[\"1\"]',NULL,'2025-12-16 22:53:03','2025-12-16 22:53:54','2025-12-16 22:53:54'),(14,'test','111',14,'help',NULL,NULL,'open',0,0,0,0,0,0,'[\"111\"]',NULL,'2025-12-16 22:54:41','2025-12-16 22:54:45','2025-12-16 22:54:45'),(15,'1','111',14,'question',NULL,5,'solved',1,0,0,0,0,0,'[\"1\"]',28,'2025-12-17 00:38:06','2025-12-20 20:01:00','2025-12-20 20:01:00'),(16,'test','111',14,'question',NULL,4,'solved',1,0,1,0,0,0,'[\"111\"]',27,'2025-12-17 10:05:40','2025-12-20 18:51:22','2025-12-20 18:51:22'),(17,'四级听力快速提分技巧分享','经过这个课程的学习，我总结了一些听力提分技巧：1. 预读选项 2. 抓住关键词 3. 注意转折词...',14,'discussion',3,NULL,'open',15,8,23,150,0,0,'[\"四级\", \"听力\", \"技巧\"]',NULL,'2025-12-15 11:00:00','2025-12-15 11:00:00',NULL),(18,'关于连读和弱读的疑问','在听短对话时经常遇到连读，有没有系统的连读规则总结？',14,'question',3,NULL,'solved',8,3,12,80,0,0,'[\"连读\", \"发音\", \"疑问\"]',NULL,'2025-12-16 15:30:00','2025-12-22 23:51:14','2025-12-22 23:51:14'),(19,'寻找四级听力学习伙伴','想找一位同学一起练习四级听力，互相监督，每天打卡！',14,'help',3,NULL,'open',5,2,7,60,0,0,'[\"学习伙伴\", \"打卡\", \"互助\"]',NULL,'2025-12-17 10:30:00','2025-12-17 10:30:00',NULL),(20,'四级听力真题难度分析','对比了近5年的真题，发现听力难度有逐渐增加的趋势...',101,'discussion',3,NULL,'open',12,6,18,120,0,0,'[\"真题\", \"难度\", \"分析\"]',NULL,'2025-12-18 11:00:00','2025-12-18 11:00:00',NULL),(21,'如何提高长对话的理解速度？','长对话信息量大，经常来不及反应，求提高方法！',102,'question',3,NULL,'open',6,2,9,70,0,0,'[\"长对话\", \"理解速度\", \"方法\"]',NULL,'2025-12-19 14:30:00','2025-12-19 14:30:00',NULL),(22,'英语学习心得分享','1.分享一个技巧：虚拟语气通常会有would/could/should + have done的结构，听到这种结构就要注意是虚拟了！ 2.对于语法基础比较差的同学，建议先从句子结构开始学起，然后再学习具体的语法点，这样听力理解会更有逻辑性。 3.推荐大家重点关注以下几点语法：1) 条件状语从句 2) 宾语从句 3) 定语从句。这些在听力中出现的频率很高，建议先掌握这些语法的书面形式，再结合听力练习。',14,'discussion',3,NULL,'open',1,1,0,0,0,0,NULL,NULL,'2025-12-22 23:47:08','2025-12-22 23:47:24','2025-12-22 23:47:24'),(23,'关于英语倒装句的疑惑','刚刚做了一套真题，倒装句完全没听出来。有没有什么技巧可以快速判断是否是倒装句？',14,'question',3,15,'open',0,0,0,0,0,0,NULL,NULL,'2025-12-22 23:50:46','2025-12-22 23:50:46',NULL);
/*!40000 ALTER TABLE `community_post` ENABLE KEYS */;

--
-- Table structure for table `course`
--

DROP TABLE IF EXISTS `course`;
/*!40101 SET @saved_cs_client     = @@character_set_client */;
/*!50503 SET character_set_client = utf8mb4 */;
CREATE TABLE `course` (
  `course_id` int NOT NULL AUTO_INCREMENT,
  `course_name` varchar(100) CHARACTER SET utf8mb4 COLLATE utf8mb4_unicode_ci NOT NULL,
  `course_desc` text CHARACTER SET utf8mb4 COLLATE utf8mb4_unicode_ci,
  `cover_img` varchar(255) CHARACTER SET utf8mb4 COLLATE utf8mb4_unicode_ci DEFAULT NULL,
  `category_id` int DEFAULT NULL,
  `teacher_user_id` int NOT NULL,
  `difficulty_level` enum('beginner','intermediate','advanced') CHARACTER SET utf8mb4 COLLATE utf8mb4_unicode_ci DEFAULT NULL,
  `course_duration` int DEFAULT '0',
  `is_online` tinyint DEFAULT '0',
  `created_time` datetime DEFAULT CURRENT_TIMESTAMP,
  `updated_time` datetime DEFAULT CURRENT_TIMESTAMP ON UPDATE CURRENT_TIMESTAMP,
  `student_count` int DEFAULT '0' COMMENT '学生人数',
  `rating` decimal(3,1) DEFAULT '0.0' COMMENT '课程评分',
  `rating_count` int DEFAULT '0' COMMENT '评分人数',
  `created_at` timestamp NULL DEFAULT CURRENT_TIMESTAMP,
  `updated_at` timestamp NULL DEFAULT CURRENT_TIMESTAMP ON UPDATE CURRENT_TIMESTAMP,
  `course_overview` text CHARACTER SET utf8mb4 COLLATE utf8mb4_unicode_ci COMMENT '课程概述',
  `learning_objectives` json DEFAULT NULL COMMENT '学习目标列表',
  `course_features` json DEFAULT NULL COMMENT '课程特色列表',
  PRIMARY KEY (`course_id`),
  KEY `idx_category` (`category_id`),
  KEY `idx_teacher` (`teacher_user_id`),
  KEY `idx_difficulty` (`difficulty_level`),
  CONSTRAINT `course_ibfk_1` FOREIGN KEY (`category_id`) REFERENCES `course_category` (`category_id`),
  CONSTRAINT `course_ibfk_2` FOREIGN KEY (`teacher_user_id`) REFERENCES `user` (`user_id`)
) ENGINE=InnoDB AUTO_INCREMENT=22 DEFAULT CHARSET=utf8mb4 COLLATE=utf8mb4_unicode_ci;
/*!40101 SET character_set_client = @saved_cs_client */;

--
-- Dumping data for table `course`
--

/*!40000 ALTER TABLE `course` DISABLE KEYS */;
INSERT INTO `course` VALUES (1,'2026版AI新课 - Java入门到大神','从零基础到高级应用，全面掌握Java编程与AI技术结合。包含AI应用开发、算法实现和实战项目。','https://wuyingyunshang.oss-cn-shanghai.aliyuncs.com/mzcourse/%E5%B0%81%E9%9D%A2/Java%E5%85%A5%E9%97%A8%E5%88%B0%E5%A4%A7%E7%A5%9E.jpg',3,1,'beginner',7200,1,'2025-11-30 13:52:00','2025-12-12 16:07:37',0,4.7,3,'2025-11-29 21:52:00','2025-12-12 08:07:37','2026年最新版Java课程，结合人工智能技术，从基础语法到AI应用开发，帮助学员掌握Java编程的同时了解AI技术在实际项目中的应用。','[\"掌握Java基础语法和面向对象编程\", \"学习Java高级特性和框架应用\", \"了解AI算法在Java中的实现\", \"完成AI+Java实战项目\", \"掌握现代Java开发工具和技术栈\"]','[{\"icon\": \"fas fa-robot\", \"title\": \"AI技术融合\", \"description\": \"将人工智能技术与Java开发完美结合\"}, {\"icon\": \"fas fa-project-diagram\", \"title\": \"实战项目\", \"description\": \"通过真实AI项目提升编程能力\"}, {\"icon\": \"fas fa-rocket\", \"title\": \"2026最新版\", \"description\": \"紧跟技术发展趋势的最新课程内容\"}, {\"icon\": \"fas fa-infinity\", \"title\": \"从零到大神\", \"description\": \"完整的学习路径，适合各个水平的学员\"}]'),(2,'高等数学(上) - 3小时速成','超级通俗易懂的高等数学上册速成课程，3小时掌握核心概念，期末不挂科。','https://wuyingyunshang.oss-cn-shanghai.aliyuncs.com/mzcourse/%E6%95%B0%E5%AD%A61/13408799812653464.jpeg',7,2,'beginner',180,1,'2025-11-30 13:52:00','2025-12-12 16:07:37',2,4.8,5,'2025-11-29 21:52:00','2025-12-12 08:07:37','专为大学生设计的高等数学速成课程，用最通俗易懂的方式讲解复杂的数学概念，帮助学生快速理解并通过期末考试。','[\"掌握极限的概念和计算方法\", \"理解导数的定义和应用\", \"学会积分的基本计算\", \"掌握微分方程的基础知识\", \"能够解决常见的高数题型\"]','[{\"icon\": \"fas fa-clock\", \"title\": \"3小时速成\", \"description\": \"高效学习，快速掌握核心知识点\"}, {\"icon\": \"fas fa-smile\", \"title\": \"通俗易懂\", \"description\": \"用最简单的语言解释复杂概念\"}, {\"icon\": \"fas fa-shield-alt\", \"title\": \"期末保障\", \"description\": \"针对期末考试，确保不挂科\"}, {\"icon\": \"fas fa-lightning-bolt\", \"title\": \"速成方法\", \"description\": \"独特的学习方法，事半功倍\"}]'),(3,'英语四级听力原文训练','专注于英语四级听力部分的原文训练，提高听力理解能力和应试技巧。','https://wuyingyunshang.oss-cn-shanghai.aliyuncs.com/mzcourse/%E8%8B%B1%E8%AF%AD1/%E5%B0%81%E9%9D%A2.jpeg',8,15,'intermediate',600,1,'2025-11-30 13:52:00','2025-12-22 20:03:51',2,4.5,2,'2025-11-29 21:52:00','2025-12-22 12:03:51','针对大学英语四级考试听力部分的专项训练课程，通过大量原文练习和技巧讲解，帮助学生显著提升听力成绩。','[\"掌握四级听力考试题型和技巧\", \"提高英语听力理解能力\", \"熟悉常见听力场景和词汇\", \"学会快速抓取关键信息\", \"达到四级听力及格水平\"]','[{\"icon\": \"fas fa-headphones\", \"title\": \"专项训练\", \"description\": \"专注听力部分的深度训练\"}, {\"icon\": \"fas fa-file-alt\", \"title\": \"原文练习\", \"description\": \"大量真题原文材料练习\"}, {\"icon\": \"fas fa-bullseye\", \"title\": \"应试技巧\", \"description\": \"针对性的考试技巧指导\"}, {\"icon\": \"fas fa-chart-line\", \"title\": \"快速提升\", \"description\": \"短期内显著提高听力成绩\"}]'),(4,'高数(微积分) - 上期未速成','针对微积分部分的深度讲解，解决上期课程中未完全掌握的难点问题。','https://wuyingyunshang.oss-cn-shanghai.aliyuncs.com/mzcourse/%E8%AF%BE%E7%A8%8B%E5%B0%81%E9%9D%A2/%E9%AB%98%E6%95%B01.jpg',7,2,'intermediate',300,1,'2025-11-30 13:52:00','2025-12-12 16:07:37',2,4.0,1,'2025-11-29 21:52:00','2025-12-12 08:07:37','专门针对微积分学习中的难点和易错点进行深入讲解，帮助学生彻底理解微积分的核心概念和计算方法。','[\"深入理解微积分的基本概念\", \"掌握复杂函数的求导技巧\", \"学会积分的高级计算方法\", \"解决微积分应用题\", \"提高数学思维能力\"]','[{\"icon\": \"fas fa-microscope\", \"title\": \"深度讲解\", \"description\": \"针对难点进行深入分析\"}, {\"icon\": \"fas fa-puzzle-piece\", \"title\": \"查漏补缺\", \"description\": \"解决之前学习中的遗留问题\"}, {\"icon\": \"fas fa-brain\", \"title\": \"思维训练\", \"description\": \"培养数学逻辑思维能力\"}, {\"icon\": \"fas fa-tools\", \"title\": \"实用技巧\", \"description\": \"掌握解题的实用方法和技巧\"}]'),(5,'1小时教你学会申论','公务员考试申论科目的快速入门课程，1小时掌握申论写作的核心技巧。','https://wuyingyunshang.oss-cn-shanghai.aliyuncs.com/mzcourse/%E8%AF%BE%E7%A8%8B%E5%B0%81%E9%9D%A2/%E8%80%83%E5%85%AC%E7%94%B3%E8%AE%BA.jpg',9,4,'beginner',60,1,'2025-11-30 13:52:00','2025-12-12 16:07:37',2,5.0,7,'2025-11-29 21:52:00','2025-12-12 08:07:37','专为公务员考试申论科目设计的快速入门课程，通过系统的方法论和实用技巧，帮助考生快速掌握申论写作要领。','[\"掌握申论考试的基本题型\", \"学会材料分析和要点提取\", \"掌握申论写作的基本结构\", \"学习政府思维和表达方式\", \"提高申论答题效率\"]','[{\"icon\": \"fas fa-stopwatch\", \"title\": \"1小时速成\", \"description\": \"高效学习，快速入门申论\"}, {\"icon\": \"fas fa-pen-fancy\", \"title\": \"写作技巧\", \"description\": \"掌握申论写作的核心方法\"}, {\"icon\": \"fas fa-government\", \"title\": \"政府思维\", \"description\": \"培养公务员思维模式\"}, {\"icon\": \"fas fa-target\", \"title\": \"应试导向\", \"description\": \"针对考试要求的实用指导\"}]'),(6,'大学英语六级 - 20小时期末突击','免费优质的英语六级突击课程，20小时高效复习，通俗易懂，干货满满。','https://wuyingyunshang.oss-cn-shanghai.aliyuncs.com/mzcourse/%E5%B0%81%E9%9D%A2/%E8%8B%B1%E8%AF%AD%E5%85%AD%E7%BA%A7%E7%AA%81%E5%87%BB.jpg',8,15,'intermediate',1200,1,'2025-11-30 13:52:00','2025-12-22 19:53:24',3,5.0,3,'2025-11-29 21:52:00','2025-12-22 11:53:24','专为大学英语六级考试设计的突击复习课程，涵盖听力、阅读、翻译、写作四大板块，帮助学生在短时间内显著提升成绩。','[\"掌握六级考试各题型技巧\", \"提高英语综合运用能力\", \"学会高效的复习方法\", \"掌握六级核心词汇和语法\", \"达到六级考试通过标准\"]','[{\"icon\": \"fas fa-gift\", \"title\": \"完全免费\", \"description\": \"高质量免费课程，无任何隐藏费用\"}, {\"icon\": \"fas fa-gem\", \"title\": \"干货满满\", \"description\": \"纯干货内容，没有废话\"}, {\"icon\": \"fas fa-rocket\", \"title\": \"20小时突击\", \"description\": \"高效复习计划，短期快速提升\"}, {\"icon\": \"fas fa-heart\", \"title\": \"通俗易懂\", \"description\": \"用最简单的方式讲解复杂知识\"}]'),(7,'申论系统课 - 小马哥','由知名讲师小马哥主讲的申论系统课程，全面提升申论写作和分析能力。','https://wuyingyunshang.oss-cn-shanghai.aliyuncs.com/mzcourse/%E8%AF%BE%E7%A8%8B%E5%B0%81%E9%9D%A2/%E8%80%83%E5%85%AC%E7%94%B3%E8%AE%BA2.jpg',9,4,'advanced',1800,1,'2025-11-30 13:52:00','2025-12-12 16:07:37',3,5.0,2,'2025-11-29 21:52:00','2025-12-12 08:07:37','由资深公考专家小马哥精心打造的申论系统课程，从基础理论到高级技巧，全方位提升申论应试能力。','[\"系统掌握申论理论体系\", \"学会深层次材料分析\", \"掌握高分申论写作技巧\", \"培养政策分析思维\", \"达到申论高分水平\"]','[{\"icon\": \"fas fa-user-tie\", \"title\": \"名师授课\", \"description\": \"知名讲师小马哥亲自授课\"}, {\"icon\": \"fas fa-layer-group\", \"title\": \"系统课程\", \"description\": \"完整的申论学习体系\"}, {\"icon\": \"fas fa-medal\", \"title\": \"高分保障\", \"description\": \"针对高分的专业指导\"}, {\"icon\": \"fas fa-graduation-cap\", \"title\": \"专业权威\", \"description\": \"多年公考培训经验积累\"}]'),(8,'清华大学 - 如何逗自己一周达到《公考140+》','清华大学出品的公务员考试高分秘籍，一周内掌握140+分数的核心方法。','https://wuyingyunshang.oss-cn-shanghai.aliyuncs.com/mzcourse/%E8%AF%BE%E7%A8%8B%E5%B0%81%E9%9D%A2/%E8%80%83%E5%85%AC%E8%A1%8C%E6%B5%8B1.jpg',9,5,'advanced',420,1,'2025-11-30 13:52:00','2025-12-12 16:07:37',3,5.0,2,'2025-11-29 21:52:00','2025-12-12 08:07:37','清华大学权威出品的公务员考试高分课程，汇集顶尖学府的学习方法和应试技巧，帮助考生在短时间内实现分数的质的飞跃。','[\"掌握高效的学习方法\", \"学会时间管理和复习规划\", \"掌握各科目高分技巧\", \"培养应试心理素质\", \"实现公考140+高分目标\"]','[{\"icon\": \"fas fa-university\", \"title\": \"清华出品\", \"description\": \"清华大学权威课程品质保证\"}, {\"icon\": \"fas fa-trophy\", \"title\": \"140+高分\", \"description\": \"针对高分目标的专业指导\"}, {\"icon\": \"fas fa-calendar-week\", \"title\": \"一周速成\", \"description\": \"高效学习方法，快速提升\"}, {\"icon\": \"fas fa-star\", \"title\": \"珍贵资源\", \"description\": \"难得一见的优质学习资源\"}]'),(9,'Python数据分析实战','使用Python进行数据分析，掌握Pandas、NumPy等核心库的使用。','https://wuyingyunshang.oss-cn-shanghai.aliyuncs.com/mzcourse/%E5%B0%81%E9%9D%A2/Python%E5%AE%9E%E6%88%98%E8%AF%BE%E7%A8%8B.jpg',2,1,'intermediate',2400,1,'2025-11-30 14:00:00','2025-12-12 16:07:37',1,4.5,2,'2025-11-29 22:00:00','2025-12-12 08:07:37','深入学习Python数据分析技术，从数据清洗到可视化，掌握完整的数据分析流程。','[\"掌握Pandas数据处理技巧\", \"学会NumPy数组运算\", \"掌握数据可视化方法\", \"完成真实数据分析项目\", \"学习数据清洗和预处理\"]','[{\"icon\": \"fas fa-chart-pie\", \"title\": \"实战导向\", \"description\": \"真实数据集实战练习\"}, {\"icon\": \"fas fa-database\", \"title\": \"数据处理\", \"description\": \"完整的数据分析流程\"}, {\"icon\": \"fas fa-eye\", \"title\": \"可视化\", \"description\": \"精美的数据可视化展示\"}, {\"icon\": \"fas fa-briefcase\", \"title\": \"职业技能\", \"description\": \"企业级数据分析能力\"}]'),(10,'Web前端全栈开发','HTML、CSS、JavaScript全栈开发，打造现代化Web应用。','https://wuyingyunshang.oss-cn-shanghai.aliyuncs.com/mzcourse/%E5%B0%81%E9%9D%A2/Web%E5%BC%80%E5%8F%91.jpg',1,2,'beginner',3600,1,'2025-11-30 14:00:00','2025-12-12 16:07:37',1,5.0,2,'2025-11-29 22:00:00','2025-12-12 08:07:37','从零开始学习Web前端开发，掌握HTML5、CSS3、JavaScript ES6+等现代前端技术。','[\"掌握HTML5语义化标签\", \"精通CSS3布局和动画\", \"熟练使用JavaScript ES6+\", \"学习Vue.js/React框架\", \"完成完整Web项目\"]','[{\"icon\": \"fas fa-laptop-code\", \"title\": \"全栈技能\", \"description\": \"前后端技术全覆盖\"}, {\"icon\": \"fas fa-mobile-alt\", \"title\": \"响应式设计\", \"description\": \"适配各种设备屏幕\"}, {\"icon\": \"fas fa-rocket\", \"title\": \"现代技术\", \"description\": \"最新前端技术栈\"}, {\"icon\": \"fas fa-users\", \"title\": \"项目实战\", \"description\": \"真实企业级项目\"}]'),(11,'机器学习算法精讲','深入理解机器学习算法原理，从理论到实践全面掌握。','https://wuyingyunshang.oss-cn-shanghai.aliyuncs.com/mzcourse/%E5%B0%81%E9%9D%A2/%E6%9C%BA%E5%99%A8%E5%AD%A6%E4%B9%A0%E7%AE%97%E6%B3%95.jpg',3,1,'advanced',3000,1,'2025-11-30 14:00:00','2025-12-12 16:07:37',1,5.0,1,'2025-11-29 22:00:00','2025-12-12 08:07:37','系统学习机器学习核心算法，包括监督学习、非监督学习和强化学习等。','[\"理解机器学习基本原理\", \"掌握常用算法实现\", \"学会模型评估和优化\", \"完成机器学习项目\", \"了解深度学习基础\"]','[{\"icon\": \"fas fa-brain\", \"title\": \"算法精讲\", \"description\": \"深入讲解算法原理\"}, {\"icon\": \"fas fa-code\", \"title\": \"代码实现\", \"description\": \"手写算法代码实现\"}, {\"icon\": \"fas fa-chart-line\", \"title\": \"模型优化\", \"description\": \"模型调优技巧\"}, {\"icon\": \"fas fa-project-diagram\", \"title\": \"项目实战\", \"description\": \"真实ML项目经验\"}]'),(12,'大学物理速成','大学物理核心知识点速成，轻松应对期末考试。','https://wuyingyunshang.oss-cn-shanghai.aliyuncs.com/mzcourse/%E5%B0%81%E9%9D%A2/%E5%A4%A7%E5%AD%A6%E7%89%A9%E7%90%86%E9%80%9F%E6%88%90.jpg',7,2,'beginner',240,1,'2025-11-30 14:00:00','2025-12-12 16:07:37',2,4.0,1,'2025-11-29 22:00:00','2025-12-12 08:07:37','涵盖力学、电磁学、光学等核心内容，用通俗易懂的方式讲解物理概念。','[\"掌握牛顿力学基础\", \"理解电磁学原理\", \"学习光学基本知识\", \"掌握热力学定律\", \"能够解决物理习题\"]','[{\"icon\": \"fas fa-atom\", \"title\": \"核心知识\", \"description\": \"聚焦考试重点内容\"}, {\"icon\": \"fas fa-calculator\", \"title\": \"解题技巧\", \"description\": \"快速解题方法\"}, {\"icon\": \"fas fa-clock\", \"title\": \"高效学习\", \"description\": \"短时间掌握要点\"}, {\"icon\": \"fas fa-check-circle\", \"title\": \"考试保障\", \"description\": \"针对期末考试设计\"}]'),(13,'英语六级阅读理解突破','专项训练英语六级阅读理解，掌握快速阅读和答题技巧。','https://wuyingyunshang.oss-cn-shanghai.aliyuncs.com/mzcourse/%E5%B0%81%E9%9D%A2/%E8%8B%B1%E8%AF%AD%E5%85%AD%E7%BA%A7%E9%98%85%E8%AF%BB%E7%90%86%E8%A7%A3.jpg',8,3,'intermediate',480,1,'2025-11-30 14:00:00','2025-12-12 16:07:37',1,5.0,1,'2025-11-29 22:00:00','2025-12-12 08:07:37','针对六级阅读理解的专项突破课程，提高阅读速度和准确率。','[\"掌握快速阅读技巧\", \"学会定位关键信息\", \"提高词汇量\", \"理解长难句结构\", \"提升阅读准确率\"]','[{\"icon\": \"fas fa-book-open\", \"title\": \"阅读训练\", \"description\": \"大量真题阅读练习\"}, {\"icon\": \"fas fa-tachometer-alt\", \"title\": \"速度提升\", \"description\": \"提高阅读速度\"}, {\"icon\": \"fas fa-bullseye\", \"title\": \"精准定位\", \"description\": \"快速找到答案\"}, {\"icon\": \"fas fa-award\", \"title\": \"高分技巧\", \"description\": \"阅读高分秘籍\"}]'),(14,'线性代数精讲','线性代数核心概念和计算方法，为后续学习打下基础。','https://wuyingyunshang.oss-cn-shanghai.aliyuncs.com/mzcourse/%E5%B0%81%E9%9D%A2/%E7%BA%BF%E6%80%A7%E4%BB%A3%E6%95%B0%E7%B2%BE%E8%AE%B2.jpg',7,2,'intermediate',360,1,'2025-11-30 14:00:00','2025-12-12 16:07:37',2,4.0,1,'2025-11-29 22:00:00','2025-12-12 08:07:37','系统学习线性代数，包括矩阵运算、向量空间、特征值等核心内容。','[\"掌握矩阵基本运算\", \"理解向量空间概念\", \"学会求解线性方程组\", \"掌握特征值和特征向量\", \"了解线性代数应用\"]','[{\"icon\": \"fas fa-square-root-alt\", \"title\": \"理论扎实\", \"description\": \"深入理解数学原理\"}, {\"icon\": \"fas fa-calculator\", \"title\": \"计算技巧\", \"description\": \"快速计算方法\"}, {\"icon\": \"fas fa-project-diagram\", \"title\": \"应用实例\", \"description\": \"实际应用场景\"}, {\"icon\": \"fas fa-graduation-cap\", \"title\": \"考试导向\", \"description\": \"针对考试重点\"}]'),(15,'行测数量关系速解','公务员考试行测数量关系专项训练，快速提分技巧。','https://wuyingyunshang.oss-cn-shanghai.aliyuncs.com/mzcourse/%E5%B0%81%E9%9D%A2/%E8%A1%8C%E6%B5%8B.jpg',9,4,'intermediate',300,1,'2025-11-30 14:00:00','2025-12-12 16:07:37',1,5.0,1,'2025-11-29 22:00:00','2025-12-12 08:07:37','针对公务员考试行测数量关系部分的专项突破，掌握快速解题技巧。','[\"掌握数量关系题型\", \"学会快速计算方法\", \"掌握解题技巧\", \"提高答题速度\", \"提升正确率\"]','[{\"icon\": \"fas fa-calculator\", \"title\": \"速算技巧\", \"description\": \"快速计算方法\"}, {\"icon\": \"fas fa-lightbulb\", \"title\": \"解题思路\", \"description\": \"独特解题方法\"}, {\"icon\": \"fas fa-clock\", \"title\": \"时间管理\", \"description\": \"合理分配时间\"}, {\"icon\": \"fas fa-chart-line\", \"title\": \"快速提分\", \"description\": \"短期内显著提升\"}]'),(16,'概率论与数理统计','概率论与数理统计核心知识，理论与应用并重。','https://wuyingyunshang.oss-cn-shanghai.aliyuncs.com/mzcourse/%E5%B0%81%E9%9D%A2/%E6%A6%82%E7%8E%87%E8%AE%BA%E4%B8%8E%E6%95%B0%E7%90%86%E7%BB%9F%E8%AE%A1.jpg',7,2,'intermediate',420,1,'2025-11-30 14:00:00','2025-12-12 16:07:37',2,4.0,1,'2025-11-29 22:00:00','2025-12-12 08:07:37','系统学习概率论与数理统计，掌握随机变量、概率分布等核心概念。','[\"理解概率基本概念\", \"掌握随机变量分布\", \"学会参数估计\", \"掌握假设检验\", \"了解统计应用\"]','[{\"icon\": \"fas fa-dice\", \"title\": \"概率思维\", \"description\": \"培养概率思维方式\"}, {\"icon\": \"fas fa-chart-bar\", \"title\": \"统计分析\", \"description\": \"数据统计分析能力\"}, {\"icon\": \"fas fa-calculator\", \"title\": \"计算方法\", \"description\": \"概率计算技巧\"}, {\"icon\": \"fas fa-flask\", \"title\": \"实际应用\", \"description\": \"统计应用实例\"}]'),(17,'数据结构与算法','深入讲解数据结构与算法，适合计算机专业学生','https://wuyingyunshang.oss-cn-shanghai.aliyuncs.com/mzcourse/%E5%B0%81%E9%9D%A2/%E6%95%B0%E6%8D%AE%E7%BB%93%E6%9E%84.jpg',1,15,'intermediate',0,1,'2025-12-08 15:42:33','2025-12-20 21:30:27',11,4.5,8,'2025-12-08 07:42:33','2025-12-20 13:30:27',NULL,NULL,NULL),(18,'机器学习基础','机器学习入门课程，涵盖常用算法',NULL,3,15,'intermediate',0,0,'2025-12-08 15:42:33','2025-12-22 23:54:40',7,5.0,4,'2025-12-08 07:42:33','2025-12-22 15:54:40',NULL,NULL,NULL),(19,'Web开发实战','前端+后端全栈开发课程','https://wuyingyunshang.oss-cn-shanghai.aliyuncs.com/mzcourse/%E5%B0%81%E9%9D%A2/Web%E5%BC%80%E5%8F%91.jpg',1,15,'beginner',0,1,'2025-12-08 15:42:33','2025-12-20 21:30:27',8,5.0,4,'2025-12-08 07:42:33','2025-12-20 13:30:27',NULL,NULL,NULL),(20,'数据库系统','MySQL、MongoDB等数据库技术讲解','https://wuyingyunshang.oss-cn-shanghai.aliyuncs.com/mzcourse/%E5%B0%81%E9%9D%A2/%E6%95%B0%E6%8D%AE%E5%BA%93.png',6,15,'intermediate',0,1,'2025-12-08 15:42:33','2025-12-20 21:54:22',8,4.0,4,'2025-12-08 07:42:33','2025-12-20 13:54:22',NULL,NULL,NULL);
/*!40000 ALTER TABLE `course` ENABLE KEYS */;

--
-- Table structure for table `course_category`
--

DROP TABLE IF EXISTS `course_category`;
/*!40101 SET @saved_cs_client     = @@character_set_client */;
/*!50503 SET character_set_client = utf8mb4 */;
CREATE TABLE `course_category` (
  `category_id` int NOT NULL AUTO_INCREMENT,
  `category_name` varchar(100) CHARACTER SET utf8mb4 COLLATE utf8mb4_unicode_ci NOT NULL,
  `parent_category_id` int DEFAULT NULL,
  `category_icon` varchar(100) CHARACTER SET utf8mb4 COLLATE utf8mb4_unicode_ci DEFAULT NULL COMMENT '分类图标',
  `sort_order` int DEFAULT '0' COMMENT '排序',
  `created_at` timestamp NULL DEFAULT CURRENT_TIMESTAMP,
  `updated_at` timestamp NULL DEFAULT CURRENT_TIMESTAMP ON UPDATE CURRENT_TIMESTAMP,
  PRIMARY KEY (`category_id`),
  KEY `idx_parent_category` (`parent_category_id`),
  CONSTRAINT `course_category_ibfk_1` FOREIGN KEY (`parent_category_id`) REFERENCES `course_category` (`category_id`)
) ENGINE=InnoDB AUTO_INCREMENT=10 DEFAULT CHARSET=utf8mb4 COLLATE=utf8mb4_unicode_ci;
/*!40101 SET character_set_client = @saved_cs_client */;

--
-- Dumping data for table `course_category`
--

/*!40000 ALTER TABLE `course_category` DISABLE KEYS */;
INSERT INTO `course_category` VALUES (1,'编程开发',NULL,'fa-code',1,'2025-11-28 05:06:38','2025-11-28 05:06:38'),(2,'数据科学',NULL,'fa-chart-bar',2,'2025-11-28 05:06:38','2025-11-28 05:06:38'),(3,'人工智能',NULL,'fa-brain',3,'2025-11-28 05:06:38','2025-11-28 05:06:38'),(4,'移动开发',NULL,'fa-mobile-alt',4,'2025-11-28 05:06:38','2025-11-28 05:06:38'),(5,'UI/UX设计',NULL,'fa-palette',5,'2025-11-28 05:06:38','2025-11-28 05:06:38'),(6,'后端开发',NULL,'fa-server',6,'2025-11-28 05:06:38','2025-11-28 05:06:38'),(7,'数学',NULL,'fa-calculator',7,'2025-11-30 05:52:00','2025-11-30 05:52:00'),(8,'英语',NULL,'fa-language',8,'2025-11-30 05:52:00','2025-11-30 05:52:00'),(9,'公务员考试',NULL,'fa-graduation-cap',9,'2025-11-30 05:52:00','2025-11-30 05:52:00');
/*!40000 ALTER TABLE `course_category` ENABLE KEYS */;

--
-- Table structure for table `course_chapter`
--

DROP TABLE IF EXISTS `course_chapter`;
/*!40101 SET @saved_cs_client     = @@character_set_client */;
/*!50503 SET character_set_client = utf8mb4 */;
CREATE TABLE `course_chapter` (
  `chapter_id` int NOT NULL AUTO_INCREMENT,
  `course_id` int NOT NULL,
  `chapter_title` varchar(255) CHARACTER SET utf8mb4 COLLATE utf8mb4_unicode_ci NOT NULL,
  `order_index` int DEFAULT '0',
  `created_time` datetime DEFAULT CURRENT_TIMESTAMP,
  `updated_at` timestamp NULL DEFAULT CURRENT_TIMESTAMP ON UPDATE CURRENT_TIMESTAMP,
  PRIMARY KEY (`chapter_id`),
  KEY `idx_course` (`course_id`),
  KEY `idx_order` (`order_index`),
  CONSTRAINT `course_chapter_ibfk_1` FOREIGN KEY (`course_id`) REFERENCES `course` (`course_id`) ON DELETE CASCADE
) ENGINE=InnoDB AUTO_INCREMENT=79 DEFAULT CHARSET=utf8mb4 COLLATE=utf8mb4_unicode_ci;
/*!40101 SET character_set_client = @saved_cs_client */;

--
-- Dumping data for table `course_chapter`
--

/*!40000 ALTER TABLE `course_chapter` DISABLE KEYS */;
INSERT INTO `course_chapter` VALUES (1,1,'Java基础入门',1,'2025-11-30 14:00:00','2025-11-29 22:00:00'),(2,1,'面向对象编程',2,'2025-11-30 14:00:00','2025-11-29 22:00:00'),(3,1,'Java高级特性',3,'2025-11-30 14:00:00','2025-11-29 22:00:00'),(4,1,'AI算法实现',4,'2025-11-30 14:00:00','2025-11-29 22:00:00'),(5,1,'AI+Java实战项目',5,'2025-11-30 14:00:00','2025-11-29 22:00:00'),(6,2,'极限与连续',1,'2025-11-30 14:00:00','2025-11-29 22:00:00'),(7,2,'导数与微分',2,'2025-11-30 14:00:00','2025-11-29 22:00:00'),(8,2,'积分学',3,'2025-11-30 14:00:00','2025-11-29 22:00:00'),(9,3,'短对话听力',1,'2025-11-30 14:00:00','2025-11-29 22:00:00'),(10,3,'长对话听力',2,'2025-11-30 14:00:00','2025-11-29 22:00:00'),(11,3,'短文听力',3,'2025-11-30 14:00:00','2025-11-29 22:00:00'),(12,3,'听力技巧总结',4,'2025-11-30 14:00:00','2025-11-29 22:00:00'),(13,4,'微分难点突破',1,'2025-11-30 14:00:00','2025-11-29 22:00:00'),(14,4,'积分难点突破',2,'2025-11-30 14:00:00','2025-11-29 22:00:00'),(15,4,'微积分应用',3,'2025-11-30 14:00:00','2025-11-29 22:00:00'),(16,5,'申论基础知识',1,'2025-11-30 14:00:00','2025-11-29 22:00:00'),(17,5,'材料分析技巧',2,'2025-11-30 14:00:00','2025-11-29 22:00:00'),(18,5,'写作方法',3,'2025-11-30 14:00:00','2025-11-29 22:00:00'),(19,6,'听力专项',1,'2025-11-30 14:00:00','2025-11-29 22:00:00'),(20,6,'阅读专项',2,'2025-11-30 14:00:00','2025-11-29 22:00:00'),(21,6,'翻译专项',3,'2025-11-30 14:00:00','2025-11-29 22:00:00'),(22,6,'写作专项',4,'2025-11-30 14:00:00','2025-11-29 22:00:00'),(23,7,'申论理论体系',1,'2025-11-30 14:00:00','2025-11-29 22:00:00'),(24,7,'归纳概括题',2,'2025-11-30 14:00:00','2025-11-29 22:00:00'),(25,7,'综合分析题',3,'2025-11-30 14:00:00','2025-11-29 22:00:00'),(26,7,'提出对策题',4,'2025-11-30 14:00:00','2025-11-29 22:00:00'),(27,7,'申发论述题',5,'2025-11-30 14:00:00','2025-11-29 22:00:00'),(28,8,'学习方法论',1,'2025-11-30 14:00:00','2025-11-29 22:00:00'),(29,8,'行测高分技巧',2,'2025-11-30 14:00:00','2025-11-29 22:00:00'),(30,8,'申论高分技巧',3,'2025-11-30 14:00:00','2025-11-29 22:00:00'),(31,8,'时间管理',4,'2025-11-30 14:00:00','2025-11-29 22:00:00'),(32,9,'Python数据分析基础',1,'2025-11-30 14:00:00','2025-11-29 22:00:00'),(33,9,'Pandas数据处理',2,'2025-11-30 14:00:00','2025-11-29 22:00:00'),(34,9,'NumPy数组运算',3,'2025-11-30 14:00:00','2025-11-29 22:00:00'),(35,9,'数据可视化',4,'2025-11-30 14:00:00','2025-11-29 22:00:00'),(36,9,'实战项目',5,'2025-11-30 14:00:00','2025-11-29 22:00:00'),(37,10,'HTML5基础',1,'2025-11-30 14:00:00','2025-11-29 22:00:00'),(38,10,'CSS3样式与布局',2,'2025-11-30 14:00:00','2025-11-29 22:00:00'),(39,10,'JavaScript核心',3,'2025-11-30 14:00:00','2025-11-29 22:00:00'),(40,10,'前端框架',4,'2025-11-30 14:00:00','2025-11-29 22:00:00'),(41,10,'项目实战',5,'2025-11-30 14:00:00','2025-11-29 22:00:00'),(42,11,'机器学习概述',1,'2025-11-30 14:00:00','2025-11-29 22:00:00'),(43,11,'监督学习算法',2,'2025-11-30 14:00:00','2025-11-29 22:00:00'),(44,11,'非监督学习算法',3,'2025-11-30 14:00:00','2025-11-29 22:00:00'),(45,11,'模型评估与优化',4,'2025-11-30 14:00:00','2025-11-29 22:00:00'),(46,11,'深度学习入门',5,'2025-11-30 14:00:00','2025-11-29 22:00:00'),(47,12,'力学基础',1,'2025-11-30 14:00:00','2025-11-29 22:00:00'),(48,12,'电磁学',2,'2025-11-30 14:00:00','2025-11-29 22:00:00'),(49,12,'光学与热学',3,'2025-11-30 14:00:00','2025-11-29 22:00:00'),(50,13,'阅读技巧',1,'2025-11-30 14:00:00','2025-11-29 22:00:00'),(51,13,'真题训练',2,'2025-11-30 14:00:00','2025-11-29 22:00:00'),(52,13,'模拟测试',3,'2025-11-30 14:00:00','2025-11-29 22:00:00'),(53,14,'矩阵运算',1,'2025-11-30 14:00:00','2025-11-29 22:00:00'),(54,14,'向量空间',2,'2025-11-30 14:00:00','2025-11-29 22:00:00'),(55,14,'特征值与特征向量',3,'2025-11-30 14:00:00','2025-11-29 22:00:00'),(56,15,'数量关系题型',1,'2025-11-30 14:00:00','2025-11-29 22:00:00'),(57,15,'速算技巧',2,'2025-11-30 14:00:00','2025-11-29 22:00:00'),(58,15,'真题演练',3,'2025-11-30 14:00:00','2025-11-29 22:00:00'),(59,16,'概率论基础',1,'2025-11-30 14:00:00','2025-11-29 22:00:00'),(60,16,'随机变量',2,'2025-11-30 14:00:00','2025-11-29 22:00:00'),(61,16,'数理统计',3,'2025-11-30 14:00:00','2025-11-29 22:00:00'),(62,17,'数组与链表',1,'2025-12-08 15:42:35','2025-12-08 07:42:35'),(63,17,'栈与队列',2,'2025-12-08 15:42:35','2025-12-08 07:42:35'),(64,17,'树与图',3,'2025-12-08 15:42:35','2025-12-08 07:42:35'),(65,17,'排序算法',4,'2025-12-08 15:42:35','2025-12-08 07:42:35'),(66,18,'线性回归',1,'2025-12-08 15:42:35','2025-12-08 07:42:35'),(67,18,'逻辑回归',2,'2025-12-08 15:42:35','2025-12-08 07:42:35'),(68,18,'决策树',3,'2025-12-08 15:42:35','2025-12-08 07:42:35'),(69,18,'聚类算法',4,'2025-12-08 15:42:35','2025-12-08 07:42:35'),(70,19,'HTML/CSS基础',1,'2025-12-08 15:42:35','2025-12-08 07:42:35'),(71,19,'JavaScript编程',2,'2025-12-08 15:42:35','2025-12-08 07:42:35'),(72,19,'React框架',3,'2025-12-08 15:42:35','2025-12-08 07:42:35'),(73,19,'Node.js后端',4,'2025-12-08 15:42:35','2025-12-08 07:42:35'),(74,20,'SQL基础',1,'2025-12-08 15:42:35','2025-12-08 07:42:35'),(75,20,'索引与优化',2,'2025-12-08 15:42:35','2025-12-08 07:42:35'),(76,20,'NoSQL数据库',3,'2025-12-08 15:42:35','2025-12-08 07:42:35'),(77,20,'数据库设计',4,'2025-12-08 15:42:35','2025-12-08 07:42:35');
/*!40000 ALTER TABLE `course_chapter` ENABLE KEYS */;

--
-- Table structure for table `course_favorite`
--

DROP TABLE IF EXISTS `course_favorite`;
/*!40101 SET @saved_cs_client     = @@character_set_client */;
/*!50503 SET character_set_client = utf8mb4 */;
CREATE TABLE `course_favorite` (
  `favorite_id` int NOT NULL AUTO_INCREMENT,
  `user_id` int NOT NULL,
  `course_id` int NOT NULL,
  `created_at` datetime DEFAULT CURRENT_TIMESTAMP,
  PRIMARY KEY (`favorite_id`),
  UNIQUE KEY `unique_user_course_favorite` (`user_id`,`course_id`),
  KEY `idx_user_id` (`user_id`),
  KEY `idx_course_id` (`course_id`),
  CONSTRAINT `fk_course_favorite_course` FOREIGN KEY (`course_id`) REFERENCES `course` (`course_id`) ON DELETE CASCADE,
  CONSTRAINT `fk_course_favorite_user` FOREIGN KEY (`user_id`) REFERENCES `user` (`user_id`) ON DELETE CASCADE
) ENGINE=InnoDB AUTO_INCREMENT=5 DEFAULT CHARSET=utf8mb4 COLLATE=utf8mb4_unicode_ci COMMENT='课程收藏表';
/*!40101 SET character_set_client = @saved_cs_client */;

--
-- Dumping data for table `course_favorite`
--

/*!40000 ALTER TABLE `course_favorite` DISABLE KEYS */;
INSERT INTO `course_favorite` VALUES (1,14,6,'2025-12-20 20:19:43'),(2,14,3,'2025-12-15 10:20:00'),(3,102,3,'2025-12-19 14:20:00'),(4,105,3,'2025-12-21 10:30:00');
/*!40000 ALTER TABLE `course_favorite` ENABLE KEYS */;

--
-- Table structure for table `course_like`
--

DROP TABLE IF EXISTS `course_like`;
/*!40101 SET @saved_cs_client     = @@character_set_client */;
/*!50503 SET character_set_client = utf8mb4 */;
CREATE TABLE `course_like` (
  `id` int NOT NULL AUTO_INCREMENT COMMENT '主键ID',
  `user_id` int NOT NULL COMMENT '用户ID',
  `course_id` int NOT NULL COMMENT '课程ID',
  `created_at` datetime DEFAULT CURRENT_TIMESTAMP COMMENT '点赞时间',
  PRIMARY KEY (`id`),
  UNIQUE KEY `unique_user_course_like` (`user_id`,`course_id`) COMMENT '同一用户对同一课程只能点赞一次',
  KEY `idx_user_id` (`user_id`),
  KEY `idx_course_id` (`course_id`),
  CONSTRAINT `fk_course_like_course` FOREIGN KEY (`course_id`) REFERENCES `course` (`course_id`) ON DELETE CASCADE,
  CONSTRAINT `fk_course_like_user` FOREIGN KEY (`user_id`) REFERENCES `user` (`user_id`) ON DELETE CASCADE
) ENGINE=InnoDB AUTO_INCREMENT=17 DEFAULT CHARSET=utf8mb4 COLLATE=utf8mb4_unicode_ci COMMENT='课程点赞表';
/*!40101 SET character_set_client = @saved_cs_client */;

--
-- Dumping data for table `course_like`
--

/*!40000 ALTER TABLE `course_like` DISABLE KEYS */;
INSERT INTO `course_like` VALUES (8,14,6,'2025-12-20 21:16:02'),(11,14,3,'2025-12-15 10:15:00'),(12,101,3,'2025-12-18 10:45:00'),(13,102,3,'2025-12-19 14:15:00'),(14,103,3,'2025-12-20 09:10:00'),(15,104,3,'2025-12-20 14:45:00'),(16,105,3,'2025-12-21 10:20:00');
/*!40000 ALTER TABLE `course_like` ENABLE KEYS */;

--
-- Table structure for table `course_review`
--

DROP TABLE IF EXISTS `course_review`;
/*!40101 SET @saved_cs_client     = @@character_set_client */;
/*!50503 SET character_set_client = utf8mb4 */;
CREATE TABLE `course_review` (
  `review_id` int NOT NULL AUTO_INCREMENT COMMENT '评价唯一ID',
  `course_id` int NOT NULL COMMENT '课程ID',
  `user_id` int NOT NULL COMMENT '用户ID',
  `rating` int NOT NULL COMMENT '评分(1-5)',
  `review_content` text CHARACTER SET utf8mb4 COLLATE utf8mb4_unicode_ci COMMENT '评价内容',
  `created_at` timestamp NULL DEFAULT CURRENT_TIMESTAMP,
  `updated_at` timestamp NULL DEFAULT CURRENT_TIMESTAMP ON UPDATE CURRENT_TIMESTAMP,
  PRIMARY KEY (`review_id`),
  KEY `idx_course` (`course_id`),
  KEY `idx_user` (`user_id`),
  CONSTRAINT `course_review_ibfk_1` FOREIGN KEY (`course_id`) REFERENCES `course` (`course_id`) ON DELETE CASCADE,
  CONSTRAINT `course_review_ibfk_2` FOREIGN KEY (`user_id`) REFERENCES `user` (`user_id`) ON DELETE CASCADE
) ENGINE=InnoDB AUTO_INCREMENT=68 DEFAULT CHARSET=utf8mb4 COLLATE=utf8mb4_unicode_ci COMMENT='课程评价表';
/*!40101 SET character_set_client = @saved_cs_client */;

--
-- Dumping data for table `course_review`
--

/*!40000 ALTER TABLE `course_review` DISABLE KEYS */;
INSERT INTO `course_review` VALUES (1,1,6,5,'课程内容非常全面，从Java基础到AI应用都讲得很清楚，老师讲解也很细致。','2025-11-29 02:30:00','2025-11-28 18:30:00'),(2,1,7,5,'2026最新版确实很新，内容紧跟技术潮流，AI部分讲得特别好。','2025-11-29 06:20:00','2025-11-28 22:20:00'),(3,1,8,4,'课程质量不错，就是内容有点多，需要花时间慢慢学。','2025-11-29 08:45:00','2025-11-29 00:45:00'),(4,2,9,5,'3小时真的学会了！讲得太通俗易懂了，期末考试有救了！','2025-11-29 03:00:00','2025-11-28 19:00:00'),(5,2,10,5,'老师讲课风趣幽默，把复杂的数学概念讲得很简单，强烈推荐！','2025-11-29 07:30:00','2025-11-28 23:30:00'),(6,2,6,4,'速成课程确实有效，但还是需要自己多练习题目。','2025-11-29 10:00:00','2025-11-29 02:00:00'),(7,3,7,5,'听力原文训练很有针对性，练习后听力水平明显提升。','2025-11-29 04:15:00','2025-11-28 20:15:00'),(8,3,8,4,'材料很丰富，就是需要坚持练习才能看到效果。','2025-11-29 09:00:00','2025-11-29 01:00:00'),(9,4,6,4,'微积分难点讲解很到位，帮助我理解了之前不懂的知识点。','2025-11-29 05:00:00','2025-11-28 21:00:00'),(10,5,9,5,'1小时真的学会了申论基础，太高效了！','2025-11-29 06:00:00','2025-11-28 22:00:00'),(11,6,9,5,'20小时突击真的有用！而且完全免费，太良心了！','2025-11-29 05:30:00','2025-11-28 21:30:00'),(12,6,10,5,'干货满满，没有废话，每一分钟都很有价值。','2025-11-29 11:00:00','2025-11-29 03:00:00'),(13,6,6,5,'通俗易懂，老师讲得特别好，六级有希望了！','2025-11-29 12:30:00','2025-11-29 04:30:00'),(14,7,7,5,'小马哥讲得太好了！申论系统课程非常专业，学到很多。','2025-11-29 06:45:00','2025-11-28 22:45:00'),(15,7,8,5,'从理论到实践都讲得很透彻，申论水平提升明显。','2025-11-29 13:00:00','2025-11-29 05:00:00'),(16,8,9,5,'清华出品，质量保证！学习方法确实很高效。','2025-11-29 07:00:00','2025-11-28 23:00:00'),(17,8,10,5,'一周达到140+不是梦，方法论很实用！','2025-11-29 14:00:00','2025-11-29 06:00:00'),(18,9,6,5,'Python数据分析讲得很实用，项目案例都是真实场景。','2025-11-29 08:00:00','2025-11-29 00:00:00'),(19,9,7,4,'内容丰富，Pandas和NumPy讲得很详细。','2025-11-29 15:00:00','2025-11-29 07:00:00'),(20,10,8,5,'Web全栈课程很全面，从前端到后端都有涉及。','2025-11-29 09:00:00','2025-11-29 01:00:00'),(21,10,9,5,'项目实战很有价值，学完就能做项目了。','2025-11-29 16:00:00','2025-11-29 08:00:00'),(22,11,6,5,'机器学习算法讲解很透彻，理论和实践结合得很好。','2025-11-29 10:00:00','2025-11-29 02:00:00'),(23,12,7,4,'物理速成课程很有效，帮我快速复习了重点内容。','2025-11-29 11:00:00','2025-11-29 03:00:00'),(24,13,8,5,'阅读理解技巧很实用，做题速度提升了很多。','2025-11-29 12:00:00','2025-11-29 04:00:00'),(25,14,9,4,'线性代数讲得很清楚，矩阵运算不再是难题。','2025-11-29 13:00:00','2025-11-29 05:00:00'),(26,15,10,5,'行测数量关系速算技巧太实用了，省了很多时间！','2025-11-29 14:00:00','2025-11-29 06:00:00'),(27,16,6,4,'概率论讲得不错，但需要多做练习才能掌握。','2025-11-29 15:00:00','2025-11-29 07:00:00'),(28,2,11,5,'甚好','2025-11-30 06:57:06','2025-11-30 06:57:06'),(29,5,11,5,'很好','2025-11-30 06:59:26','2025-11-30 06:59:26'),(36,17,101,5,'课程内容很扎实，算法讲解很清晰','2025-12-08 07:42:40','2025-12-08 07:42:40'),(37,17,102,4,'练习题目有点难，但很有收获','2025-12-08 07:42:40','2025-12-08 07:42:40'),(38,18,103,5,'机器学习入门的好课程','2025-12-08 07:42:40','2025-12-08 07:42:40'),(39,19,104,5,'实战性很强，学到了很多','2025-12-08 07:42:40','2025-12-08 07:42:40'),(40,20,103,4,'数据库知识讲得很全面','2025-12-08 07:42:40','2025-12-08 07:42:40'),(41,17,101,5,'课程内容很扎实，算法讲解很清晰','2025-12-08 07:43:05','2025-12-08 07:43:05'),(42,17,102,4,'练习题目有点难，但很有收获','2025-12-08 07:43:05','2025-12-08 07:43:05'),(43,18,103,5,'机器学习入门的好课程','2025-12-08 07:43:05','2025-12-08 07:43:05'),(44,19,104,5,'实战性很强，学到了很多','2025-12-08 07:43:05','2025-12-08 07:43:05'),(45,20,103,4,'数据库知识讲得很全面','2025-12-08 07:43:05','2025-12-08 07:43:05'),(46,17,101,5,'课程内容很扎实，算法讲解很清晰','2025-12-08 07:44:12','2025-12-08 07:44:12'),(47,17,102,4,'练习题目有点难，但很有收获','2025-12-08 07:44:12','2025-12-08 07:44:12'),(48,18,103,5,'机器学习入门的好课程','2025-12-08 07:44:12','2025-12-08 07:44:12'),(49,19,104,5,'实战性很强，学到了很多','2025-12-08 07:44:12','2025-12-08 07:44:12'),(50,20,103,4,'数据库知识讲得很全面','2025-12-08 07:44:12','2025-12-08 07:44:12'),(51,17,101,5,'课程内容很扎实，算法讲解很清晰','2025-12-08 07:47:42','2025-12-08 07:47:42'),(52,17,102,4,'练习题目有点难，但很有收获','2025-12-08 07:47:42','2025-12-08 07:47:42'),(53,18,103,5,'机器学习入门的好课程','2025-12-08 07:47:42','2025-12-08 07:47:42'),(54,19,104,5,'实战性很强，学到了很多','2025-12-08 07:47:42','2025-12-08 07:47:42'),(55,20,103,4,'数据库知识讲得很全面','2025-12-08 07:47:42','2025-12-08 07:47:42'),(56,6,116,5,'很好','2025-12-16 00:51:41','2025-12-16 00:51:41'),(58,3,14,5,'这个听力课程真的太有用了！我四级听力从120分提到了180分！','2025-12-15 02:30:00','2025-12-15 02:30:00'),(59,3,101,5,'听力训练材料非常贴近真题，帮助我在四级考试中听力部分提高了20分！','2025-12-18 03:30:00','2025-12-18 03:30:00'),(60,3,102,4,'老师的讲解很清晰，但希望增加更多不同口音的听力材料','2025-12-18 06:45:00','2025-12-18 06:45:00'),(61,3,103,5,'这是我上过的最好的四级听力课程，强烈推荐给所有备考的同学！','2025-12-19 01:20:00','2025-12-19 01:20:00'),(62,3,104,4,'练习题目设计得很合理，每天坚持练习进步明显，感谢老师！','2025-12-19 08:30:00','2025-12-19 08:30:00'),(63,3,105,5,'听完这个课程，我的听力从原来的错10个减少到错3个，太有效了！','2025-12-20 02:15:00','2025-12-20 02:15:00'),(64,3,106,4,'课程内容很好，就是希望能增加一些美式发音的练习','2025-12-20 07:40:00','2025-12-20 07:40:00'),(65,3,107,5,'老师的听力技巧讲解非常实用，让我学会了如何快速抓住关键信息','2025-12-21 03:00:00','2025-12-21 03:00:00'),(66,3,108,5,'备考四级必备课程！我已经推荐给宿舍所有同学了','2025-12-21 06:25:00','2025-12-21 06:25:00'),(67,3,109,4,'课程质量很高，如果能增加一些模拟考试就更完美了','2025-12-22 01:50:00','2025-12-22 01:50:00');
/*!40000 ALTER TABLE `course_review` ENABLE KEYS */;

--
-- Table structure for table `course_video`
--

DROP TABLE IF EXISTS `course_video`;
/*!40101 SET @saved_cs_client     = @@character_set_client */;
/*!50503 SET character_set_client = utf8mb4 */;
CREATE TABLE `course_video` (
  `video_id` int NOT NULL AUTO_INCREMENT,
  `chapter_id` int NOT NULL,
  `video_title` varchar(255) CHARACTER SET utf8mb4 COLLATE utf8mb4_unicode_ci NOT NULL,
  `video_url` varchar(255) CHARACTER SET utf8mb4 COLLATE utf8mb4_unicode_ci DEFAULT NULL,
  `video_desc` text CHARACTER SET utf8mb4 COLLATE utf8mb4_unicode_ci,
  `duration_seconds` int DEFAULT '0',
  `order_index` int DEFAULT '0',
  `created_time` datetime DEFAULT CURRENT_TIMESTAMP,
  `updated_at` timestamp NULL DEFAULT CURRENT_TIMESTAMP ON UPDATE CURRENT_TIMESTAMP,
  PRIMARY KEY (`video_id`),
  KEY `idx_chapter` (`chapter_id`),
  KEY `idx_order` (`order_index`),
  CONSTRAINT `course_video_ibfk_1` FOREIGN KEY (`chapter_id`) REFERENCES `course_chapter` (`chapter_id`) ON DELETE CASCADE
) ENGINE=InnoDB AUTO_INCREMENT=42 DEFAULT CHARSET=utf8mb4 COLLATE=utf8mb4_unicode_ci;
/*!40101 SET character_set_client = @saved_cs_client */;

--
-- Dumping data for table `course_video`
--

/*!40000 ALTER TABLE `course_video` DISABLE KEYS */;
INSERT INTO `course_video` VALUES (1,1,'Java开发环境搭建','https://wuyingyunshang.oss-cn-shanghai.aliyuncs.com/video1.mp4','安装JDK和IDE，配置开发环境',900,1,'2025-11-30 14:00:00','2025-11-29 22:00:00'),(2,1,'第一个Java程序','https://wuyingyunshang.oss-cn-shanghai.aliyuncs.com/video2.mp4','编写Hello World程序',720,2,'2025-11-30 14:00:00','2025-11-29 22:00:00'),(3,2,'类与对象','https://wuyingyunshang.oss-cn-shanghai.aliyuncs.com/video3.mp4','理解面向对象的核心概念',1200,1,'2025-11-30 14:00:00','2025-11-29 22:00:00'),(4,2,'继承与多态','https://wuyingyunshang.oss-cn-shanghai.aliyuncs.com/video4.mp4','掌握继承和多态的使用',1080,2,'2025-11-30 14:00:00','2025-11-29 22:00:00'),(5,3,'集合框架','https://wuyingyunshang.oss-cn-shanghai.aliyuncs.com/video5.mp4','学习Java集合框架',1500,1,'2025-11-30 14:00:00','2025-11-29 22:00:00'),(6,4,'机器学习算法基础','https://wuyingyunshang.oss-cn-shanghai.aliyuncs.com/video6.mp4','了解常见的机器学习算法',1800,1,'2025-11-30 14:00:00','2025-11-29 22:00:00'),(7,5,'智能推荐系统实战','https://wuyingyunshang.oss-cn-shanghai.aliyuncs.com/video7.mp4','使用Java实现推荐系统',2400,1,'2025-11-30 14:00:00','2025-11-29 22:00:00'),(8,6,'极限的概念','https://wuyingyunshang.oss-cn-shanghai.aliyuncs.com/mzcourse/%E6%95%B0%E5%AD%A61/1.mp4','理解极限的定义和性质',600,1,'2025-11-30 14:00:00','2025-11-30 06:28:39'),(9,6,'极限的计算','https://wuyingyunshang.oss-cn-shanghai.aliyuncs.com/mzcourse/%E6%95%B0%E5%AD%A61/2.mp4','掌握极限的计算方法',720,2,'2025-11-30 14:00:00','2025-11-30 06:42:52'),(10,7,'导数的定义','https://wuyingyunshang.oss-cn-shanghai.aliyuncs.com/mzcourse/%E6%95%B0%E5%AD%A61/3.mp4','理解导数的几何意义',540,1,'2025-11-30 14:00:00','2025-11-30 06:42:53'),(11,7,'求导法则','https://wuyingyunshang.oss-cn-shanghai.aliyuncs.com/mzcourse/%E6%95%B0%E5%AD%A61/1.mp4','掌握各种求导法则',660,2,'2025-11-30 14:00:00','2025-11-30 06:42:54'),(12,8,'不定积分','https://wuyingyunshang.oss-cn-shanghai.aliyuncs.com/mzcourse/%E6%95%B0%E5%AD%A61/2.mp4','学习不定积分的计算',780,1,'2025-11-30 14:00:00','2025-11-30 06:42:55'),(13,8,'定积分应用','https://wuyingyunshang.oss-cn-shanghai.aliyuncs.com/mzcourse/%E6%95%B0%E5%AD%A61/3.mp4','定积分在几何中的应用',840,2,'2025-11-30 14:00:00','2025-11-30 06:28:39'),(14,9,'短对话真题练习1','https://wuyingyunshang.oss-cn-shanghai.aliyuncs.com/mzcourse/%E8%8B%B1%E8%AF%AD1/1.mp4','短对话听力真题训练',900,1,'2025-11-30 14:00:00','2025-11-30 06:28:39'),(15,9,'短对话真题练习2','https://wuyingyunshang.oss-cn-shanghai.aliyuncs.com/mzcourse/%E8%8B%B1%E8%AF%AD1/2.mp4','短对话听力技巧讲解',900,2,'2025-11-30 14:00:00','2025-11-30 06:28:39'),(16,10,'长对话真题练习','https://wuyingyunshang.oss-cn-shanghai.aliyuncs.com/mzcourse/%E8%8B%B1%E8%AF%AD1/3.mp4','长对话听力训练',1200,1,'2025-11-30 14:00:00','2025-11-30 06:28:39'),(17,11,'短文听力训练','https://wuyingyunshang.oss-cn-shanghai.aliyuncs.com/mzcourse/%E8%8B%B1%E8%AF%AD1/1.mp4','短文听力专项练习',1080,1,'2025-11-30 14:00:00','2025-11-30 06:43:01'),(18,12,'听力技巧总结','https://wuyingyunshang.oss-cn-shanghai.aliyuncs.com/mzcourse/%E8%8B%B1%E8%AF%AD1/2.mp4','四级听力技巧汇总',600,1,'2025-11-30 14:00:00','2025-11-30 06:43:03'),(19,13,'复杂函数求导','https://wuyingyunshang.oss-cn-shanghai.aliyuncs.com/mzcourse/%E8%A7%86%E9%A2%91/%E9%AB%98%E6%95%B01.mp4','掌握复杂函数的求导技巧',900,1,'2025-11-30 14:00:00','2025-11-30 06:43:05'),(20,14,'积分计算技巧','https://wuyingyunshang.oss-cn-shanghai.aliyuncs.com/mzcourse/%E8%A7%86%E9%A2%91/%E9%AB%98%E6%95%B02.mp4','高级积分计算方法',960,1,'2025-11-30 14:00:00','2025-11-30 06:43:05'),(21,16,'申论基础理论','https://wuyingyunshang.oss-cn-shanghai.aliyuncs.com/mzcourse/%E8%A7%86%E9%A2%91/%E8%80%83%E5%85%AC%E7%94%B3%E8%AE%BA1.mp4','申论考试基础知识',720,1,'2025-11-30 14:00:00','2025-11-30 06:30:21'),(22,17,'材料分析方法','https://wuyingyunshang.oss-cn-shanghai.aliyuncs.com/mzcourse/%E8%A7%86%E9%A2%91/%E8%80%83%E5%85%AC%E7%94%B3%E8%AE%BA2.mp4','如何分析申论材料',840,1,'2025-11-30 14:00:00','2025-11-30 06:30:21'),(23,19,'六级听力技巧','https://wuyingyunshang.oss-cn-shanghai.aliyuncs.com/mzcourse/%E8%A7%86%E9%A2%91/%E5%85%AD%E7%BA%A71.mp4','六级听力答题技巧',1080,1,'2025-11-30 14:00:00','2025-11-30 06:43:09'),(24,20,'六级阅读方法','https://wuyingyunshang.oss-cn-shanghai.aliyuncs.com/mzcourse/%E8%A7%86%E9%A2%91/%E5%85%AD%E7%BA%A72.mp4','快速阅读理解方法',1200,1,'2025-11-30 14:00:00','2025-11-30 06:43:10'),(25,23,'申论理论框架','https://wuyingyunshang.oss-cn-shanghai.aliyuncs.com/mzcourse/%E8%A7%86%E9%A2%91/%E8%80%83%E5%85%AC%E7%94%B3%E8%AE%BA1.mp4','申论理论体系讲解',1500,1,'2025-11-30 14:00:00','2025-11-30 06:43:11'),(26,28,'高效学习法','https://wuyingyunshang.oss-cn-shanghai.aliyuncs.com/mzcourse/%E8%A7%86%E9%A2%91/%E8%80%83%E5%85%AC%E8%A1%8C%E6%B5%8B1.mp4','清华学习方法论',900,1,'2025-11-30 14:00:00','2025-11-30 06:43:12'),(27,32,'Python数据分析环境搭建','https://wuyingyunshang.oss-cn-shanghai.aliyuncs.com/video27.mp4','安装Anaconda和Jupyter',600,1,'2025-11-30 14:00:00','2025-11-29 22:00:00'),(28,33,'Pandas基础操作','https://wuyingyunshang.oss-cn-shanghai.aliyuncs.com/video28.mp4','DataFrame和Series的使用',1200,1,'2025-11-30 14:00:00','2025-11-29 22:00:00'),(29,33,'数据清洗技巧','https://wuyingyunshang.oss-cn-shanghai.aliyuncs.com/video29.mp4','处理缺失值和异常值',1080,2,'2025-11-30 14:00:00','2025-11-29 22:00:00'),(30,34,'NumPy数组运算','https://wuyingyunshang.oss-cn-shanghai.aliyuncs.com/video30.mp4','数组的创建和运算',900,1,'2025-11-30 14:00:00','2025-11-29 22:00:00'),(31,35,'Matplotlib可视化','https://wuyingyunshang.oss-cn-shanghai.aliyuncs.com/video31.mp4','使用Matplotlib绘图',1200,1,'2025-11-30 14:00:00','2025-11-29 22:00:00'),(32,36,'销售数据分析项目','https://wuyingyunshang.oss-cn-shanghai.aliyuncs.com/video32.mp4','完整的数据分析项目实战',2400,1,'2025-11-30 14:00:00','2025-11-29 22:00:00'),(33,37,'HTML5标签详解','https://wuyingyunshang.oss-cn-shanghai.aliyuncs.com/video33.mp4','HTML5语义化标签使用',1080,1,'2025-11-30 14:00:00','2025-11-29 22:00:00'),(34,38,'CSS3布局技巧','https://wuyingyunshang.oss-cn-shanghai.aliyuncs.com/video34.mp4','Flexbox和Grid布局',1200,1,'2025-11-30 14:00:00','2025-11-29 22:00:00'),(35,39,'JavaScript ES6+','https://wuyingyunshang.oss-cn-shanghai.aliyuncs.com/video35.mp4','ES6新特性详解',1500,1,'2025-11-30 14:00:00','2025-11-29 22:00:00'),(36,40,'Vue.js入门','https://wuyingyunshang.oss-cn-shanghai.aliyuncs.com/video36.mp4','Vue.js框架基础',1800,1,'2025-11-30 14:00:00','2025-11-29 22:00:00'),(37,42,'机器学习基础','https://wuyingyunshang.oss-cn-shanghai.aliyuncs.com/video37.mp4','机器学习概念介绍',1200,1,'2025-11-30 14:00:00','2025-11-29 22:00:00'),(38,43,'线性回归算法','https://wuyingyunshang.oss-cn-shanghai.aliyuncs.com/video38.mp4','线性回归原理和实现',1500,1,'2025-11-30 14:00:00','2025-11-29 22:00:00'),(39,47,'牛顿运动定律','https://wuyingyunshang.oss-cn-shanghai.aliyuncs.com/video39.mp4','力学基础知识',900,1,'2025-11-30 14:00:00','2025-11-29 22:00:00'),(40,50,'快速阅读技巧','https://wuyingyunshang.oss-cn-shanghai.aliyuncs.com/video40.mp4','提高阅读速度的方法',1080,1,'2025-11-30 14:00:00','2025-11-29 22:00:00');
/*!40000 ALTER TABLE `course_video` ENABLE KEYS */;

--
-- Table structure for table `learning_behaviors`
--

DROP TABLE IF EXISTS `learning_behaviors`;
/*!40101 SET @saved_cs_client     = @@character_set_client */;
/*!50503 SET character_set_client = utf8mb4 */;
CREATE TABLE `learning_behaviors` (
  `id` int NOT NULL AUTO_INCREMENT,
  `user_id` int NOT NULL,
  `course_id` int DEFAULT NULL,
  `chapter_id` int DEFAULT NULL,
  `behavior_type` varchar(50) NOT NULL,
  `behavior_data` json DEFAULT NULL,
  `duration` int DEFAULT '0',
  `video_position` int DEFAULT '0',
  `created_at` timestamp NULL DEFAULT CURRENT_TIMESTAMP,
  PRIMARY KEY (`id`),
  KEY `idx_user_course` (`user_id`,`course_id`),
  KEY `idx_behavior_type` (`behavior_type`),
  KEY `idx_created_at` (`created_at`)
) ENGINE=InnoDB AUTO_INCREMENT=3277 DEFAULT CHARSET=utf8mb4 COLLATE=utf8mb4_0900_ai_ci;
/*!40101 SET character_set_client = @saved_cs_client */;

--
-- Dumping data for table `learning_behaviors`
--

/*!40000 ALTER TABLE `learning_behaviors` DISABLE KEYS */;
INSERT INTO `learning_behaviors` VALUES (1,1,1,1,'play','{\"action\": \"start\", \"video_info\": {\"duration\": 1200}}',0,0,'2025-12-11 08:39:42'),(2,1,1,1,'pause','{\"reason\": \"user\", \"pause_position\": 120}',0,120,'2025-12-11 08:39:42'),(3,1,1,1,'seek_forward','{\"to_position\": 180, \"from_position\": 120, \"skip_duration\": 60}',0,180,'2025-12-11 08:39:42'),(4,1,1,1,'note_taking','{\"note_type\": \"text\", \"has_content\": true, \"note_length\": 50}',30,200,'2025-12-11 08:39:42'),(5,1,1,1,'speed_up','{\"new_speed\": 1.5, \"old_speed\": 1}',0,250,'2025-12-11 08:39:42'),(6,1,1,1,'bookmark','{\"bookmark_position\": 300}',0,300,'2025-12-11 08:39:42'),(7,1,1,1,'seek_backward','{\"to_position\": 350, \"from_position\": 400, \"rewind_duration\": 50}',0,350,'2025-12-11 08:39:42'),(8,1,1,1,'discussion','{\"discussion_type\": \"comment\"}',60,400,'2025-12-11 08:39:42'),(9,1,1,1,'question_ask','{\"question_type\": \"text\", \"question_length\": 80}',45,450,'2025-12-11 08:39:42'),(10,1,1,1,'replay','{\"end_position\": 400, \"start_position\": 300, \"replay_duration\": 100}',0,400,'2025-12-11 08:39:42'),(11,1,1,1,'focus_lost','{\"lost_at_position\": 500}',0,500,'2025-12-11 08:39:42'),(12,1,1,1,'focus_regain','{\"regain_at_position\": 500, \"focus_lost_duration\": 30000}',0,500,'2025-12-11 08:39:42'),(13,1,1,1,'chapter_complete','{\"total_time\": 3600000, \"completion_rate\": 100}',0,1200,'2025-12-11 08:39:42'),(14,2,1,1,'play','{\"action\": \"start\"}',0,0,'2025-12-11 08:39:42'),(15,2,1,1,'pause','{\"reason\": \"user\"}',0,90,'2025-12-11 08:39:42'),(16,2,1,1,'note_taking','{\"note_type\": \"text\"}',25,150,'2025-12-11 08:39:42'),(17,2,1,1,'speed_down','{\"new_speed\": 0.75, \"old_speed\": 1}',0,200,'2025-12-11 08:39:42'),(18,2,1,1,'quiz_attempt','{\"quiz_id\": 1, \"quiz_type\": \"multiple_choice\"}',120,300,'2025-12-11 08:39:42'),(19,3,1,2,'play','{\"action\": \"start\"}',0,0,'2025-12-11 08:39:42'),(20,3,1,2,'seek_forward','{\"skip_duration\": 30}',0,30,'2025-12-11 08:39:42'),(21,3,1,2,'bookmark','{\"bookmark_position\": 180}',0,180,'2025-12-11 08:39:42'),(22,3,1,2,'resource_download','{\"resource_name\": \"lecture_notes.pdf\", \"resource_type\": \"pdf\"}',0,200,'2025-12-11 08:39:42'),(23,1,1,1,'play','{\"action\": \"start\", \"video_info\": {\"duration\": 1200}}',0,0,'2025-12-11 09:08:54'),(24,1,1,1,'pause','{\"reason\": \"user\", \"pause_position\": 120}',0,120,'2025-12-11 09:08:54'),(25,1,1,1,'seek_forward','{\"to_position\": 180, \"from_position\": 120, \"skip_duration\": 60}',0,180,'2025-12-11 09:08:54'),(26,1,1,1,'note_taking','{\"note_type\": \"text\", \"has_content\": true, \"note_length\": 50}',30,200,'2025-12-11 09:08:54'),(27,1,1,1,'speed_up','{\"new_speed\": 1.5, \"old_speed\": 1}',0,250,'2025-12-11 09:08:54'),(28,1,1,1,'bookmark','{\"bookmark_position\": 300}',0,300,'2025-12-11 09:08:54'),(29,1,1,1,'seek_backward','{\"to_position\": 350, \"from_position\": 400, \"rewind_duration\": 50}',0,350,'2025-12-11 09:08:54'),(30,1,1,1,'discussion','{\"discussion_type\": \"comment\"}',60,400,'2025-12-11 09:08:54'),(31,1,1,1,'question_ask','{\"question_type\": \"text\", \"question_length\": 80}',45,450,'2025-12-11 09:08:54'),(32,1,1,1,'replay','{\"end_position\": 400, \"start_position\": 300, \"replay_duration\": 100}',0,400,'2025-12-11 09:08:54'),(33,1,1,1,'focus_lost','{\"lost_at_position\": 500}',0,500,'2025-12-11 09:08:54'),(34,1,1,1,'focus_regain','{\"regain_at_position\": 500, \"focus_lost_duration\": 30000}',0,500,'2025-12-11 09:08:54'),(35,1,1,1,'chapter_complete','{\"total_time\": 3600000, \"completion_rate\": 100}',0,1200,'2025-12-11 09:08:54'),(36,2,1,1,'play','{\"action\": \"start\"}',0,0,'2025-12-11 09:08:54'),(37,2,1,1,'pause','{\"reason\": \"user\"}',0,90,'2025-12-11 09:08:54'),(38,2,1,1,'note_taking','{\"note_type\": \"text\"}',25,150,'2025-12-11 09:08:54'),(39,2,1,1,'speed_down','{\"new_speed\": 0.75, \"old_speed\": 1}',0,200,'2025-12-11 09:08:54'),(40,2,1,1,'quiz_attempt','{\"quiz_id\": 1, \"quiz_type\": \"multiple_choice\"}',120,300,'2025-12-11 09:08:54'),(41,3,1,2,'play','{\"action\": \"start\"}',0,0,'2025-12-11 09:08:54'),(42,3,1,2,'seek_forward','{\"skip_duration\": 30}',0,30,'2025-12-11 09:08:54'),(43,3,1,2,'bookmark','{\"bookmark_position\": 180}',0,180,'2025-12-11 09:08:54'),(44,3,1,2,'resource_download','{\"resource_name\": \"lecture_notes.pdf\", \"resource_type\": \"pdf\"}',0,200,'2025-12-11 09:08:54'),(45,1,1,1,'play','{\"action\": \"start\", \"video_info\": {\"duration\": 1200}}',0,0,'2025-12-11 09:09:32'),(46,1,1,1,'pause','{\"reason\": \"user\", \"pause_position\": 120}',0,120,'2025-12-11 09:09:32'),(47,1,1,1,'seek_forward','{\"to_position\": 180, \"from_position\": 120, \"skip_duration\": 60}',0,180,'2025-12-11 09:09:32'),(48,1,1,1,'note_taking','{\"note_type\": \"text\", \"has_content\": true, \"note_length\": 50}',30,200,'2025-12-11 09:09:32'),(49,1,1,1,'speed_up','{\"new_speed\": 1.5, \"old_speed\": 1}',0,250,'2025-12-11 09:09:32'),(50,1,1,1,'bookmark','{\"bookmark_position\": 300}',0,300,'2025-12-11 09:09:32'),(51,1,1,1,'seek_backward','{\"to_position\": 350, \"from_position\": 400, \"rewind_duration\": 50}',0,350,'2025-12-11 09:09:32'),(52,1,1,1,'discussion','{\"discussion_type\": \"comment\"}',60,400,'2025-12-11 09:09:32'),(53,1,1,1,'question_ask','{\"question_type\": \"text\", \"question_length\": 80}',45,450,'2025-12-11 09:09:32'),(54,1,1,1,'replay','{\"end_position\": 400, \"start_position\": 300, \"replay_duration\": 100}',0,400,'2025-12-11 09:09:32'),(55,1,1,1,'focus_lost','{\"lost_at_position\": 500}',0,500,'2025-12-11 09:09:32'),(56,1,1,1,'focus_regain','{\"regain_at_position\": 500, \"focus_lost_duration\": 30000}',0,500,'2025-12-11 09:09:32'),(57,1,1,1,'chapter_complete','{\"total_time\": 3600000, \"completion_rate\": 100}',0,1200,'2025-12-11 09:09:32'),(58,2,1,1,'play','{\"action\": \"start\"}',0,0,'2025-12-11 09:09:32'),(59,2,1,1,'pause','{\"reason\": \"user\"}',0,90,'2025-12-11 09:09:32'),(60,2,1,1,'note_taking','{\"note_type\": \"text\"}',25,150,'2025-12-11 09:09:32'),(61,2,1,1,'speed_down','{\"new_speed\": 0.75, \"old_speed\": 1}',0,200,'2025-12-11 09:09:32'),(62,2,1,1,'quiz_attempt','{\"quiz_id\": 1, \"quiz_type\": \"multiple_choice\"}',120,300,'2025-12-11 09:09:32'),(63,3,1,2,'play','{\"action\": \"start\"}',0,0,'2025-12-11 09:09:32'),(64,3,1,2,'seek_forward','{\"skip_duration\": 30}',0,30,'2025-12-11 09:09:32'),(65,3,1,2,'bookmark','{\"bookmark_position\": 180}',0,180,'2025-12-11 09:09:32'),(66,3,1,2,'resource_download','{\"resource_name\": \"lecture_notes.pdf\", \"resource_type\": \"pdf\"}',0,200,'2025-12-11 09:09:32'),(67,1,1,1,'play','{\"action\": \"start\"}',0,0,'2025-12-11 09:20:23'),(68,1,1,1,'pause','{\"reason\": \"user\"}',0,120,'2025-12-11 09:20:23'),(69,1,1,1,'seek_forward','{\"skip_duration\": 60}',0,180,'2025-12-11 09:20:23'),(70,1,1,1,'note_taking','{\"note_length\": 50}',30,200,'2025-12-11 09:20:23'),(71,1,1,1,'speed_up','{\"new_speed\": 1.5, \"old_speed\": 1}',0,250,'2025-12-11 09:20:23'),(72,1,1,1,'bookmark','{\"bookmark_position\": 300}',0,300,'2025-12-11 09:20:23'),(73,1,1,1,'seek_backward','{\"rewind_duration\": 50}',0,350,'2025-12-11 09:20:23'),(74,1,1,1,'discussion','{\"discussion_type\": \"comment\"}',60,400,'2025-12-11 09:20:23'),(75,1,1,1,'question_ask','{\"question_length\": 80}',45,450,'2025-12-11 09:20:23'),(76,1,1,1,'replay','{\"replay_duration\": 100}',0,400,'2025-12-11 09:20:23'),(77,1,1,1,'focus_lost','{\"lost_at_position\": 500}',0,500,'2025-12-11 09:20:23'),(78,1,1,1,'focus_regain','{\"focus_lost_duration\": 30000}',0,500,'2025-12-11 09:20:23'),(79,1,1,1,'chapter_complete','{\"completion_rate\": 100}',0,1200,'2025-12-11 09:20:23'),(80,101,17,63,'focus_lost','{\"lost_at_position\": 500}',75,429,'2025-11-13 13:50:36'),(81,101,17,64,'bookmark','{\"bookmark_position\": 300}',77,1029,'2025-11-23 13:50:36'),(82,101,17,63,'speed_up','{\"new_speed\": 1.5, \"old_speed\": 1}',103,101,'2025-11-28 13:50:36'),(83,101,17,62,'seek_backward','{\"rewind_duration\": 15}',76,1084,'2025-11-24 13:50:36'),(84,101,17,63,'chapter_complete','{\"completion_rate\": 100}',43,361,'2025-11-24 13:50:36'),(85,101,17,63,'bookmark','{\"bookmark_position\": 300}',34,263,'2025-11-18 13:50:36'),(86,101,17,63,'speed_up','{\"new_speed\": 1.5, \"old_speed\": 1}',17,108,'2025-12-09 13:50:36'),(87,101,17,63,'bookmark','{\"bookmark_position\": 300}',93,805,'2025-12-03 13:50:36'),(88,101,17,65,'discussion','{\"discussion_type\": \"comment\"}',46,1196,'2025-12-04 13:50:36'),(89,101,17,65,'discussion','{\"discussion_type\": \"comment\"}',24,549,'2025-11-16 13:50:36'),(90,101,17,64,'chapter_complete','{\"completion_rate\": 100}',33,321,'2025-12-03 13:50:36'),(91,101,17,63,'chapter_complete','{\"completion_rate\": 100}',106,666,'2025-11-15 13:50:36'),(92,101,17,64,'question_ask','{\"question_type\": \"text\"}',84,11,'2025-11-21 13:50:36'),(93,101,17,63,'note_taking','{\"note_type\": \"text\", \"note_length\": 50}',17,584,'2025-11-29 13:50:36'),(94,101,17,64,'focus_regain','{\"focus_lost_duration\": 30000}',115,762,'2025-12-02 13:50:36'),(95,101,17,65,'discussion','{\"discussion_type\": \"comment\"}',80,405,'2025-12-03 13:50:36'),(96,101,17,63,'replay','{\"replay_duration\": 60}',47,705,'2025-11-13 13:50:36'),(97,101,17,63,'bookmark','{\"bookmark_position\": 300}',50,369,'2025-11-30 13:50:36'),(98,101,17,65,'chapter_complete','{\"completion_rate\": 100}',112,43,'2025-11-23 13:50:36'),(99,101,17,65,'question_ask','{\"question_type\": \"text\"}',109,487,'2025-11-29 13:50:36'),(100,101,17,65,'note_taking','{\"note_type\": \"text\", \"note_length\": 50}',71,867,'2025-12-10 13:50:36'),(101,101,17,62,'quiz_attempt','{\"quiz_type\": \"multiple_choice\"}',87,662,'2025-11-18 13:50:36'),(102,101,17,62,'seek_forward','{\"skip_duration\": 30}',32,592,'2025-12-04 13:50:36'),(103,101,17,62,'question_ask','{\"question_type\": \"text\"}',83,203,'2025-12-09 13:50:36'),(104,101,17,64,'bookmark','{\"bookmark_position\": 300}',71,21,'2025-12-09 13:50:36'),(105,101,17,62,'chapter_complete','{\"completion_rate\": 100}',110,606,'2025-11-21 13:50:36'),(106,101,17,64,'bookmark','{\"bookmark_position\": 300}',107,492,'2025-11-23 13:50:36'),(107,101,17,64,'discussion','{\"discussion_type\": \"comment\"}',88,731,'2025-11-18 13:50:36'),(108,101,17,65,'note_taking','{\"note_type\": \"text\", \"note_length\": 50}',20,268,'2025-12-11 13:50:36'),(109,101,17,64,'seek_forward','{\"skip_duration\": 30}',8,1189,'2025-12-07 13:50:36'),(110,101,17,65,'resource_download','{\"resource_type\": \"pdf\"}',68,479,'2025-12-04 13:50:36'),(111,101,17,62,'seek_forward','{\"skip_duration\": 30}',66,393,'2025-11-14 13:50:36'),(112,101,17,64,'seek_forward','{\"skip_duration\": 30}',16,1182,'2025-11-21 13:50:36'),(113,101,17,65,'play','{\"action\": \"start\"}',72,864,'2025-11-27 13:50:36'),(114,101,17,63,'resource_download','{\"resource_type\": \"pdf\"}',41,637,'2025-11-25 13:50:36'),(115,101,17,62,'note_taking','{\"note_type\": \"text\", \"note_length\": 50}',11,591,'2025-11-15 13:50:36'),(116,101,17,65,'seek_backward','{\"rewind_duration\": 15}',58,636,'2025-11-17 13:50:36'),(117,101,17,64,'bookmark','{\"bookmark_position\": 300}',100,142,'2025-11-28 13:50:36'),(118,101,17,64,'bookmark','{\"bookmark_position\": 300}',11,157,'2025-11-22 13:50:36'),(119,101,17,63,'discussion','{\"discussion_type\": \"comment\"}',115,169,'2025-12-01 13:50:36'),(120,101,17,65,'speed_down','{\"new_speed\": 0.75, \"old_speed\": 1}',10,583,'2025-12-03 13:50:36'),(121,101,17,64,'focus_lost','{\"lost_at_position\": 500}',15,1103,'2025-12-09 13:50:36'),(122,101,17,63,'speed_down','{\"new_speed\": 0.75, \"old_speed\": 1}',119,988,'2025-11-24 13:50:36'),(123,101,17,62,'discussion','{\"discussion_type\": \"comment\"}',76,707,'2025-12-08 13:50:36'),(124,101,17,65,'replay','{\"replay_duration\": 60}',1,320,'2025-11-25 13:50:36'),(125,101,17,63,'seek_forward','{\"skip_duration\": 30}',37,1094,'2025-11-29 13:50:36'),(126,101,17,62,'quiz_attempt','{\"quiz_type\": \"multiple_choice\"}',41,909,'2025-12-07 13:50:36'),(127,101,17,63,'seek_forward','{\"skip_duration\": 30}',89,406,'2025-11-25 13:50:36'),(128,101,17,63,'chapter_complete','{\"completion_rate\": 100}',4,851,'2025-11-25 13:50:36'),(129,101,17,62,'chapter_complete','{\"completion_rate\": 100}',27,471,'2025-12-03 13:50:36'),(130,101,17,63,'speed_up','{\"new_speed\": 1.5, \"old_speed\": 1}',27,251,'2025-11-18 13:50:36'),(131,101,17,65,'pause','{\"reason\": \"user\"}',111,117,'2025-11-18 13:50:36'),(132,101,17,64,'note_taking','{\"note_type\": \"text\", \"note_length\": 50}',42,404,'2025-11-13 13:50:36'),(133,101,17,62,'replay','{\"replay_duration\": 60}',88,70,'2025-12-04 13:50:36'),(134,101,17,65,'pause','{\"reason\": \"user\"}',34,427,'2025-11-16 13:50:36'),(135,101,17,62,'focus_regain','{\"focus_lost_duration\": 30000}',110,881,'2025-11-23 13:50:36'),(136,101,17,64,'focus_lost','{\"lost_at_position\": 500}',24,1064,'2025-12-08 13:50:36'),(137,101,17,64,'focus_regain','{\"focus_lost_duration\": 30000}',119,1127,'2025-11-19 13:50:36'),(138,101,17,64,'discussion','{\"discussion_type\": \"comment\"}',103,139,'2025-11-19 13:50:36'),(139,101,17,65,'seek_forward','{\"skip_duration\": 30}',5,397,'2025-11-17 13:50:36'),(140,101,17,65,'replay','{\"replay_duration\": 60}',81,845,'2025-11-15 13:50:36'),(141,101,17,65,'quiz_attempt','{\"quiz_type\": \"multiple_choice\"}',62,1054,'2025-11-21 13:50:36'),(142,101,17,65,'focus_regain','{\"focus_lost_duration\": 30000}',90,927,'2025-12-01 13:50:36'),(143,101,17,62,'quiz_attempt','{\"quiz_type\": \"multiple_choice\"}',0,359,'2025-12-07 13:50:36'),(144,101,17,63,'quiz_attempt','{\"quiz_type\": \"multiple_choice\"}',31,1131,'2025-12-06 13:50:36'),(145,101,17,64,'speed_up','{\"new_speed\": 1.5, \"old_speed\": 1}',73,961,'2025-11-12 13:50:36'),(146,101,17,64,'bookmark','{\"bookmark_position\": 300}',108,1070,'2025-12-10 13:50:36'),(147,101,17,64,'quiz_attempt','{\"quiz_type\": \"multiple_choice\"}',31,752,'2025-11-18 13:50:36'),(148,101,17,64,'replay','{\"replay_duration\": 60}',40,501,'2025-11-16 13:50:36'),(149,101,17,65,'discussion','{\"discussion_type\": \"comment\"}',0,455,'2025-11-30 13:50:36'),(150,101,17,63,'question_ask','{\"question_type\": \"text\"}',89,251,'2025-11-12 13:50:36'),(151,101,17,65,'note_taking','{\"note_type\": \"text\", \"note_length\": 50}',45,774,'2025-11-22 13:50:36'),(152,101,17,64,'chapter_complete','{\"completion_rate\": 100}',42,542,'2025-12-08 13:50:36'),(153,101,17,65,'replay','{\"replay_duration\": 60}',56,673,'2025-11-21 13:50:36'),(154,101,17,63,'seek_backward','{\"rewind_duration\": 15}',85,1163,'2025-12-05 13:50:36'),(155,101,17,64,'focus_regain','{\"focus_lost_duration\": 30000}',119,1039,'2025-12-09 13:50:36'),(156,101,17,63,'note_taking','{\"note_type\": \"text\", \"note_length\": 50}',2,636,'2025-11-24 13:50:36'),(157,101,17,64,'note_taking','{\"note_type\": \"text\", \"note_length\": 50}',51,1062,'2025-11-16 13:50:36'),(158,101,17,64,'discussion','{\"discussion_type\": \"comment\"}',82,266,'2025-11-22 13:50:36'),(159,101,17,63,'note_taking','{\"note_type\": \"text\", \"note_length\": 50}',99,432,'2025-12-08 13:50:36'),(160,101,17,62,'seek_backward','{\"rewind_duration\": 15}',62,727,'2025-12-06 13:50:36'),(161,101,17,64,'question_ask','{\"question_type\": \"text\"}',92,81,'2025-11-27 13:50:36'),(162,101,17,64,'note_taking','{\"note_type\": \"text\", \"note_length\": 50}',22,767,'2025-12-06 13:50:36'),(163,101,17,64,'chapter_complete','{\"completion_rate\": 100}',113,922,'2025-12-04 13:50:36'),(164,101,17,63,'quiz_attempt','{\"quiz_type\": \"multiple_choice\"}',45,751,'2025-11-19 13:50:36'),(165,101,17,63,'quiz_attempt','{\"quiz_type\": \"multiple_choice\"}',87,154,'2025-12-08 13:50:36'),(166,101,17,64,'question_ask','{\"question_type\": \"text\"}',16,932,'2025-11-16 13:50:36'),(167,101,17,63,'quiz_attempt','{\"quiz_type\": \"multiple_choice\"}',46,1027,'2025-11-26 13:50:36'),(168,101,17,63,'bookmark','{\"bookmark_position\": 300}',31,838,'2025-11-20 13:50:37'),(169,102,17,62,'focus_regain','{\"focus_lost_duration\": 30000}',91,812,'2025-11-29 13:50:37'),(170,102,17,62,'focus_regain','{\"focus_lost_duration\": 30000}',115,467,'2025-12-04 13:50:37'),(171,102,17,62,'note_taking','{\"note_type\": \"text\", \"note_length\": 50}',30,683,'2025-12-01 13:50:37'),(172,102,17,63,'speed_down','{\"new_speed\": 0.75, \"old_speed\": 1}',84,291,'2025-12-06 13:50:37'),(173,102,17,62,'bookmark','{\"bookmark_position\": 300}',83,1110,'2025-11-26 13:50:37'),(174,102,17,65,'seek_backward','{\"rewind_duration\": 15}',84,130,'2025-11-29 13:50:37'),(175,102,17,62,'speed_up','{\"new_speed\": 1.5, \"old_speed\": 1}',104,505,'2025-11-30 13:50:37'),(176,102,17,63,'pause','{\"reason\": \"user\"}',92,74,'2025-12-03 13:50:37'),(177,102,17,63,'play','{\"action\": \"start\"}',28,471,'2025-12-07 13:50:37'),(178,102,17,63,'focus_regain','{\"focus_lost_duration\": 30000}',25,510,'2025-12-03 13:50:37'),(179,102,17,62,'seek_forward','{\"skip_duration\": 30}',97,574,'2025-11-26 13:50:37'),(180,102,17,65,'speed_up','{\"new_speed\": 1.5, \"old_speed\": 1}',98,390,'2025-11-20 13:50:37'),(181,102,17,64,'discussion','{\"discussion_type\": \"comment\"}',2,1173,'2025-12-10 13:50:37'),(182,102,17,65,'play','{\"action\": \"start\"}',60,392,'2025-11-18 13:50:37'),(183,102,17,63,'play','{\"action\": \"start\"}',58,753,'2025-11-18 13:50:37'),(184,102,17,65,'focus_regain','{\"focus_lost_duration\": 30000}',41,890,'2025-11-15 13:50:37'),(185,102,17,64,'seek_forward','{\"skip_duration\": 30}',10,184,'2025-12-01 13:50:37'),(186,102,17,62,'focus_lost','{\"lost_at_position\": 500}',3,1105,'2025-12-08 13:50:37'),(187,102,17,62,'seek_backward','{\"rewind_duration\": 15}',19,736,'2025-11-27 13:50:37'),(188,102,17,64,'focus_regain','{\"focus_lost_duration\": 30000}',57,672,'2025-12-04 13:50:37'),(189,102,17,62,'speed_down','{\"new_speed\": 0.75, \"old_speed\": 1}',22,82,'2025-11-14 13:50:37'),(190,102,17,65,'focus_regain','{\"focus_lost_duration\": 30000}',1,400,'2025-11-16 13:50:37'),(191,102,17,65,'bookmark','{\"bookmark_position\": 300}',31,624,'2025-12-10 13:50:37'),(192,102,17,63,'speed_down','{\"new_speed\": 0.75, \"old_speed\": 1}',16,978,'2025-12-11 13:50:37'),(193,102,17,62,'speed_down','{\"new_speed\": 0.75, \"old_speed\": 1}',89,1036,'2025-12-09 13:50:37'),(194,102,17,65,'focus_regain','{\"focus_lost_duration\": 30000}',50,191,'2025-11-16 13:50:37'),(195,102,17,64,'question_ask','{\"question_type\": \"text\"}',64,1021,'2025-12-01 13:50:37'),(196,102,17,64,'note_taking','{\"note_type\": \"text\", \"note_length\": 50}',79,192,'2025-11-18 13:50:37'),(197,102,17,62,'replay','{\"replay_duration\": 60}',41,1151,'2025-11-25 13:50:37'),(198,102,17,63,'focus_lost','{\"lost_at_position\": 500}',65,188,'2025-11-20 13:50:37'),(199,102,17,64,'play','{\"action\": \"start\"}',48,298,'2025-11-12 13:50:37'),(200,102,17,64,'bookmark','{\"bookmark_position\": 300}',12,191,'2025-11-17 13:50:37'),(201,102,17,63,'bookmark','{\"bookmark_position\": 300}',7,718,'2025-11-18 13:50:37'),(202,102,17,63,'quiz_attempt','{\"quiz_type\": \"multiple_choice\"}',73,329,'2025-12-05 13:50:37'),(203,102,17,65,'replay','{\"replay_duration\": 60}',7,501,'2025-12-01 13:50:37'),(204,102,17,64,'resource_download','{\"resource_type\": \"pdf\"}',85,722,'2025-11-26 13:50:37'),(205,102,17,64,'chapter_complete','{\"completion_rate\": 100}',109,351,'2025-11-14 13:50:37'),(206,102,17,65,'discussion','{\"discussion_type\": \"comment\"}',47,985,'2025-12-09 13:50:37'),(207,102,17,62,'play','{\"action\": \"start\"}',111,940,'2025-11-20 13:50:37'),(208,102,17,64,'quiz_attempt','{\"quiz_type\": \"multiple_choice\"}',67,388,'2025-11-21 13:50:37'),(209,102,17,65,'resource_download','{\"resource_type\": \"pdf\"}',78,256,'2025-11-29 13:50:37'),(210,102,17,64,'speed_down','{\"new_speed\": 0.75, \"old_speed\": 1}',42,339,'2025-11-14 13:50:37'),(211,102,17,65,'play','{\"action\": \"start\"}',18,132,'2025-11-17 13:50:37'),(212,102,17,63,'speed_up','{\"new_speed\": 1.5, \"old_speed\": 1}',15,711,'2025-12-02 13:50:37'),(213,102,17,63,'chapter_complete','{\"completion_rate\": 100}',13,1079,'2025-11-21 13:50:37'),(214,102,17,63,'replay','{\"replay_duration\": 60}',73,675,'2025-12-02 13:50:37'),(215,102,17,65,'pause','{\"reason\": \"user\"}',116,1059,'2025-12-05 13:50:37'),(216,102,17,62,'pause','{\"reason\": \"user\"}',79,880,'2025-11-21 13:50:37'),(217,102,17,63,'focus_regain','{\"focus_lost_duration\": 30000}',13,1097,'2025-11-22 13:50:37'),(218,102,17,64,'resource_download','{\"resource_type\": \"pdf\"}',75,36,'2025-11-22 13:50:37'),(219,102,17,64,'speed_down','{\"new_speed\": 0.75, \"old_speed\": 1}',61,896,'2025-11-26 13:50:37'),(220,102,17,64,'focus_regain','{\"focus_lost_duration\": 30000}',32,332,'2025-11-18 13:50:37'),(221,102,17,64,'focus_lost','{\"lost_at_position\": 500}',118,567,'2025-12-03 13:50:37'),(222,102,17,65,'speed_down','{\"new_speed\": 0.75, \"old_speed\": 1}',16,260,'2025-11-22 13:50:37'),(223,102,17,65,'seek_backward','{\"rewind_duration\": 15}',8,1018,'2025-11-28 13:50:37'),(224,102,17,63,'question_ask','{\"question_type\": \"text\"}',41,585,'2025-11-18 13:50:37'),(225,102,17,63,'chapter_complete','{\"completion_rate\": 100}',54,979,'2025-11-17 13:50:37'),(226,102,17,65,'resource_download','{\"resource_type\": \"pdf\"}',115,509,'2025-11-25 13:50:37'),(227,102,17,63,'seek_forward','{\"skip_duration\": 30}',2,640,'2025-12-03 13:50:37'),(228,102,17,65,'note_taking','{\"note_type\": \"text\", \"note_length\": 50}',48,193,'2025-12-02 13:50:37'),(229,102,17,64,'focus_regain','{\"focus_lost_duration\": 30000}',36,336,'2025-11-26 13:50:37'),(230,102,17,62,'focus_lost','{\"lost_at_position\": 500}',16,139,'2025-12-03 13:50:37'),(231,102,17,62,'chapter_complete','{\"completion_rate\": 100}',55,546,'2025-11-27 13:50:37'),(232,104,17,64,'replay','{\"replay_duration\": 60}',55,715,'2025-11-26 13:50:37'),(233,104,17,62,'resource_download','{\"resource_type\": \"pdf\"}',17,1111,'2025-12-04 13:50:37'),(234,104,17,64,'focus_lost','{\"lost_at_position\": 500}',7,848,'2025-12-08 13:50:37'),(235,104,17,63,'replay','{\"replay_duration\": 60}',41,40,'2025-12-01 13:50:37'),(236,104,17,64,'discussion','{\"discussion_type\": \"comment\"}',7,345,'2025-12-04 13:50:37'),(237,104,17,62,'play','{\"action\": \"start\"}',56,513,'2025-11-13 13:50:37'),(238,104,17,62,'note_taking','{\"note_type\": \"text\", \"note_length\": 50}',40,220,'2025-11-25 13:50:37'),(239,104,17,65,'discussion','{\"discussion_type\": \"comment\"}',78,968,'2025-11-13 13:50:37'),(240,104,17,62,'question_ask','{\"question_type\": \"text\"}',104,55,'2025-12-03 13:50:37'),(241,104,17,63,'question_ask','{\"question_type\": \"text\"}',107,976,'2025-11-17 13:50:37'),(242,104,17,64,'chapter_complete','{\"completion_rate\": 100}',72,247,'2025-11-25 13:50:37'),(243,104,17,62,'speed_down','{\"new_speed\": 0.75, \"old_speed\": 1}',71,1179,'2025-11-26 13:50:37'),(244,104,17,64,'play','{\"action\": \"start\"}',105,821,'2025-12-08 13:50:37'),(245,104,17,63,'play','{\"action\": \"start\"}',85,849,'2025-11-12 13:50:37'),(246,104,17,62,'bookmark','{\"bookmark_position\": 300}',98,984,'2025-11-16 13:50:37'),(247,104,17,63,'discussion','{\"discussion_type\": \"comment\"}',56,626,'2025-11-20 13:50:37'),(248,104,17,64,'seek_forward','{\"skip_duration\": 30}',12,37,'2025-11-13 13:50:37'),(249,104,17,63,'focus_lost','{\"lost_at_position\": 500}',37,1197,'2025-12-08 13:50:37'),(250,104,17,65,'replay','{\"replay_duration\": 60}',83,1087,'2025-11-27 13:50:37'),(251,104,17,65,'replay','{\"replay_duration\": 60}',107,721,'2025-12-02 13:50:37'),(252,104,17,62,'bookmark','{\"bookmark_position\": 300}',69,1022,'2025-11-20 13:50:37'),(253,104,17,62,'replay','{\"replay_duration\": 60}',0,67,'2025-12-05 13:50:37'),(254,104,17,63,'chapter_complete','{\"completion_rate\": 100}',94,964,'2025-12-01 13:50:37'),(255,104,17,64,'note_taking','{\"note_type\": \"text\", \"note_length\": 50}',113,805,'2025-11-25 13:50:37'),(256,104,17,64,'speed_up','{\"new_speed\": 1.5, \"old_speed\": 1}',9,180,'2025-11-25 13:50:37'),(257,104,17,65,'bookmark','{\"bookmark_position\": 300}',31,910,'2025-11-24 13:50:37'),(258,104,17,65,'replay','{\"replay_duration\": 60}',56,1082,'2025-11-13 13:50:37'),(259,104,17,64,'quiz_attempt','{\"quiz_type\": \"multiple_choice\"}',116,1047,'2025-12-04 13:50:37'),(260,104,17,62,'question_ask','{\"question_type\": \"text\"}',65,646,'2025-12-11 13:50:37'),(261,104,17,65,'discussion','{\"discussion_type\": \"comment\"}',57,458,'2025-11-24 13:50:37'),(262,104,17,62,'discussion','{\"discussion_type\": \"comment\"}',88,443,'2025-11-22 13:50:37'),(263,104,17,62,'note_taking','{\"note_type\": \"text\", \"note_length\": 50}',63,1060,'2025-11-13 13:50:37'),(264,104,17,64,'play','{\"action\": \"start\"}',95,1119,'2025-11-17 13:50:37'),(265,104,17,65,'question_ask','{\"question_type\": \"text\"}',97,521,'2025-11-22 13:50:37'),(266,104,17,65,'seek_forward','{\"skip_duration\": 30}',103,1,'2025-12-03 13:50:37'),(267,104,17,65,'focus_regain','{\"focus_lost_duration\": 30000}',79,464,'2025-12-06 13:50:37'),(268,104,17,64,'focus_lost','{\"lost_at_position\": 500}',5,859,'2025-11-13 13:50:37'),(269,104,17,63,'discussion','{\"discussion_type\": \"comment\"}',108,129,'2025-11-16 13:50:37'),(270,104,17,65,'question_ask','{\"question_type\": \"text\"}',90,392,'2025-11-25 13:50:37'),(271,104,17,65,'resource_download','{\"resource_type\": \"pdf\"}',27,257,'2025-11-27 13:50:37'),(272,104,17,63,'chapter_complete','{\"completion_rate\": 100}',9,447,'2025-11-30 13:50:37'),(273,104,17,65,'seek_forward','{\"skip_duration\": 30}',58,2,'2025-11-27 13:50:37'),(274,104,17,63,'speed_up','{\"new_speed\": 1.5, \"old_speed\": 1}',102,1134,'2025-11-13 13:50:37'),(275,104,17,63,'discussion','{\"discussion_type\": \"comment\"}',57,675,'2025-12-11 13:50:37'),(276,104,17,63,'note_taking','{\"note_type\": \"text\", \"note_length\": 50}',28,921,'2025-11-13 13:50:37'),(277,104,17,62,'seek_forward','{\"skip_duration\": 30}',15,165,'2025-11-19 13:50:37'),(278,104,17,65,'discussion','{\"discussion_type\": \"comment\"}',105,687,'2025-11-25 13:50:37'),(279,104,17,64,'discussion','{\"discussion_type\": \"comment\"}',101,366,'2025-11-16 13:50:37'),(280,104,17,62,'play','{\"action\": \"start\"}',99,153,'2025-12-02 13:50:37'),(281,104,17,62,'resource_download','{\"resource_type\": \"pdf\"}',55,928,'2025-11-15 13:50:37'),(282,104,17,62,'pause','{\"reason\": \"user\"}',66,209,'2025-11-30 13:50:37'),(283,104,17,64,'note_taking','{\"note_type\": \"text\", \"note_length\": 50}',61,431,'2025-12-10 13:50:37'),(284,104,17,63,'replay','{\"replay_duration\": 60}',10,752,'2025-11-14 13:50:37'),(285,104,17,63,'seek_forward','{\"skip_duration\": 30}',28,730,'2025-12-04 13:50:37'),(286,104,17,63,'speed_up','{\"new_speed\": 1.5, \"old_speed\": 1}',101,67,'2025-11-20 13:50:37'),(287,104,17,63,'question_ask','{\"question_type\": \"text\"}',104,160,'2025-12-08 13:50:37'),(288,104,17,63,'pause','{\"reason\": \"user\"}',33,318,'2025-11-22 13:50:37'),(289,104,17,62,'play','{\"action\": \"start\"}',48,1112,'2025-11-15 13:50:38'),(290,104,17,63,'bookmark','{\"bookmark_position\": 300}',57,343,'2025-11-21 13:50:38'),(291,104,17,62,'note_taking','{\"note_type\": \"text\", \"note_length\": 50}',31,1092,'2025-11-20 13:50:38'),(292,104,17,63,'discussion','{\"discussion_type\": \"comment\"}',84,250,'2025-12-03 13:50:38'),(293,104,17,62,'pause','{\"reason\": \"user\"}',24,249,'2025-12-09 13:50:38'),(294,104,17,64,'speed_up','{\"new_speed\": 1.5, \"old_speed\": 1}',17,506,'2025-12-01 13:50:38'),(295,104,17,63,'seek_backward','{\"rewind_duration\": 15}',65,104,'2025-12-06 13:50:38'),(296,104,17,65,'note_taking','{\"note_type\": \"text\", \"note_length\": 50}',112,651,'2025-12-05 13:50:38'),(297,104,17,65,'pause','{\"reason\": \"user\"}',62,557,'2025-12-03 13:50:38'),(298,104,17,62,'question_ask','{\"question_type\": \"text\"}',4,198,'2025-11-20 13:50:38'),(299,104,17,65,'replay','{\"replay_duration\": 60}',19,488,'2025-11-28 13:50:38'),(300,104,17,62,'quiz_attempt','{\"quiz_type\": \"multiple_choice\"}',80,725,'2025-12-10 13:50:38'),(301,104,17,62,'speed_up','{\"new_speed\": 1.5, \"old_speed\": 1}',30,774,'2025-12-03 13:50:38'),(302,104,17,62,'focus_regain','{\"focus_lost_duration\": 30000}',22,745,'2025-11-15 13:50:38'),(303,104,17,65,'note_taking','{\"note_type\": \"text\", \"note_length\": 50}',1,232,'2025-11-30 13:50:38'),(304,104,17,65,'play','{\"action\": \"start\"}',65,830,'2025-11-13 13:50:38'),(305,104,17,64,'quiz_attempt','{\"quiz_type\": \"multiple_choice\"}',21,542,'2025-11-25 13:50:38'),(306,104,17,62,'play','{\"action\": \"start\"}',62,110,'2025-11-25 13:50:38'),(307,104,17,62,'replay','{\"replay_duration\": 60}',39,1111,'2025-11-24 13:50:38'),(308,104,17,62,'chapter_complete','{\"completion_rate\": 100}',3,172,'2025-12-01 13:50:38'),(309,104,17,63,'focus_lost','{\"lost_at_position\": 500}',23,832,'2025-11-16 13:50:38'),(310,104,17,64,'resource_download','{\"resource_type\": \"pdf\"}',73,742,'2025-12-03 13:50:38'),(311,104,17,63,'question_ask','{\"question_type\": \"text\"}',29,532,'2025-12-03 13:50:38'),(312,104,17,65,'speed_down','{\"new_speed\": 0.75, \"old_speed\": 1}',85,863,'2025-12-05 13:50:38'),(313,104,17,64,'seek_backward','{\"rewind_duration\": 15}',8,461,'2025-11-26 13:50:38'),(314,104,17,63,'focus_lost','{\"lost_at_position\": 500}',76,294,'2025-12-04 13:50:38'),(315,104,17,64,'speed_down','{\"new_speed\": 0.75, \"old_speed\": 1}',96,226,'2025-11-24 13:50:38'),(316,104,17,63,'resource_download','{\"resource_type\": \"pdf\"}',1,787,'2025-12-01 13:50:38'),(317,104,17,62,'resource_download','{\"resource_type\": \"pdf\"}',90,1072,'2025-11-23 13:50:38'),(318,104,17,64,'note_taking','{\"note_type\": \"text\", \"note_length\": 50}',55,185,'2025-12-03 13:50:38'),(319,104,17,65,'speed_down','{\"new_speed\": 0.75, \"old_speed\": 1}',31,703,'2025-11-26 13:50:38'),(320,104,17,65,'speed_up','{\"new_speed\": 1.5, \"old_speed\": 1}',39,394,'2025-12-05 13:50:38'),(321,104,17,62,'speed_down','{\"new_speed\": 0.75, \"old_speed\": 1}',8,536,'2025-12-10 13:50:38'),(322,104,17,64,'question_ask','{\"question_type\": \"text\"}',94,1075,'2025-11-19 13:50:38'),(323,104,17,62,'replay','{\"replay_duration\": 60}',110,996,'2025-11-26 13:50:38'),(324,104,17,63,'resource_download','{\"resource_type\": \"pdf\"}',85,529,'2025-12-01 13:50:38'),(325,104,17,64,'speed_up','{\"new_speed\": 1.5, \"old_speed\": 1}',19,580,'2025-11-17 13:50:38'),(326,104,17,63,'chapter_complete','{\"completion_rate\": 100}',67,1094,'2025-11-17 13:50:38'),(327,104,17,65,'bookmark','{\"bookmark_position\": 300}',109,42,'2025-12-07 13:50:38'),(328,10,17,65,'focus_regain','{\"focus_lost_duration\": 30000}',78,188,'2025-12-02 13:50:38'),(329,10,17,65,'pause','{\"reason\": \"user\"}',40,599,'2025-12-10 13:50:38'),(330,10,17,63,'speed_down','{\"new_speed\": 0.75, \"old_speed\": 1}',82,363,'2025-11-30 13:50:38'),(331,10,17,62,'note_taking','{\"note_type\": \"text\", \"note_length\": 50}',78,849,'2025-11-26 13:50:38'),(332,10,17,63,'replay','{\"replay_duration\": 60}',83,1065,'2025-11-17 13:50:38'),(333,10,17,65,'bookmark','{\"bookmark_position\": 300}',55,1148,'2025-11-28 13:50:38'),(334,10,17,64,'replay','{\"replay_duration\": 60}',7,490,'2025-11-17 13:50:38'),(335,10,17,62,'note_taking','{\"note_type\": \"text\", \"note_length\": 50}',112,841,'2025-11-30 13:50:38'),(336,10,17,65,'speed_down','{\"new_speed\": 0.75, \"old_speed\": 1}',28,858,'2025-11-15 13:50:38'),(337,10,17,65,'quiz_attempt','{\"quiz_type\": \"multiple_choice\"}',84,826,'2025-11-30 13:50:38'),(338,10,17,64,'replay','{\"replay_duration\": 60}',43,227,'2025-12-07 13:50:38'),(339,10,17,62,'resource_download','{\"resource_type\": \"pdf\"}',116,412,'2025-12-04 13:50:38'),(340,10,17,64,'question_ask','{\"question_type\": \"text\"}',1,431,'2025-12-02 13:50:38'),(341,10,17,65,'note_taking','{\"note_type\": \"text\", \"note_length\": 50}',94,796,'2025-12-04 13:50:38'),(342,10,17,63,'question_ask','{\"question_type\": \"text\"}',102,698,'2025-12-05 13:50:38'),(343,10,17,62,'play','{\"action\": \"start\"}',83,677,'2025-11-14 13:50:38'),(344,10,17,62,'bookmark','{\"bookmark_position\": 300}',101,461,'2025-11-21 13:50:38'),(345,10,17,63,'seek_backward','{\"rewind_duration\": 15}',97,633,'2025-12-09 13:50:38'),(346,10,17,65,'pause','{\"reason\": \"user\"}',34,680,'2025-11-22 13:50:38'),(347,10,17,64,'chapter_complete','{\"completion_rate\": 100}',18,269,'2025-12-11 13:50:38'),(348,10,17,64,'bookmark','{\"bookmark_position\": 300}',104,438,'2025-12-03 13:50:38'),(349,10,17,65,'play','{\"action\": \"start\"}',57,650,'2025-11-28 13:50:38'),(350,10,17,63,'quiz_attempt','{\"quiz_type\": \"multiple_choice\"}',92,516,'2025-11-18 13:50:38'),(351,10,17,64,'chapter_complete','{\"completion_rate\": 100}',46,710,'2025-11-27 13:50:38'),(352,10,17,63,'focus_regain','{\"focus_lost_duration\": 30000}',38,777,'2025-12-08 13:50:38'),(353,10,17,64,'pause','{\"reason\": \"user\"}',42,637,'2025-11-19 13:50:38'),(354,10,17,65,'play','{\"action\": \"start\"}',81,322,'2025-12-04 13:50:38'),(355,10,17,62,'seek_backward','{\"rewind_duration\": 15}',49,218,'2025-11-12 13:50:38'),(356,10,17,65,'focus_lost','{\"lost_at_position\": 500}',116,519,'2025-12-02 13:50:38'),(357,10,17,62,'pause','{\"reason\": \"user\"}',111,317,'2025-11-22 13:50:38'),(358,10,17,62,'focus_regain','{\"focus_lost_duration\": 30000}',20,240,'2025-11-14 13:50:38'),(359,10,17,64,'resource_download','{\"resource_type\": \"pdf\"}',70,1134,'2025-12-07 13:50:38'),(360,10,17,62,'play','{\"action\": \"start\"}',76,140,'2025-11-29 13:50:38'),(361,10,17,62,'question_ask','{\"question_type\": \"text\"}',6,110,'2025-11-25 13:50:38'),(362,10,17,63,'question_ask','{\"question_type\": \"text\"}',108,815,'2025-11-28 13:50:38'),(363,10,17,64,'chapter_complete','{\"completion_rate\": 100}',5,288,'2025-12-04 13:50:38'),(364,10,17,62,'resource_download','{\"resource_type\": \"pdf\"}',46,13,'2025-11-21 13:50:38'),(365,10,17,65,'pause','{\"reason\": \"user\"}',29,1167,'2025-12-07 13:50:38'),(366,10,17,63,'seek_backward','{\"rewind_duration\": 15}',58,925,'2025-11-22 13:50:38'),(367,10,17,62,'note_taking','{\"note_type\": \"text\", \"note_length\": 50}',30,238,'2025-12-09 13:50:38'),(368,10,17,64,'chapter_complete','{\"completion_rate\": 100}',40,1074,'2025-11-14 13:50:38'),(369,10,17,64,'resource_download','{\"resource_type\": \"pdf\"}',84,206,'2025-11-23 13:50:38'),(370,10,17,63,'pause','{\"reason\": \"user\"}',0,549,'2025-12-05 13:50:38'),(371,10,17,65,'question_ask','{\"question_type\": \"text\"}',33,998,'2025-11-26 13:50:38'),(372,10,17,63,'speed_down','{\"new_speed\": 0.75, \"old_speed\": 1}',0,144,'2025-11-29 13:50:38'),(373,10,17,63,'bookmark','{\"bookmark_position\": 300}',64,104,'2025-12-05 13:50:38'),(374,10,17,65,'seek_forward','{\"skip_duration\": 30}',83,416,'2025-12-10 13:50:38'),(375,10,17,65,'seek_backward','{\"rewind_duration\": 15}',10,102,'2025-11-12 13:50:38'),(376,10,17,64,'seek_backward','{\"rewind_duration\": 15}',99,148,'2025-11-24 13:50:38'),(377,10,17,62,'quiz_attempt','{\"quiz_type\": \"multiple_choice\"}',80,135,'2025-11-13 13:50:38'),(378,10,17,64,'resource_download','{\"resource_type\": \"pdf\"}',103,1174,'2025-11-30 13:50:38'),(379,10,17,62,'chapter_complete','{\"completion_rate\": 100}',118,1165,'2025-12-10 13:50:38'),(380,10,17,63,'speed_down','{\"new_speed\": 0.75, \"old_speed\": 1}',22,963,'2025-11-27 13:50:38'),(381,10,17,65,'bookmark','{\"bookmark_position\": 300}',53,572,'2025-11-27 13:50:38'),(382,10,17,63,'speed_down','{\"new_speed\": 0.75, \"old_speed\": 1}',82,472,'2025-11-26 13:50:38'),(383,10,17,62,'replay','{\"replay_duration\": 60}',54,808,'2025-11-17 13:50:38'),(384,10,17,64,'question_ask','{\"question_type\": \"text\"}',49,558,'2025-11-19 13:50:38'),(385,10,17,63,'focus_regain','{\"focus_lost_duration\": 30000}',118,818,'2025-12-09 13:50:38'),(386,10,17,63,'discussion','{\"discussion_type\": \"comment\"}',54,728,'2025-11-28 13:50:38'),(387,10,17,64,'chapter_complete','{\"completion_rate\": 100}',15,261,'2025-12-07 13:50:38'),(388,10,17,63,'focus_lost','{\"lost_at_position\": 500}',87,623,'2025-11-27 13:50:38'),(389,10,17,62,'speed_up','{\"new_speed\": 1.5, \"old_speed\": 1}',82,70,'2025-11-15 13:50:38'),(390,10,17,64,'quiz_attempt','{\"quiz_type\": \"multiple_choice\"}',44,1084,'2025-12-02 13:50:38'),(391,10,17,62,'quiz_attempt','{\"quiz_type\": \"multiple_choice\"}',52,117,'2025-12-10 13:50:38'),(392,10,17,62,'seek_forward','{\"skip_duration\": 30}',74,230,'2025-11-28 13:50:38'),(393,10,17,64,'seek_forward','{\"skip_duration\": 30}',41,177,'2025-11-29 13:50:38'),(394,10,17,62,'replay','{\"replay_duration\": 60}',103,925,'2025-11-23 13:50:38'),(395,10,17,65,'bookmark','{\"bookmark_position\": 300}',31,1062,'2025-11-26 13:50:38'),(396,10,17,63,'seek_forward','{\"skip_duration\": 30}',40,804,'2025-11-30 13:50:38'),(397,10,17,63,'play','{\"action\": \"start\"}',107,106,'2025-11-27 13:50:38'),(398,10,17,64,'pause','{\"reason\": \"user\"}',22,1007,'2025-11-14 13:50:38'),(399,10,17,65,'focus_regain','{\"focus_lost_duration\": 30000}',103,1068,'2025-11-21 13:50:38'),(400,10,17,62,'replay','{\"replay_duration\": 60}',5,1113,'2025-11-23 13:50:38'),(401,10,17,64,'question_ask','{\"question_type\": \"text\"}',70,137,'2025-11-24 13:50:38'),(402,10,17,62,'chapter_complete','{\"completion_rate\": 100}',65,686,'2025-12-04 13:50:38'),(403,10,17,65,'quiz_attempt','{\"quiz_type\": \"multiple_choice\"}',64,803,'2025-12-10 13:50:38'),(404,10,17,64,'focus_regain','{\"focus_lost_duration\": 30000}',67,154,'2025-12-08 13:50:38'),(405,10,17,62,'seek_backward','{\"rewind_duration\": 15}',16,899,'2025-11-27 13:50:38'),(406,10,17,62,'chapter_complete','{\"completion_rate\": 100}',57,261,'2025-12-04 13:50:38'),(407,10,17,64,'question_ask','{\"question_type\": \"text\"}',5,835,'2025-12-04 13:50:38'),(408,10,17,62,'focus_lost','{\"lost_at_position\": 500}',51,652,'2025-11-15 13:50:38'),(409,10,17,62,'quiz_attempt','{\"quiz_type\": \"multiple_choice\"}',15,404,'2025-12-10 13:50:38'),(410,10,17,63,'pause','{\"reason\": \"user\"}',13,584,'2025-11-21 13:50:38'),(411,10,17,63,'play','{\"action\": \"start\"}',20,354,'2025-12-05 13:50:38'),(412,10,17,63,'question_ask','{\"question_type\": \"text\"}',45,395,'2025-11-16 13:50:38'),(413,6,17,63,'chapter_complete','{\"completion_rate\": 100}',36,234,'2025-11-27 13:50:38'),(414,6,17,65,'focus_lost','{\"lost_at_position\": 500}',80,1027,'2025-12-11 13:50:38'),(415,6,17,63,'chapter_complete','{\"completion_rate\": 100}',86,342,'2025-11-26 13:50:38'),(416,6,17,62,'speed_down','{\"new_speed\": 0.75, \"old_speed\": 1}',0,478,'2025-11-20 13:50:38'),(417,6,17,63,'resource_download','{\"resource_type\": \"pdf\"}',85,773,'2025-11-16 13:50:38'),(418,6,17,65,'speed_down','{\"new_speed\": 0.75, \"old_speed\": 1}',99,441,'2025-12-05 13:50:38'),(419,6,17,64,'speed_down','{\"new_speed\": 0.75, \"old_speed\": 1}',85,1100,'2025-11-12 13:50:38'),(420,6,17,65,'bookmark','{\"bookmark_position\": 300}',100,843,'2025-11-19 13:50:38'),(421,6,17,63,'pause','{\"reason\": \"user\"}',51,475,'2025-11-22 13:50:38'),(422,6,17,64,'bookmark','{\"bookmark_position\": 300}',5,481,'2025-12-10 13:50:39'),(423,6,17,63,'focus_regain','{\"focus_lost_duration\": 30000}',82,538,'2025-11-28 13:50:39'),(424,6,17,65,'speed_down','{\"new_speed\": 0.75, \"old_speed\": 1}',92,196,'2025-11-27 13:50:39'),(425,6,17,65,'question_ask','{\"question_type\": \"text\"}',84,839,'2025-11-22 13:50:39'),(426,6,17,65,'focus_lost','{\"lost_at_position\": 500}',106,719,'2025-12-09 13:50:39'),(427,6,17,63,'speed_down','{\"new_speed\": 0.75, \"old_speed\": 1}',76,445,'2025-11-13 13:50:39'),(428,6,17,62,'question_ask','{\"question_type\": \"text\"}',9,1029,'2025-12-10 13:50:39'),(429,6,17,62,'bookmark','{\"bookmark_position\": 300}',81,185,'2025-12-06 13:50:39'),(430,6,17,62,'seek_forward','{\"skip_duration\": 30}',30,1104,'2025-12-11 13:50:39'),(431,6,17,63,'pause','{\"reason\": \"user\"}',80,13,'2025-12-10 13:50:39'),(432,6,17,62,'play','{\"action\": \"start\"}',19,289,'2025-11-29 13:50:39'),(433,6,17,65,'discussion','{\"discussion_type\": \"comment\"}',26,1103,'2025-12-02 13:50:39'),(434,6,17,65,'focus_regain','{\"focus_lost_duration\": 30000}',119,667,'2025-11-15 13:50:39'),(435,6,17,65,'speed_down','{\"new_speed\": 0.75, \"old_speed\": 1}',55,524,'2025-12-05 13:50:39'),(436,6,17,62,'seek_backward','{\"rewind_duration\": 15}',34,549,'2025-12-07 13:50:39'),(437,6,17,65,'speed_up','{\"new_speed\": 1.5, \"old_speed\": 1}',90,290,'2025-11-13 13:50:39'),(438,6,17,62,'question_ask','{\"question_type\": \"text\"}',31,1134,'2025-11-20 13:50:39'),(439,6,17,64,'discussion','{\"discussion_type\": \"comment\"}',28,1187,'2025-11-29 13:50:39'),(440,6,17,62,'bookmark','{\"bookmark_position\": 300}',32,1145,'2025-11-27 13:50:39'),(441,6,17,65,'bookmark','{\"bookmark_position\": 300}',15,1195,'2025-11-30 13:50:39'),(442,6,17,62,'focus_regain','{\"focus_lost_duration\": 30000}',21,768,'2025-12-03 13:50:39'),(443,6,17,63,'speed_up','{\"new_speed\": 1.5, \"old_speed\": 1}',103,866,'2025-12-11 13:50:39'),(444,6,17,62,'discussion','{\"discussion_type\": \"comment\"}',93,383,'2025-12-10 13:50:39'),(445,6,17,63,'focus_lost','{\"lost_at_position\": 500}',1,460,'2025-12-09 13:50:39'),(446,6,17,62,'focus_regain','{\"focus_lost_duration\": 30000}',0,1066,'2025-11-12 13:50:39'),(447,6,17,65,'seek_backward','{\"rewind_duration\": 15}',64,308,'2025-12-06 13:50:39'),(448,6,17,62,'speed_up','{\"new_speed\": 1.5, \"old_speed\": 1}',59,296,'2025-11-14 13:50:39'),(449,6,17,63,'seek_forward','{\"skip_duration\": 30}',104,229,'2025-11-15 13:50:39'),(450,6,17,64,'bookmark','{\"bookmark_position\": 300}',25,318,'2025-12-03 13:50:39'),(451,6,17,64,'play','{\"action\": \"start\"}',33,329,'2025-11-27 13:50:39'),(452,6,17,62,'note_taking','{\"note_type\": \"text\", \"note_length\": 50}',52,793,'2025-12-09 13:50:39'),(453,6,17,62,'resource_download','{\"resource_type\": \"pdf\"}',55,235,'2025-11-29 13:50:39'),(454,6,17,65,'quiz_attempt','{\"quiz_type\": \"multiple_choice\"}',71,1125,'2025-11-22 13:50:39'),(455,6,17,65,'replay','{\"replay_duration\": 60}',118,276,'2025-11-17 13:50:39'),(456,6,17,63,'quiz_attempt','{\"quiz_type\": \"multiple_choice\"}',49,680,'2025-11-15 13:50:39'),(457,6,17,64,'focus_regain','{\"focus_lost_duration\": 30000}',55,509,'2025-11-22 13:50:39'),(458,6,17,65,'seek_forward','{\"skip_duration\": 30}',38,302,'2025-11-13 13:50:39'),(459,6,17,64,'bookmark','{\"bookmark_position\": 300}',97,39,'2025-11-28 13:50:39'),(460,6,17,62,'speed_down','{\"new_speed\": 0.75, \"old_speed\": 1}',38,958,'2025-12-05 13:50:39'),(461,6,17,64,'replay','{\"replay_duration\": 60}',1,35,'2025-11-13 13:50:39'),(462,6,17,62,'replay','{\"replay_duration\": 60}',9,132,'2025-11-30 13:50:39'),(463,6,17,65,'quiz_attempt','{\"quiz_type\": \"multiple_choice\"}',40,465,'2025-11-12 13:50:39'),(464,6,17,62,'focus_lost','{\"lost_at_position\": 500}',30,1194,'2025-11-12 13:50:39'),(465,6,17,65,'chapter_complete','{\"completion_rate\": 100}',12,1038,'2025-12-05 13:50:39'),(466,7,17,63,'resource_download','{\"resource_type\": \"pdf\"}',116,847,'2025-11-14 13:50:39'),(467,7,17,65,'discussion','{\"discussion_type\": \"comment\"}',16,454,'2025-12-09 13:50:39'),(468,7,17,65,'quiz_attempt','{\"quiz_type\": \"multiple_choice\"}',49,695,'2025-12-05 13:50:39'),(469,7,17,63,'replay','{\"replay_duration\": 60}',53,1126,'2025-11-18 13:50:39'),(470,7,17,62,'speed_up','{\"new_speed\": 1.5, \"old_speed\": 1}',66,667,'2025-11-25 13:50:39'),(471,7,17,65,'bookmark','{\"bookmark_position\": 300}',40,144,'2025-12-05 13:50:39'),(472,7,17,65,'bookmark','{\"bookmark_position\": 300}',47,1116,'2025-11-27 13:50:39'),(473,7,17,62,'focus_lost','{\"lost_at_position\": 500}',35,81,'2025-12-10 13:50:39'),(474,7,17,63,'speed_up','{\"new_speed\": 1.5, \"old_speed\": 1}',71,230,'2025-12-10 13:50:39'),(475,7,17,64,'chapter_complete','{\"completion_rate\": 100}',37,1095,'2025-11-24 13:50:39'),(476,7,17,65,'question_ask','{\"question_type\": \"text\"}',101,891,'2025-11-13 13:50:39'),(477,7,17,63,'seek_backward','{\"rewind_duration\": 15}',51,578,'2025-12-11 13:50:39'),(478,7,17,65,'focus_lost','{\"lost_at_position\": 500}',44,512,'2025-11-30 13:50:39'),(479,7,17,62,'resource_download','{\"resource_type\": \"pdf\"}',20,719,'2025-11-17 13:50:39'),(480,7,17,65,'replay','{\"replay_duration\": 60}',12,259,'2025-12-11 13:50:39'),(481,7,17,65,'speed_down','{\"new_speed\": 0.75, \"old_speed\": 1}',91,1075,'2025-11-16 13:50:39'),(482,7,17,62,'question_ask','{\"question_type\": \"text\"}',88,126,'2025-11-19 13:50:39'),(483,7,17,63,'pause','{\"reason\": \"user\"}',110,458,'2025-12-07 13:50:39'),(484,7,17,63,'quiz_attempt','{\"quiz_type\": \"multiple_choice\"}',89,217,'2025-11-15 13:50:39'),(485,7,17,64,'pause','{\"reason\": \"user\"}',68,1111,'2025-11-15 13:50:39'),(486,7,17,65,'pause','{\"reason\": \"user\"}',41,533,'2025-11-23 13:50:39'),(487,7,17,64,'speed_up','{\"new_speed\": 1.5, \"old_speed\": 1}',114,1151,'2025-11-29 13:50:39'),(488,7,17,65,'note_taking','{\"note_type\": \"text\", \"note_length\": 50}',44,280,'2025-12-03 13:50:39'),(489,7,17,64,'resource_download','{\"resource_type\": \"pdf\"}',65,1047,'2025-11-27 13:50:39'),(490,7,17,65,'chapter_complete','{\"completion_rate\": 100}',4,762,'2025-11-30 13:50:39'),(491,7,17,65,'focus_regain','{\"focus_lost_duration\": 30000}',73,322,'2025-11-24 13:50:39'),(492,7,17,65,'replay','{\"replay_duration\": 60}',17,5,'2025-11-30 13:50:39'),(493,7,17,65,'focus_lost','{\"lost_at_position\": 500}',58,126,'2025-11-24 13:50:39'),(494,7,17,65,'focus_regain','{\"focus_lost_duration\": 30000}',101,238,'2025-11-27 13:50:39'),(495,7,17,62,'question_ask','{\"question_type\": \"text\"}',97,259,'2025-12-04 13:50:39'),(496,7,17,64,'question_ask','{\"question_type\": \"text\"}',2,833,'2025-11-27 13:50:39'),(497,7,17,62,'bookmark','{\"bookmark_position\": 300}',46,669,'2025-11-24 13:50:39'),(498,7,17,62,'question_ask','{\"question_type\": \"text\"}',44,766,'2025-11-28 13:50:39'),(499,7,17,63,'seek_backward','{\"rewind_duration\": 15}',108,724,'2025-11-19 13:50:39'),(500,7,17,63,'bookmark','{\"bookmark_position\": 300}',41,333,'2025-11-15 13:50:39'),(501,7,17,64,'seek_forward','{\"skip_duration\": 30}',8,756,'2025-11-15 13:50:39'),(502,7,17,62,'seek_forward','{\"skip_duration\": 30}',57,659,'2025-11-30 13:50:39'),(503,7,17,63,'focus_regain','{\"focus_lost_duration\": 30000}',48,1066,'2025-11-20 13:50:39'),(504,7,17,65,'play','{\"action\": \"start\"}',0,805,'2025-11-23 13:50:39'),(505,7,17,63,'bookmark','{\"bookmark_position\": 300}',5,688,'2025-11-19 13:50:39'),(506,7,17,63,'seek_forward','{\"skip_duration\": 30}',85,774,'2025-11-18 13:50:39'),(507,7,17,65,'focus_regain','{\"focus_lost_duration\": 30000}',34,88,'2025-11-25 13:50:39'),(508,7,17,63,'seek_backward','{\"rewind_duration\": 15}',41,1143,'2025-12-01 13:50:39'),(509,7,17,62,'focus_lost','{\"lost_at_position\": 500}',15,40,'2025-11-15 13:50:39'),(510,7,17,63,'replay','{\"replay_duration\": 60}',49,579,'2025-11-27 13:50:39'),(511,7,17,64,'chapter_complete','{\"completion_rate\": 100}',110,697,'2025-12-06 13:50:39'),(512,7,17,62,'focus_regain','{\"focus_lost_duration\": 30000}',82,612,'2025-11-30 13:50:39'),(513,7,17,63,'quiz_attempt','{\"quiz_type\": \"multiple_choice\"}',77,994,'2025-12-01 13:50:39'),(514,7,17,63,'resource_download','{\"resource_type\": \"pdf\"}',30,394,'2025-11-22 13:50:39'),(515,7,17,64,'seek_backward','{\"rewind_duration\": 15}',61,310,'2025-12-08 13:50:39'),(516,7,17,65,'quiz_attempt','{\"quiz_type\": \"multiple_choice\"}',94,854,'2025-11-15 13:50:39'),(517,7,17,62,'seek_backward','{\"rewind_duration\": 15}',94,918,'2025-12-02 13:50:39'),(518,7,17,65,'quiz_attempt','{\"quiz_type\": \"multiple_choice\"}',64,873,'2025-11-22 13:50:39'),(519,7,17,63,'quiz_attempt','{\"quiz_type\": \"multiple_choice\"}',72,427,'2025-12-01 13:50:39'),(520,7,17,62,'speed_up','{\"new_speed\": 1.5, \"old_speed\": 1}',104,16,'2025-11-25 13:50:39'),(521,7,17,62,'resource_download','{\"resource_type\": \"pdf\"}',102,1090,'2025-11-28 13:50:39'),(522,7,17,64,'replay','{\"replay_duration\": 60}',77,528,'2025-12-03 13:50:39'),(523,7,17,62,'speed_down','{\"new_speed\": 0.75, \"old_speed\": 1}',92,770,'2025-11-21 13:50:39'),(524,7,17,65,'bookmark','{\"bookmark_position\": 300}',41,497,'2025-12-05 13:50:39'),(525,7,17,62,'seek_backward','{\"rewind_duration\": 15}',110,824,'2025-11-18 13:50:39'),(526,7,17,64,'play','{\"action\": \"start\"}',12,827,'2025-11-15 13:50:39'),(527,7,17,62,'chapter_complete','{\"completion_rate\": 100}',107,956,'2025-11-24 13:50:39'),(528,7,17,65,'question_ask','{\"question_type\": \"text\"}',35,871,'2025-11-18 13:50:39'),(529,7,17,64,'speed_up','{\"new_speed\": 1.5, \"old_speed\": 1}',0,287,'2025-12-05 13:50:39'),(530,7,17,63,'focus_regain','{\"focus_lost_duration\": 30000}',32,820,'2025-12-11 13:50:39'),(531,7,17,64,'bookmark','{\"bookmark_position\": 300}',9,447,'2025-11-24 13:50:39'),(532,7,17,65,'focus_regain','{\"focus_lost_duration\": 30000}',96,205,'2025-11-18 13:50:39'),(533,7,17,65,'play','{\"action\": \"start\"}',67,1137,'2025-11-21 13:50:39'),(534,7,17,63,'note_taking','{\"note_type\": \"text\", \"note_length\": 50}',95,1127,'2025-11-12 13:50:39'),(535,7,17,63,'quiz_attempt','{\"quiz_type\": \"multiple_choice\"}',16,598,'2025-11-15 13:50:39'),(536,7,17,65,'focus_regain','{\"focus_lost_duration\": 30000}',17,1057,'2025-12-06 13:50:39'),(537,8,17,62,'quiz_attempt','{\"quiz_type\": \"multiple_choice\"}',60,134,'2025-12-07 13:50:39'),(538,8,17,63,'discussion','{\"discussion_type\": \"comment\"}',46,368,'2025-12-09 13:50:39'),(539,8,17,63,'speed_up','{\"new_speed\": 1.5, \"old_speed\": 1}',18,954,'2025-11-23 13:50:39'),(540,8,17,62,'focus_regain','{\"focus_lost_duration\": 30000}',93,197,'2025-11-18 13:50:39'),(541,8,17,63,'bookmark','{\"bookmark_position\": 300}',11,805,'2025-12-02 13:50:39'),(542,8,17,65,'speed_up','{\"new_speed\": 1.5, \"old_speed\": 1}',20,450,'2025-11-19 13:50:39'),(543,8,17,63,'note_taking','{\"note_type\": \"text\", \"note_length\": 50}',29,950,'2025-12-03 13:50:39'),(544,8,17,62,'speed_up','{\"new_speed\": 1.5, \"old_speed\": 1}',34,729,'2025-12-10 13:50:39'),(545,8,17,63,'seek_forward','{\"skip_duration\": 30}',84,89,'2025-12-03 13:50:39'),(546,8,17,64,'pause','{\"reason\": \"user\"}',92,466,'2025-11-30 13:50:39'),(547,8,17,62,'speed_up','{\"new_speed\": 1.5, \"old_speed\": 1}',70,1065,'2025-11-15 13:50:39'),(548,8,17,64,'speed_down','{\"new_speed\": 0.75, \"old_speed\": 1}',97,206,'2025-12-04 13:50:39'),(549,8,17,64,'bookmark','{\"bookmark_position\": 300}',91,355,'2025-11-27 13:50:39'),(550,8,17,62,'focus_lost','{\"lost_at_position\": 500}',45,507,'2025-11-23 13:50:39'),(551,8,17,62,'speed_up','{\"new_speed\": 1.5, \"old_speed\": 1}',114,317,'2025-11-30 13:50:39'),(552,8,17,65,'pause','{\"reason\": \"user\"}',85,154,'2025-12-09 13:50:39'),(553,8,17,63,'play','{\"action\": \"start\"}',18,861,'2025-12-07 13:50:39'),(554,8,17,62,'replay','{\"replay_duration\": 60}',18,1006,'2025-11-21 13:50:39'),(555,8,17,65,'focus_lost','{\"lost_at_position\": 500}',17,114,'2025-11-23 13:50:39'),(556,8,17,64,'question_ask','{\"question_type\": \"text\"}',30,317,'2025-11-16 13:50:39'),(557,8,17,65,'speed_down','{\"new_speed\": 0.75, \"old_speed\": 1}',52,334,'2025-12-03 13:50:39'),(558,8,17,64,'seek_backward','{\"rewind_duration\": 15}',65,322,'2025-12-03 13:50:39'),(559,8,17,64,'pause','{\"reason\": \"user\"}',80,758,'2025-11-25 13:50:39'),(560,8,17,62,'seek_forward','{\"skip_duration\": 30}',62,968,'2025-12-09 13:50:39'),(561,8,17,65,'bookmark','{\"bookmark_position\": 300}',113,993,'2025-11-15 13:50:40'),(562,8,17,65,'discussion','{\"discussion_type\": \"comment\"}',59,694,'2025-11-24 13:50:40'),(563,8,17,63,'pause','{\"reason\": \"user\"}',16,1077,'2025-11-23 13:50:40'),(564,8,17,63,'bookmark','{\"bookmark_position\": 300}',43,182,'2025-12-02 13:50:40'),(565,8,17,65,'bookmark','{\"bookmark_position\": 300}',61,954,'2025-11-20 13:50:40'),(566,8,17,65,'discussion','{\"discussion_type\": \"comment\"}',82,128,'2025-11-14 13:50:40'),(567,8,17,63,'discussion','{\"discussion_type\": \"comment\"}',28,33,'2025-11-30 13:50:40'),(568,8,17,63,'chapter_complete','{\"completion_rate\": 100}',61,627,'2025-11-23 13:50:40'),(569,8,17,63,'seek_backward','{\"rewind_duration\": 15}',13,1191,'2025-11-27 13:50:40'),(570,8,17,64,'focus_lost','{\"lost_at_position\": 500}',34,1187,'2025-12-06 13:50:40'),(571,8,17,62,'speed_down','{\"new_speed\": 0.75, \"old_speed\": 1}',111,939,'2025-12-06 13:50:40'),(572,8,17,63,'focus_lost','{\"lost_at_position\": 500}',4,661,'2025-11-30 13:50:40'),(573,8,17,64,'bookmark','{\"bookmark_position\": 300}',4,234,'2025-11-12 13:50:40'),(574,8,17,65,'discussion','{\"discussion_type\": \"comment\"}',34,473,'2025-11-17 13:50:40'),(575,8,17,63,'seek_forward','{\"skip_duration\": 30}',64,950,'2025-11-15 13:50:40'),(576,8,17,64,'chapter_complete','{\"completion_rate\": 100}',41,695,'2025-12-01 13:50:40'),(577,8,17,63,'play','{\"action\": \"start\"}',52,1140,'2025-11-26 13:50:40'),(578,8,17,63,'question_ask','{\"question_type\": \"text\"}',10,836,'2025-11-29 13:50:40'),(579,8,17,64,'speed_up','{\"new_speed\": 1.5, \"old_speed\": 1}',31,1039,'2025-11-19 13:50:40'),(580,8,17,63,'discussion','{\"discussion_type\": \"comment\"}',12,132,'2025-11-13 13:50:40'),(581,8,17,65,'speed_down','{\"new_speed\": 0.75, \"old_speed\": 1}',37,355,'2025-12-05 13:50:40'),(582,8,17,65,'note_taking','{\"note_type\": \"text\", \"note_length\": 50}',98,441,'2025-11-29 13:50:40'),(583,8,17,64,'replay','{\"replay_duration\": 60}',60,1188,'2025-12-06 13:50:40'),(584,8,17,63,'play','{\"action\": \"start\"}',15,1038,'2025-11-16 13:50:40'),(585,8,17,65,'resource_download','{\"resource_type\": \"pdf\"}',0,792,'2025-11-27 13:50:40'),(586,8,17,63,'speed_down','{\"new_speed\": 0.75, \"old_speed\": 1}',76,816,'2025-11-22 13:50:40'),(587,8,17,64,'quiz_attempt','{\"quiz_type\": \"multiple_choice\"}',119,437,'2025-11-26 13:50:40'),(588,8,17,64,'discussion','{\"discussion_type\": \"comment\"}',18,41,'2025-12-04 13:50:40'),(589,8,17,65,'speed_down','{\"new_speed\": 0.75, \"old_speed\": 1}',75,720,'2025-12-03 13:50:40'),(590,8,17,62,'discussion','{\"discussion_type\": \"comment\"}',50,173,'2025-12-03 13:50:40'),(591,9,17,64,'seek_backward','{\"rewind_duration\": 15}',88,1152,'2025-11-29 13:50:40'),(592,9,17,64,'focus_lost','{\"lost_at_position\": 500}',1,35,'2025-12-07 13:50:40'),(593,9,17,62,'seek_backward','{\"rewind_duration\": 15}',119,1138,'2025-11-21 13:50:40'),(594,9,17,65,'speed_up','{\"new_speed\": 1.5, \"old_speed\": 1}',85,252,'2025-12-05 13:50:40'),(595,9,17,64,'quiz_attempt','{\"quiz_type\": \"multiple_choice\"}',71,530,'2025-12-02 13:50:40'),(596,9,17,63,'seek_forward','{\"skip_duration\": 30}',90,449,'2025-12-02 13:50:40'),(597,9,17,65,'focus_regain','{\"focus_lost_duration\": 30000}',95,1134,'2025-12-07 13:50:40'),(598,9,17,63,'note_taking','{\"note_type\": \"text\", \"note_length\": 50}',81,35,'2025-12-07 13:50:40'),(599,9,17,64,'speed_down','{\"new_speed\": 0.75, \"old_speed\": 1}',105,402,'2025-11-14 13:50:40'),(600,9,17,63,'pause','{\"reason\": \"user\"}',72,254,'2025-11-27 13:50:40'),(601,9,17,65,'resource_download','{\"resource_type\": \"pdf\"}',1,171,'2025-12-06 13:50:40'),(602,9,17,63,'replay','{\"replay_duration\": 60}',3,287,'2025-12-03 13:50:40'),(603,9,17,62,'note_taking','{\"note_type\": \"text\", \"note_length\": 50}',51,827,'2025-11-25 13:50:40'),(604,9,17,65,'speed_down','{\"new_speed\": 0.75, \"old_speed\": 1}',11,199,'2025-12-06 13:50:40'),(605,9,17,65,'speed_up','{\"new_speed\": 1.5, \"old_speed\": 1}',79,1055,'2025-12-06 13:50:40'),(606,9,17,63,'seek_forward','{\"skip_duration\": 30}',43,942,'2025-11-23 13:50:40'),(607,9,17,64,'seek_backward','{\"rewind_duration\": 15}',7,629,'2025-11-26 13:50:40'),(608,9,17,64,'seek_forward','{\"skip_duration\": 30}',109,25,'2025-11-24 13:50:40'),(609,9,17,64,'chapter_complete','{\"completion_rate\": 100}',33,250,'2025-11-22 13:50:40'),(610,9,17,63,'bookmark','{\"bookmark_position\": 300}',119,162,'2025-12-08 13:50:40'),(611,9,17,63,'question_ask','{\"question_type\": \"text\"}',67,34,'2025-11-30 13:50:40'),(612,9,17,62,'replay','{\"replay_duration\": 60}',31,957,'2025-11-27 13:50:40'),(613,9,17,63,'discussion','{\"discussion_type\": \"comment\"}',2,470,'2025-11-27 13:50:40'),(614,9,17,64,'discussion','{\"discussion_type\": \"comment\"}',106,904,'2025-12-02 13:50:40'),(615,9,17,63,'focus_lost','{\"lost_at_position\": 500}',117,162,'2025-11-21 13:50:40'),(616,9,17,63,'focus_regain','{\"focus_lost_duration\": 30000}',94,833,'2025-11-12 13:50:40'),(617,9,17,64,'chapter_complete','{\"completion_rate\": 100}',32,787,'2025-11-12 13:50:40'),(618,9,17,64,'quiz_attempt','{\"quiz_type\": \"multiple_choice\"}',12,355,'2025-12-08 13:50:40'),(619,9,17,63,'question_ask','{\"question_type\": \"text\"}',39,218,'2025-11-21 13:50:40'),(620,9,17,62,'replay','{\"replay_duration\": 60}',17,87,'2025-11-24 13:50:40'),(621,9,17,64,'note_taking','{\"note_type\": \"text\", \"note_length\": 50}',101,657,'2025-12-09 13:50:40'),(622,9,17,62,'focus_lost','{\"lost_at_position\": 500}',86,218,'2025-12-05 13:50:40'),(623,9,17,64,'discussion','{\"discussion_type\": \"comment\"}',27,651,'2025-12-07 13:50:40'),(624,9,17,64,'focus_lost','{\"lost_at_position\": 500}',93,823,'2025-11-29 13:50:40'),(625,9,17,63,'replay','{\"replay_duration\": 60}',113,374,'2025-12-02 13:50:40'),(626,9,17,62,'seek_forward','{\"skip_duration\": 30}',107,1044,'2025-12-06 13:50:40'),(627,9,17,63,'bookmark','{\"bookmark_position\": 300}',114,110,'2025-12-02 13:50:40'),(628,9,17,64,'focus_lost','{\"lost_at_position\": 500}',69,972,'2025-11-23 13:50:40'),(629,9,17,64,'chapter_complete','{\"completion_rate\": 100}',44,1040,'2025-11-19 13:50:40'),(630,9,17,64,'question_ask','{\"question_type\": \"text\"}',115,1182,'2025-11-26 13:50:40'),(631,9,17,64,'focus_lost','{\"lost_at_position\": 500}',119,1107,'2025-12-03 13:50:40'),(632,9,17,65,'speed_up','{\"new_speed\": 1.5, \"old_speed\": 1}',56,1093,'2025-12-05 13:50:40'),(633,9,17,65,'replay','{\"replay_duration\": 60}',73,225,'2025-12-07 13:50:40'),(634,9,17,64,'seek_forward','{\"skip_duration\": 30}',13,847,'2025-11-21 13:50:40'),(635,9,17,64,'speed_down','{\"new_speed\": 0.75, \"old_speed\": 1}',30,467,'2025-11-14 13:50:40'),(636,9,17,65,'speed_up','{\"new_speed\": 1.5, \"old_speed\": 1}',37,206,'2025-11-27 13:50:40'),(637,9,17,64,'resource_download','{\"resource_type\": \"pdf\"}',51,3,'2025-11-27 13:50:40'),(638,9,17,64,'seek_backward','{\"rewind_duration\": 15}',25,432,'2025-12-03 13:50:40'),(639,9,17,62,'play','{\"action\": \"start\"}',46,786,'2025-11-16 13:50:40'),(640,9,17,65,'focus_regain','{\"focus_lost_duration\": 30000}',19,153,'2025-11-18 13:50:40'),(641,9,17,62,'pause','{\"reason\": \"user\"}',87,255,'2025-11-25 13:50:40'),(642,9,17,65,'pause','{\"reason\": \"user\"}',76,712,'2025-11-20 13:50:40'),(643,9,17,64,'focus_regain','{\"focus_lost_duration\": 30000}',27,306,'2025-11-23 13:50:40'),(644,9,17,63,'chapter_complete','{\"completion_rate\": 100}',74,274,'2025-12-01 13:50:40'),(645,9,17,64,'discussion','{\"discussion_type\": \"comment\"}',31,110,'2025-11-20 13:50:40'),(646,9,17,62,'pause','{\"reason\": \"user\"}',14,683,'2025-11-17 13:50:40'),(647,9,17,64,'discussion','{\"discussion_type\": \"comment\"}',119,910,'2025-11-17 13:50:40'),(648,9,17,63,'resource_download','{\"resource_type\": \"pdf\"}',77,692,'2025-12-07 13:50:40'),(649,9,17,63,'focus_lost','{\"lost_at_position\": 500}',68,551,'2025-12-03 13:50:40'),(650,9,17,64,'discussion','{\"discussion_type\": \"comment\"}',106,848,'2025-12-07 13:50:40'),(651,9,17,63,'seek_backward','{\"rewind_duration\": 15}',34,377,'2025-11-13 13:50:40'),(652,9,17,65,'resource_download','{\"resource_type\": \"pdf\"}',43,242,'2025-11-14 13:50:40'),(653,9,17,62,'seek_forward','{\"skip_duration\": 30}',97,1078,'2025-11-17 13:50:40'),(654,9,17,64,'quiz_attempt','{\"quiz_type\": \"multiple_choice\"}',98,390,'2025-11-26 13:50:40'),(655,9,17,62,'chapter_complete','{\"completion_rate\": 100}',28,808,'2025-12-03 13:50:40'),(656,9,17,63,'seek_forward','{\"skip_duration\": 30}',6,284,'2025-11-22 13:50:40'),(657,9,17,64,'note_taking','{\"note_type\": \"text\", \"note_length\": 50}',38,706,'2025-12-10 13:50:40'),(658,9,17,64,'play','{\"action\": \"start\"}',16,1139,'2025-12-10 13:50:40'),(659,9,17,65,'discussion','{\"discussion_type\": \"comment\"}',56,553,'2025-11-23 13:50:40'),(660,9,17,62,'quiz_attempt','{\"quiz_type\": \"multiple_choice\"}',6,717,'2025-11-26 13:50:40'),(661,9,17,64,'pause','{\"reason\": \"user\"}',100,105,'2025-12-10 13:50:40'),(662,9,17,62,'focus_lost','{\"lost_at_position\": 500}',6,589,'2025-11-19 13:50:40'),(663,9,17,62,'speed_down','{\"new_speed\": 0.75, \"old_speed\": 1}',84,578,'2025-11-23 13:50:40'),(664,9,17,63,'pause','{\"reason\": \"user\"}',13,413,'2025-11-26 13:50:40'),(665,9,17,64,'question_ask','{\"question_type\": \"text\"}',0,1108,'2025-12-11 13:50:40'),(666,9,17,63,'replay','{\"replay_duration\": 60}',66,390,'2025-11-27 13:50:40'),(667,9,17,62,'focus_regain','{\"focus_lost_duration\": 30000}',53,308,'2025-11-29 13:50:40'),(668,9,17,62,'chapter_complete','{\"completion_rate\": 100}',75,431,'2025-11-13 13:50:40'),(669,9,17,65,'speed_down','{\"new_speed\": 0.75, \"old_speed\": 1}',62,300,'2025-12-10 13:50:40'),(670,9,17,65,'replay','{\"replay_duration\": 60}',47,34,'2025-12-04 13:50:40'),(671,9,17,63,'chapter_complete','{\"completion_rate\": 100}',22,996,'2025-11-18 13:50:40'),(672,9,17,64,'bookmark','{\"bookmark_position\": 300}',35,1057,'2025-12-07 13:50:40'),(673,9,17,63,'play','{\"action\": \"start\"}',22,586,'2025-12-08 13:50:40'),(674,9,17,63,'seek_forward','{\"skip_duration\": 30}',55,220,'2025-11-21 13:50:40'),(675,9,17,63,'focus_regain','{\"focus_lost_duration\": 30000}',60,111,'2025-12-07 13:50:40'),(676,9,17,63,'question_ask','{\"question_type\": \"text\"}',49,887,'2025-12-04 13:50:40'),(677,9,17,63,'quiz_attempt','{\"quiz_type\": \"multiple_choice\"}',23,596,'2025-12-01 13:50:40'),(678,9,17,63,'discussion','{\"discussion_type\": \"comment\"}',58,24,'2025-12-11 13:50:40'),(679,9,17,65,'speed_down','{\"new_speed\": 0.75, \"old_speed\": 1}',86,220,'2025-12-07 13:50:40'),(680,9,17,65,'focus_regain','{\"focus_lost_duration\": 30000}',84,978,'2025-11-22 13:50:40'),(681,9,17,63,'discussion','{\"discussion_type\": \"comment\"}',87,146,'2025-12-07 13:50:40'),(682,9,17,65,'pause','{\"reason\": \"user\"}',28,337,'2025-12-09 13:50:40'),(683,9,17,62,'question_ask','{\"question_type\": \"text\"}',28,1045,'2025-11-17 13:50:40'),(684,11,17,62,'chapter_complete','{\"completion_rate\": 100}',47,94,'2025-12-01 13:50:40'),(685,11,17,65,'focus_regain','{\"focus_lost_duration\": 30000}',25,1080,'2025-12-04 13:50:40'),(686,11,17,65,'note_taking','{\"note_type\": \"text\", \"note_length\": 50}',47,568,'2025-11-25 13:50:41'),(687,11,17,63,'bookmark','{\"bookmark_position\": 300}',12,1153,'2025-12-04 13:50:41'),(688,11,17,65,'question_ask','{\"question_type\": \"text\"}',96,249,'2025-12-03 13:50:41'),(689,11,17,64,'focus_lost','{\"lost_at_position\": 500}',69,944,'2025-11-25 13:50:41'),(690,11,17,64,'pause','{\"reason\": \"user\"}',116,528,'2025-11-26 13:50:41'),(691,11,17,64,'seek_forward','{\"skip_duration\": 30}',109,383,'2025-12-03 13:50:41'),(692,11,17,64,'seek_forward','{\"skip_duration\": 30}',9,310,'2025-11-30 13:50:41'),(693,11,17,63,'seek_backward','{\"rewind_duration\": 15}',29,635,'2025-11-29 13:50:41'),(694,11,17,63,'pause','{\"reason\": \"user\"}',24,179,'2025-11-30 13:50:41'),(695,11,17,64,'focus_lost','{\"lost_at_position\": 500}',53,580,'2025-11-23 13:50:41'),(696,11,17,63,'play','{\"action\": \"start\"}',118,72,'2025-12-01 13:50:41'),(697,11,17,64,'chapter_complete','{\"completion_rate\": 100}',48,771,'2025-11-23 13:50:41'),(698,11,17,64,'speed_down','{\"new_speed\": 0.75, \"old_speed\": 1}',32,489,'2025-12-04 13:50:41'),(699,11,17,62,'speed_up','{\"new_speed\": 1.5, \"old_speed\": 1}',63,1000,'2025-12-02 13:50:41'),(700,11,17,64,'quiz_attempt','{\"quiz_type\": \"multiple_choice\"}',2,528,'2025-12-09 13:50:41'),(701,11,17,65,'resource_download','{\"resource_type\": \"pdf\"}',110,698,'2025-12-01 13:50:41'),(702,11,17,63,'seek_forward','{\"skip_duration\": 30}',118,858,'2025-11-13 13:50:41'),(703,11,17,62,'seek_backward','{\"rewind_duration\": 15}',115,743,'2025-11-15 13:50:41'),(704,11,17,63,'focus_lost','{\"lost_at_position\": 500}',21,936,'2025-11-21 13:50:41'),(705,11,17,65,'quiz_attempt','{\"quiz_type\": \"multiple_choice\"}',97,985,'2025-12-07 13:50:41'),(706,11,17,64,'speed_down','{\"new_speed\": 0.75, \"old_speed\": 1}',11,35,'2025-11-26 13:50:41'),(707,11,17,64,'seek_backward','{\"rewind_duration\": 15}',20,288,'2025-11-21 13:50:41'),(708,11,17,64,'pause','{\"reason\": \"user\"}',1,912,'2025-11-13 13:50:41'),(709,11,17,65,'focus_regain','{\"focus_lost_duration\": 30000}',82,647,'2025-11-12 13:50:41'),(710,11,17,65,'quiz_attempt','{\"quiz_type\": \"multiple_choice\"}',97,929,'2025-11-23 13:50:41'),(711,11,17,62,'play','{\"action\": \"start\"}',1,963,'2025-11-14 13:50:41'),(712,11,17,64,'focus_regain','{\"focus_lost_duration\": 30000}',23,1171,'2025-12-09 13:50:41'),(713,11,17,62,'quiz_attempt','{\"quiz_type\": \"multiple_choice\"}',81,165,'2025-11-20 13:50:41'),(714,11,17,62,'focus_regain','{\"focus_lost_duration\": 30000}',101,1114,'2025-11-18 13:50:41'),(715,11,17,63,'question_ask','{\"question_type\": \"text\"}',74,710,'2025-11-17 13:50:41'),(716,11,17,64,'pause','{\"reason\": \"user\"}',59,719,'2025-11-13 13:50:41'),(717,11,17,64,'speed_down','{\"new_speed\": 0.75, \"old_speed\": 1}',99,427,'2025-11-28 13:50:41'),(718,11,17,63,'replay','{\"replay_duration\": 60}',85,521,'2025-11-29 13:50:41'),(719,11,17,64,'pause','{\"reason\": \"user\"}',11,200,'2025-12-01 13:50:41'),(720,11,17,65,'note_taking','{\"note_type\": \"text\", \"note_length\": 50}',104,102,'2025-11-16 13:50:41'),(721,11,17,62,'question_ask','{\"question_type\": \"text\"}',79,14,'2025-11-28 13:50:41'),(722,11,17,62,'chapter_complete','{\"completion_rate\": 100}',45,1174,'2025-12-05 13:50:41'),(723,11,17,63,'chapter_complete','{\"completion_rate\": 100}',12,796,'2025-11-24 13:50:41'),(724,11,17,63,'note_taking','{\"note_type\": \"text\", \"note_length\": 50}',69,390,'2025-12-06 13:50:41'),(725,11,17,64,'note_taking','{\"note_type\": \"text\", \"note_length\": 50}',48,831,'2025-11-27 13:50:41'),(726,11,17,65,'replay','{\"replay_duration\": 60}',59,135,'2025-12-02 13:50:41'),(727,11,17,62,'quiz_attempt','{\"quiz_type\": \"multiple_choice\"}',13,865,'2025-12-10 13:50:41'),(728,11,17,64,'focus_lost','{\"lost_at_position\": 500}',28,932,'2025-11-19 13:50:41'),(729,11,17,65,'seek_backward','{\"rewind_duration\": 15}',22,13,'2025-12-02 13:50:41'),(730,11,17,62,'play','{\"action\": \"start\"}',64,862,'2025-11-14 13:50:41'),(731,11,17,62,'quiz_attempt','{\"quiz_type\": \"multiple_choice\"}',72,992,'2025-11-12 13:50:41'),(732,11,17,62,'resource_download','{\"resource_type\": \"pdf\"}',119,16,'2025-11-20 13:50:41'),(733,11,17,64,'seek_forward','{\"skip_duration\": 30}',4,348,'2025-11-20 13:50:41'),(734,11,17,63,'seek_forward','{\"skip_duration\": 30}',90,616,'2025-11-15 13:50:41'),(735,11,17,62,'discussion','{\"discussion_type\": \"comment\"}',28,926,'2025-12-02 13:50:41'),(736,11,17,62,'seek_backward','{\"rewind_duration\": 15}',40,726,'2025-11-21 13:50:41'),(737,11,17,62,'pause','{\"reason\": \"user\"}',48,440,'2025-11-18 13:50:41'),(738,11,17,63,'play','{\"action\": \"start\"}',10,135,'2025-12-10 13:50:41'),(739,11,17,63,'chapter_complete','{\"completion_rate\": 100}',11,492,'2025-11-15 13:50:41'),(740,11,17,64,'quiz_attempt','{\"quiz_type\": \"multiple_choice\"}',19,56,'2025-11-12 13:50:41'),(741,11,17,64,'resource_download','{\"resource_type\": \"pdf\"}',50,379,'2025-12-03 13:50:41'),(742,11,17,62,'speed_up','{\"new_speed\": 1.5, \"old_speed\": 1}',26,722,'2025-12-10 13:50:41'),(743,11,17,62,'focus_lost','{\"lost_at_position\": 500}',96,968,'2025-11-27 13:50:41'),(744,11,17,64,'pause','{\"reason\": \"user\"}',116,1140,'2025-12-02 13:50:41'),(745,11,17,65,'resource_download','{\"resource_type\": \"pdf\"}',42,548,'2025-11-19 13:50:41'),(746,11,17,65,'speed_down','{\"new_speed\": 0.75, \"old_speed\": 1}',23,891,'2025-12-04 13:50:41'),(747,11,17,62,'speed_up','{\"new_speed\": 1.5, \"old_speed\": 1}',21,593,'2025-11-12 13:50:41'),(748,11,17,62,'play','{\"action\": \"start\"}',82,919,'2025-11-25 13:50:41'),(749,11,17,62,'focus_regain','{\"focus_lost_duration\": 30000}',63,567,'2025-11-16 13:50:41'),(750,11,17,63,'resource_download','{\"resource_type\": \"pdf\"}',48,850,'2025-11-15 13:50:41'),(751,11,17,63,'question_ask','{\"question_type\": \"text\"}',85,256,'2025-11-24 13:50:41'),(752,11,17,63,'replay','{\"replay_duration\": 60}',42,210,'2025-12-05 13:50:41'),(753,11,17,65,'play','{\"action\": \"start\"}',62,1102,'2025-11-21 13:50:41'),(754,12,17,63,'seek_forward','{\"skip_duration\": 30}',49,835,'2025-12-09 13:50:41'),(755,12,17,63,'discussion','{\"discussion_type\": \"comment\"}',78,1097,'2025-12-11 13:50:41'),(756,12,17,64,'focus_regain','{\"focus_lost_duration\": 30000}',54,104,'2025-11-28 13:50:41'),(757,12,17,64,'note_taking','{\"note_type\": \"text\", \"note_length\": 50}',63,842,'2025-11-19 13:50:41'),(758,12,17,63,'chapter_complete','{\"completion_rate\": 100}',68,1109,'2025-12-07 13:50:41'),(759,12,17,63,'quiz_attempt','{\"quiz_type\": \"multiple_choice\"}',93,847,'2025-11-21 13:50:41'),(760,12,17,64,'note_taking','{\"note_type\": \"text\", \"note_length\": 50}',67,1086,'2025-11-15 13:50:41'),(761,12,17,62,'discussion','{\"discussion_type\": \"comment\"}',95,910,'2025-11-24 13:50:41'),(762,12,17,62,'seek_backward','{\"rewind_duration\": 15}',98,929,'2025-12-10 13:50:41'),(763,12,17,62,'focus_lost','{\"lost_at_position\": 500}',16,687,'2025-12-10 13:50:41'),(764,12,17,65,'seek_forward','{\"skip_duration\": 30}',7,64,'2025-11-28 13:50:41'),(765,12,17,65,'focus_regain','{\"focus_lost_duration\": 30000}',41,720,'2025-11-22 13:50:41'),(766,12,17,62,'pause','{\"reason\": \"user\"}',85,155,'2025-11-27 13:50:41'),(767,12,17,63,'bookmark','{\"bookmark_position\": 300}',94,1088,'2025-11-28 13:50:41'),(768,12,17,65,'speed_up','{\"new_speed\": 1.5, \"old_speed\": 1}',49,1105,'2025-11-25 13:50:41'),(769,12,17,65,'focus_regain','{\"focus_lost_duration\": 30000}',71,1107,'2025-12-07 13:50:41'),(770,12,17,63,'speed_up','{\"new_speed\": 1.5, \"old_speed\": 1}',91,233,'2025-12-04 13:50:41'),(771,12,17,62,'play','{\"action\": \"start\"}',59,123,'2025-12-02 13:50:41'),(772,12,17,62,'question_ask','{\"question_type\": \"text\"}',39,498,'2025-11-25 13:50:41'),(773,12,17,62,'play','{\"action\": \"start\"}',35,159,'2025-11-28 13:50:41'),(774,12,17,62,'resource_download','{\"resource_type\": \"pdf\"}',96,617,'2025-11-18 13:50:41'),(775,12,17,64,'question_ask','{\"question_type\": \"text\"}',44,97,'2025-12-05 13:50:41'),(776,12,17,62,'speed_up','{\"new_speed\": 1.5, \"old_speed\": 1}',19,619,'2025-12-02 13:50:41'),(777,12,17,64,'focus_regain','{\"focus_lost_duration\": 30000}',74,925,'2025-11-15 13:50:41'),(778,12,17,63,'seek_backward','{\"rewind_duration\": 15}',22,589,'2025-11-19 13:50:41'),(779,12,17,64,'replay','{\"replay_duration\": 60}',84,591,'2025-12-01 13:50:41'),(780,12,17,62,'chapter_complete','{\"completion_rate\": 100}',3,517,'2025-11-25 13:50:41'),(781,12,17,63,'bookmark','{\"bookmark_position\": 300}',114,532,'2025-12-05 13:50:41'),(782,12,17,63,'focus_regain','{\"focus_lost_duration\": 30000}',116,58,'2025-12-11 13:50:41'),(783,12,17,65,'speed_down','{\"new_speed\": 0.75, \"old_speed\": 1}',108,993,'2025-12-10 13:50:41'),(784,12,17,62,'focus_regain','{\"focus_lost_duration\": 30000}',28,1125,'2025-11-26 13:50:41'),(785,12,17,64,'chapter_complete','{\"completion_rate\": 100}',61,29,'2025-11-24 13:50:41'),(786,12,17,62,'bookmark','{\"bookmark_position\": 300}',38,311,'2025-12-06 13:50:41'),(787,12,17,64,'note_taking','{\"note_type\": \"text\", \"note_length\": 50}',94,19,'2025-11-30 13:50:41'),(788,12,17,62,'focus_regain','{\"focus_lost_duration\": 30000}',109,836,'2025-11-13 13:50:41'),(789,12,17,63,'bookmark','{\"bookmark_position\": 300}',9,713,'2025-12-06 13:50:41'),(790,12,17,62,'focus_lost','{\"lost_at_position\": 500}',116,607,'2025-11-25 13:50:41'),(791,12,17,63,'focus_regain','{\"focus_lost_duration\": 30000}',54,209,'2025-11-20 13:50:41'),(792,12,17,63,'chapter_complete','{\"completion_rate\": 100}',92,889,'2025-12-01 13:50:41'),(793,12,17,65,'speed_up','{\"new_speed\": 1.5, \"old_speed\": 1}',103,688,'2025-11-26 13:50:41'),(794,12,17,65,'seek_forward','{\"skip_duration\": 30}',52,1007,'2025-11-21 13:50:41'),(795,12,17,62,'bookmark','{\"bookmark_position\": 300}',1,41,'2025-12-03 13:50:41'),(796,12,17,63,'seek_forward','{\"skip_duration\": 30}',82,1163,'2025-11-28 13:50:41'),(797,12,17,65,'quiz_attempt','{\"quiz_type\": \"multiple_choice\"}',117,807,'2025-12-10 13:50:41'),(798,12,17,63,'chapter_complete','{\"completion_rate\": 100}',96,1045,'2025-12-11 13:50:41'),(799,12,17,64,'bookmark','{\"bookmark_position\": 300}',98,457,'2025-11-24 13:50:41'),(800,12,17,65,'discussion','{\"discussion_type\": \"comment\"}',119,659,'2025-12-10 13:50:41'),(801,12,17,65,'focus_lost','{\"lost_at_position\": 500}',53,19,'2025-12-07 13:50:41'),(802,12,17,64,'quiz_attempt','{\"quiz_type\": \"multiple_choice\"}',48,332,'2025-12-08 13:50:41'),(803,12,17,65,'quiz_attempt','{\"quiz_type\": \"multiple_choice\"}',89,706,'2025-11-19 13:50:41'),(804,12,17,65,'discussion','{\"discussion_type\": \"comment\"}',41,276,'2025-11-19 13:50:41'),(805,12,17,64,'resource_download','{\"resource_type\": \"pdf\"}',113,943,'2025-12-06 13:50:41'),(806,12,17,65,'resource_download','{\"resource_type\": \"pdf\"}',50,548,'2025-12-09 13:50:41'),(807,12,17,63,'speed_down','{\"new_speed\": 0.75, \"old_speed\": 1}',18,297,'2025-12-02 13:50:41'),(808,12,17,63,'note_taking','{\"note_type\": \"text\", \"note_length\": 50}',90,82,'2025-12-05 13:50:41'),(809,12,17,64,'chapter_complete','{\"completion_rate\": 100}',62,1049,'2025-11-20 13:50:41'),(810,12,17,62,'quiz_attempt','{\"quiz_type\": \"multiple_choice\"}',39,108,'2025-12-07 13:50:41'),(811,12,17,65,'speed_up','{\"new_speed\": 1.5, \"old_speed\": 1}',84,108,'2025-12-08 13:50:41'),(812,12,17,65,'seek_backward','{\"rewind_duration\": 15}',30,46,'2025-12-07 13:50:41'),(813,12,17,65,'replay','{\"replay_duration\": 60}',86,487,'2025-12-01 13:50:41'),(814,12,17,64,'note_taking','{\"note_type\": \"text\", \"note_length\": 50}',23,962,'2025-12-03 13:50:41'),(815,12,17,64,'pause','{\"reason\": \"user\"}',29,1150,'2025-11-15 13:50:41'),(816,12,17,63,'resource_download','{\"resource_type\": \"pdf\"}',118,77,'2025-12-08 13:50:41'),(817,14,17,64,'question_ask','{\"question_type\": \"text\"}',85,585,'2025-11-22 13:50:41'),(818,14,17,63,'resource_download','{\"resource_type\": \"pdf\"}',74,350,'2025-12-08 13:50:41'),(819,14,17,62,'quiz_attempt','{\"quiz_type\": \"multiple_choice\"}',50,996,'2025-11-12 13:50:41'),(820,14,17,64,'note_taking','{\"note_type\": \"text\", \"note_length\": 50}',55,665,'2025-12-02 13:50:41'),(821,14,17,65,'note_taking','{\"note_type\": \"text\", \"note_length\": 50}',103,924,'2025-12-09 13:50:41'),(822,14,17,64,'seek_backward','{\"rewind_duration\": 15}',3,1184,'2025-11-26 13:50:42'),(823,14,17,65,'pause','{\"reason\": \"user\"}',118,78,'2025-11-19 13:50:42'),(824,14,17,62,'pause','{\"reason\": \"user\"}',4,530,'2025-12-10 13:50:42'),(825,14,17,65,'seek_backward','{\"rewind_duration\": 15}',30,864,'2025-12-04 13:50:42'),(826,14,17,65,'seek_backward','{\"rewind_duration\": 15}',118,971,'2025-11-27 13:50:42'),(827,14,17,64,'discussion','{\"discussion_type\": \"comment\"}',10,362,'2025-12-08 13:50:42'),(828,14,17,62,'play','{\"action\": \"start\"}',96,1158,'2025-11-12 13:50:42'),(829,14,17,65,'note_taking','{\"note_type\": \"text\", \"note_length\": 50}',84,637,'2025-12-01 13:50:42'),(830,14,17,64,'seek_forward','{\"skip_duration\": 30}',70,975,'2025-11-12 13:50:42'),(831,14,17,63,'question_ask','{\"question_type\": \"text\"}',19,181,'2025-12-08 13:50:42'),(832,14,17,64,'seek_backward','{\"rewind_duration\": 15}',29,710,'2025-11-17 13:50:42'),(833,14,17,65,'question_ask','{\"question_type\": \"text\"}',45,557,'2025-11-25 13:50:42'),(834,14,17,62,'quiz_attempt','{\"quiz_type\": \"multiple_choice\"}',109,36,'2025-11-21 13:50:42'),(835,14,17,63,'focus_lost','{\"lost_at_position\": 500}',106,944,'2025-12-08 13:50:42'),(836,14,17,64,'pause','{\"reason\": \"user\"}',19,539,'2025-12-11 13:50:42'),(837,14,17,63,'play','{\"action\": \"start\"}',74,176,'2025-11-22 13:50:42'),(838,14,17,62,'bookmark','{\"bookmark_position\": 300}',10,809,'2025-12-09 13:50:42'),(839,14,17,62,'seek_forward','{\"skip_duration\": 30}',82,433,'2025-12-01 13:50:42'),(840,14,17,64,'question_ask','{\"question_type\": \"text\"}',79,358,'2025-11-28 13:50:42'),(841,14,17,63,'replay','{\"replay_duration\": 60}',32,10,'2025-12-07 13:50:42'),(842,14,17,63,'question_ask','{\"question_type\": \"text\"}',15,907,'2025-11-21 13:50:42'),(843,14,17,62,'seek_backward','{\"rewind_duration\": 15}',36,1151,'2025-12-01 13:50:42'),(844,14,17,62,'replay','{\"replay_duration\": 60}',29,820,'2025-11-22 13:50:42'),(845,14,17,65,'seek_backward','{\"rewind_duration\": 15}',65,495,'2025-11-12 13:50:42'),(846,14,17,63,'bookmark','{\"bookmark_position\": 300}',42,573,'2025-12-07 13:50:42'),(847,14,17,65,'play','{\"action\": \"start\"}',3,992,'2025-12-08 13:50:42'),(848,14,17,64,'focus_regain','{\"focus_lost_duration\": 30000}',67,852,'2025-11-22 13:50:42'),(849,14,17,62,'discussion','{\"discussion_type\": \"comment\"}',5,915,'2025-11-29 13:50:42'),(850,14,17,64,'speed_up','{\"new_speed\": 1.5, \"old_speed\": 1}',26,1080,'2025-11-22 13:50:42'),(851,14,17,64,'speed_up','{\"new_speed\": 1.5, \"old_speed\": 1}',89,588,'2025-11-14 13:50:42'),(852,14,17,62,'speed_down','{\"new_speed\": 0.75, \"old_speed\": 1}',117,82,'2025-12-06 13:50:42'),(853,14,17,64,'pause','{\"reason\": \"user\"}',0,727,'2025-11-18 13:50:42'),(854,14,17,64,'focus_lost','{\"lost_at_position\": 500}',23,1029,'2025-12-11 13:50:42'),(855,14,17,65,'bookmark','{\"bookmark_position\": 300}',25,548,'2025-11-15 13:50:42'),(856,14,17,63,'note_taking','{\"note_type\": \"text\", \"note_length\": 50}',27,168,'2025-11-27 13:50:42'),(857,14,17,64,'bookmark','{\"bookmark_position\": 300}',97,1094,'2025-12-01 13:50:42'),(858,14,17,65,'chapter_complete','{\"completion_rate\": 100}',85,641,'2025-11-24 13:50:42'),(859,14,17,64,'pause','{\"reason\": \"user\"}',26,346,'2025-11-29 13:50:42'),(860,14,17,63,'question_ask','{\"question_type\": \"text\"}',36,578,'2025-12-08 13:50:42'),(861,14,17,63,'speed_down','{\"new_speed\": 0.75, \"old_speed\": 1}',10,921,'2025-11-27 13:50:42'),(862,14,17,63,'chapter_complete','{\"completion_rate\": 100}',33,228,'2025-11-22 13:50:42'),(863,14,17,65,'replay','{\"replay_duration\": 60}',46,758,'2025-12-08 13:50:42'),(864,14,17,62,'speed_down','{\"new_speed\": 0.75, \"old_speed\": 1}',14,296,'2025-12-02 13:50:42'),(865,14,17,63,'note_taking','{\"note_type\": \"text\", \"note_length\": 50}',64,348,'2025-11-12 13:50:42'),(866,14,17,62,'focus_lost','{\"lost_at_position\": 500}',60,1151,'2025-12-02 13:50:42'),(867,14,17,63,'pause','{\"reason\": \"user\"}',87,153,'2025-12-08 13:50:42'),(868,14,17,64,'seek_forward','{\"skip_duration\": 30}',27,35,'2025-11-14 13:50:42'),(869,14,17,63,'replay','{\"replay_duration\": 60}',85,961,'2025-12-11 13:50:42'),(870,14,17,65,'speed_down','{\"new_speed\": 0.75, \"old_speed\": 1}',87,665,'2025-11-14 13:50:42'),(871,14,17,65,'discussion','{\"discussion_type\": \"comment\"}',16,814,'2025-11-27 13:50:42'),(872,14,17,62,'seek_backward','{\"rewind_duration\": 15}',31,1168,'2025-12-08 13:50:42'),(873,14,17,63,'seek_backward','{\"rewind_duration\": 15}',42,833,'2025-12-03 13:50:42'),(874,14,17,65,'seek_backward','{\"rewind_duration\": 15}',33,1174,'2025-11-16 13:50:42'),(875,14,17,62,'focus_regain','{\"focus_lost_duration\": 30000}',84,397,'2025-11-16 13:50:42'),(876,14,17,65,'question_ask','{\"question_type\": \"text\"}',50,364,'2025-12-02 13:50:42'),(877,14,17,64,'focus_regain','{\"focus_lost_duration\": 30000}',14,888,'2025-12-03 13:50:42'),(878,14,17,65,'replay','{\"replay_duration\": 60}',50,826,'2025-11-12 13:50:42'),(879,14,17,65,'seek_backward','{\"rewind_duration\": 15}',110,4,'2025-11-28 13:50:42'),(880,14,17,63,'speed_down','{\"new_speed\": 0.75, \"old_speed\": 1}',104,1116,'2025-12-10 13:50:42'),(881,14,17,65,'seek_forward','{\"skip_duration\": 30}',109,1132,'2025-11-17 13:50:42'),(882,14,17,62,'quiz_attempt','{\"quiz_type\": \"multiple_choice\"}',92,266,'2025-11-28 13:50:42'),(883,14,17,62,'chapter_complete','{\"completion_rate\": 100}',55,911,'2025-12-07 13:50:42'),(884,14,17,65,'play','{\"action\": \"start\"}',25,1130,'2025-11-16 13:50:42'),(885,14,17,62,'focus_regain','{\"focus_lost_duration\": 30000}',72,143,'2025-11-22 13:50:42'),(886,14,17,62,'speed_down','{\"new_speed\": 0.75, \"old_speed\": 1}',99,999,'2025-12-04 13:50:42'),(887,14,17,63,'quiz_attempt','{\"quiz_type\": \"multiple_choice\"}',115,113,'2025-11-19 13:50:42'),(888,14,17,63,'seek_forward','{\"skip_duration\": 30}',91,778,'2025-12-07 13:50:42'),(889,14,17,62,'quiz_attempt','{\"quiz_type\": \"multiple_choice\"}',57,287,'2025-11-21 13:50:42'),(890,14,17,65,'focus_lost','{\"lost_at_position\": 500}',40,531,'2025-12-08 13:50:42'),(891,14,17,64,'question_ask','{\"question_type\": \"text\"}',5,1009,'2025-11-12 13:50:42'),(892,14,17,64,'speed_up','{\"new_speed\": 1.5, \"old_speed\": 1}',100,395,'2025-11-30 13:50:42'),(893,14,17,63,'question_ask','{\"question_type\": \"text\"}',111,460,'2025-12-06 13:50:42'),(894,101,18,69,'discussion','{\"discussion_type\": \"comment\"}',76,45,'2025-11-25 13:50:42'),(895,101,18,67,'play','{\"action\": \"start\"}',23,1189,'2025-12-05 13:50:42'),(896,101,18,68,'bookmark','{\"bookmark_position\": 300}',51,613,'2025-11-17 13:50:42'),(897,101,18,67,'question_ask','{\"question_type\": \"text\"}',84,466,'2025-11-22 13:50:42'),(898,101,18,67,'replay','{\"replay_duration\": 60}',74,694,'2025-11-18 13:50:42'),(899,101,18,67,'play','{\"action\": \"start\"}',13,153,'2025-11-23 13:50:42'),(900,101,18,68,'focus_regain','{\"focus_lost_duration\": 30000}',50,488,'2025-11-20 13:50:42'),(901,101,18,69,'note_taking','{\"note_type\": \"text\", \"note_length\": 50}',29,282,'2025-11-12 13:50:42'),(902,101,18,69,'pause','{\"reason\": \"user\"}',32,554,'2025-11-28 13:50:42'),(903,101,18,67,'seek_forward','{\"skip_duration\": 30}',115,725,'2025-12-11 13:50:42'),(904,101,18,68,'note_taking','{\"note_type\": \"text\", \"note_length\": 50}',25,992,'2025-11-27 13:50:42'),(905,101,18,68,'chapter_complete','{\"completion_rate\": 100}',104,104,'2025-11-13 13:50:42'),(906,101,18,69,'replay','{\"replay_duration\": 60}',53,22,'2025-12-07 13:50:42'),(907,101,18,67,'play','{\"action\": \"start\"}',24,294,'2025-11-12 13:50:42'),(908,101,18,69,'pause','{\"reason\": \"user\"}',7,357,'2025-11-29 13:50:42'),(909,101,18,68,'focus_lost','{\"lost_at_position\": 500}',26,702,'2025-11-13 13:50:42'),(910,101,18,66,'pause','{\"reason\": \"user\"}',111,472,'2025-11-24 13:50:42'),(911,101,18,69,'seek_backward','{\"rewind_duration\": 15}',19,169,'2025-11-28 13:50:42'),(912,101,18,68,'speed_down','{\"new_speed\": 0.75, \"old_speed\": 1}',14,196,'2025-11-24 13:50:42'),(913,101,18,69,'bookmark','{\"bookmark_position\": 300}',97,941,'2025-11-13 13:50:42'),(914,101,18,68,'note_taking','{\"note_type\": \"text\", \"note_length\": 50}',14,265,'2025-12-07 13:50:42'),(915,101,18,69,'speed_up','{\"new_speed\": 1.5, \"old_speed\": 1}',50,1008,'2025-12-09 13:50:42'),(916,101,18,66,'speed_up','{\"new_speed\": 1.5, \"old_speed\": 1}',14,690,'2025-11-23 13:50:42'),(917,101,18,67,'seek_backward','{\"rewind_duration\": 15}',44,472,'2025-11-30 13:50:42'),(918,101,18,67,'pause','{\"reason\": \"user\"}',26,1150,'2025-12-02 13:50:42'),(919,101,18,67,'seek_forward','{\"skip_duration\": 30}',28,13,'2025-11-16 13:50:42'),(920,101,18,66,'replay','{\"replay_duration\": 60}',95,354,'2025-12-05 13:50:42'),(921,101,18,66,'bookmark','{\"bookmark_position\": 300}',93,703,'2025-12-10 13:50:42'),(922,101,18,66,'discussion','{\"discussion_type\": \"comment\"}',107,959,'2025-12-09 13:50:42'),(923,101,18,67,'pause','{\"reason\": \"user\"}',6,705,'2025-12-08 13:50:42'),(924,101,18,69,'discussion','{\"discussion_type\": \"comment\"}',48,1041,'2025-12-04 13:50:42'),(925,101,18,68,'replay','{\"replay_duration\": 60}',112,678,'2025-12-02 13:50:42'),(926,101,18,66,'play','{\"action\": \"start\"}',4,648,'2025-11-14 13:50:42'),(927,101,18,67,'focus_regain','{\"focus_lost_duration\": 30000}',95,616,'2025-11-30 13:50:42'),(928,101,18,69,'replay','{\"replay_duration\": 60}',65,88,'2025-12-02 13:50:42'),(929,101,18,66,'focus_lost','{\"lost_at_position\": 500}',103,576,'2025-11-13 13:50:42'),(930,101,18,66,'pause','{\"reason\": \"user\"}',81,515,'2025-11-26 13:50:42'),(931,101,18,69,'pause','{\"reason\": \"user\"}',83,181,'2025-11-15 13:50:42'),(932,101,18,67,'speed_down','{\"new_speed\": 0.75, \"old_speed\": 1}',5,430,'2025-12-01 13:50:42'),(933,101,18,69,'focus_regain','{\"focus_lost_duration\": 30000}',47,164,'2025-11-19 13:50:42'),(934,101,18,69,'note_taking','{\"note_type\": \"text\", \"note_length\": 50}',66,255,'2025-11-16 13:50:42'),(935,101,18,66,'focus_regain','{\"focus_lost_duration\": 30000}',45,918,'2025-11-20 13:50:42'),(936,101,18,66,'bookmark','{\"bookmark_position\": 300}',91,329,'2025-11-27 13:50:42'),(937,101,18,66,'chapter_complete','{\"completion_rate\": 100}',17,821,'2025-11-22 13:50:42'),(938,101,18,69,'resource_download','{\"resource_type\": \"pdf\"}',25,1080,'2025-12-01 13:50:42'),(939,101,18,66,'seek_backward','{\"rewind_duration\": 15}',22,275,'2025-11-15 13:50:42'),(940,101,18,69,'question_ask','{\"question_type\": \"text\"}',96,946,'2025-11-24 13:50:42'),(941,101,18,69,'bookmark','{\"bookmark_position\": 300}',14,187,'2025-11-29 13:50:42'),(942,101,18,66,'seek_backward','{\"rewind_duration\": 15}',70,414,'2025-11-30 13:50:42'),(943,101,18,67,'resource_download','{\"resource_type\": \"pdf\"}',38,923,'2025-11-16 13:50:42'),(944,101,18,68,'replay','{\"replay_duration\": 60}',49,68,'2025-11-17 13:50:42'),(945,101,18,67,'question_ask','{\"question_type\": \"text\"}',68,672,'2025-11-17 13:50:42'),(946,101,18,67,'question_ask','{\"question_type\": \"text\"}',7,525,'2025-12-11 13:50:42'),(947,101,18,67,'resource_download','{\"resource_type\": \"pdf\"}',34,712,'2025-11-23 13:50:42'),(948,101,18,67,'note_taking','{\"note_type\": \"text\", \"note_length\": 50}',55,209,'2025-11-14 13:50:42'),(949,101,18,68,'resource_download','{\"resource_type\": \"pdf\"}',23,1058,'2025-11-15 13:50:42'),(950,101,18,66,'focus_regain','{\"focus_lost_duration\": 30000}',100,430,'2025-11-29 13:50:42'),(951,101,18,67,'play','{\"action\": \"start\"}',81,561,'2025-11-26 13:50:42'),(952,101,18,66,'replay','{\"replay_duration\": 60}',100,268,'2025-11-15 13:50:42'),(953,101,18,69,'focus_lost','{\"lost_at_position\": 500}',9,1142,'2025-11-24 13:50:42'),(954,101,18,67,'discussion','{\"discussion_type\": \"comment\"}',81,640,'2025-11-16 13:50:42'),(955,101,18,67,'focus_regain','{\"focus_lost_duration\": 30000}',11,1047,'2025-12-01 13:50:42'),(956,101,18,69,'seek_backward','{\"rewind_duration\": 15}',70,948,'2025-12-07 13:50:42'),(957,101,18,69,'focus_regain','{\"focus_lost_duration\": 30000}',42,17,'2025-11-18 13:50:42'),(958,101,18,66,'play','{\"action\": \"start\"}',53,152,'2025-11-20 13:50:42'),(959,101,18,68,'pause','{\"reason\": \"user\"}',99,918,'2025-11-15 13:50:42'),(960,101,18,69,'quiz_attempt','{\"quiz_type\": \"multiple_choice\"}',60,218,'2025-12-07 13:50:42'),(961,101,18,66,'chapter_complete','{\"completion_rate\": 100}',26,318,'2025-11-19 13:50:43'),(962,101,18,67,'seek_backward','{\"rewind_duration\": 15}',106,845,'2025-11-21 13:50:43'),(963,101,18,67,'resource_download','{\"resource_type\": \"pdf\"}',40,468,'2025-11-25 13:50:43'),(964,101,18,67,'quiz_attempt','{\"quiz_type\": \"multiple_choice\"}',98,589,'2025-11-27 13:50:43'),(965,101,18,67,'seek_backward','{\"rewind_duration\": 15}',14,848,'2025-11-12 13:50:43'),(966,101,18,66,'replay','{\"replay_duration\": 60}',118,129,'2025-11-15 13:50:43'),(967,101,18,69,'seek_forward','{\"skip_duration\": 30}',44,934,'2025-11-26 13:50:43'),(968,101,18,67,'chapter_complete','{\"completion_rate\": 100}',95,480,'2025-12-02 13:50:43'),(969,101,18,66,'speed_down','{\"new_speed\": 0.75, \"old_speed\": 1}',17,178,'2025-11-19 13:50:43'),(970,101,18,67,'seek_forward','{\"skip_duration\": 30}',25,527,'2025-12-08 13:50:43'),(971,101,18,68,'seek_backward','{\"rewind_duration\": 15}',119,577,'2025-12-02 13:50:43'),(972,101,18,69,'resource_download','{\"resource_type\": \"pdf\"}',18,268,'2025-12-11 13:50:43'),(973,101,18,66,'chapter_complete','{\"completion_rate\": 100}',0,643,'2025-12-11 13:50:43'),(974,101,18,66,'chapter_complete','{\"completion_rate\": 100}',110,648,'2025-12-08 13:50:43'),(975,101,18,69,'focus_regain','{\"focus_lost_duration\": 30000}',106,730,'2025-12-07 13:50:43'),(976,101,18,68,'speed_down','{\"new_speed\": 0.75, \"old_speed\": 1}',53,1166,'2025-11-19 13:50:43'),(977,101,18,66,'note_taking','{\"note_type\": \"text\", \"note_length\": 50}',3,716,'2025-11-19 13:50:43'),(978,101,18,67,'seek_backward','{\"rewind_duration\": 15}',4,109,'2025-11-29 13:50:43'),(979,101,18,68,'focus_regain','{\"focus_lost_duration\": 30000}',60,192,'2025-12-11 13:50:43'),(980,101,18,68,'resource_download','{\"resource_type\": \"pdf\"}',0,1113,'2025-11-21 13:50:43'),(981,101,18,68,'play','{\"action\": \"start\"}',13,60,'2025-11-29 13:50:43'),(982,101,18,68,'pause','{\"reason\": \"user\"}',47,85,'2025-11-14 13:50:43'),(983,101,18,67,'bookmark','{\"bookmark_position\": 300}',47,915,'2025-11-25 13:50:43'),(984,101,18,67,'seek_forward','{\"skip_duration\": 30}',49,292,'2025-11-27 13:50:43'),(985,103,18,66,'play','{\"action\": \"start\"}',106,404,'2025-11-25 13:50:43'),(986,103,18,67,'replay','{\"replay_duration\": 60}',26,816,'2025-11-12 13:50:43'),(987,103,18,66,'speed_down','{\"new_speed\": 0.75, \"old_speed\": 1}',95,561,'2025-12-11 13:50:43'),(988,103,18,69,'seek_backward','{\"rewind_duration\": 15}',96,838,'2025-11-12 13:50:43'),(989,103,18,66,'speed_up','{\"new_speed\": 1.5, \"old_speed\": 1}',106,1169,'2025-11-14 13:50:43'),(990,103,18,68,'quiz_attempt','{\"quiz_type\": \"multiple_choice\"}',24,961,'2025-12-02 13:50:43'),(991,103,18,68,'focus_lost','{\"lost_at_position\": 500}',112,62,'2025-11-20 13:50:43'),(992,103,18,68,'chapter_complete','{\"completion_rate\": 100}',110,343,'2025-12-04 13:50:43'),(993,103,18,69,'bookmark','{\"bookmark_position\": 300}',64,673,'2025-11-18 13:50:43'),(994,103,18,66,'seek_forward','{\"skip_duration\": 30}',11,446,'2025-11-21 13:50:43'),(995,103,18,68,'note_taking','{\"note_type\": \"text\", \"note_length\": 50}',8,341,'2025-11-29 13:50:43'),(996,103,18,67,'focus_regain','{\"focus_lost_duration\": 30000}',77,1068,'2025-12-09 13:50:43'),(997,103,18,69,'chapter_complete','{\"completion_rate\": 100}',79,654,'2025-12-08 13:50:43'),(998,103,18,68,'bookmark','{\"bookmark_position\": 300}',68,964,'2025-12-03 13:50:43'),(999,103,18,68,'note_taking','{\"note_type\": \"text\", \"note_length\": 50}',46,592,'2025-12-03 13:50:43'),(1000,103,18,68,'question_ask','{\"question_type\": \"text\"}',43,849,'2025-12-07 13:50:43'),(1001,103,18,69,'seek_forward','{\"skip_duration\": 30}',1,15,'2025-12-10 13:50:43'),(1002,103,18,66,'chapter_complete','{\"completion_rate\": 100}',76,309,'2025-12-11 13:50:43'),(1003,103,18,66,'chapter_complete','{\"completion_rate\": 100}',42,55,'2025-11-19 13:50:43'),(1004,103,18,67,'pause','{\"reason\": \"user\"}',58,268,'2025-11-29 13:50:43'),(1005,103,18,68,'play','{\"action\": \"start\"}',32,33,'2025-11-13 13:50:43'),(1006,103,18,66,'resource_download','{\"resource_type\": \"pdf\"}',62,851,'2025-11-13 13:50:43'),(1007,103,18,67,'note_taking','{\"note_type\": \"text\", \"note_length\": 50}',24,786,'2025-12-01 13:50:43'),(1008,103,18,67,'speed_down','{\"new_speed\": 0.75, \"old_speed\": 1}',38,1177,'2025-12-11 13:50:43'),(1009,103,18,69,'pause','{\"reason\": \"user\"}',65,663,'2025-12-02 13:50:43'),(1010,103,18,67,'bookmark','{\"bookmark_position\": 300}',97,320,'2025-12-05 13:50:43'),(1011,103,18,68,'speed_up','{\"new_speed\": 1.5, \"old_speed\": 1}',20,397,'2025-11-15 13:50:43'),(1012,103,18,66,'bookmark','{\"bookmark_position\": 300}',31,25,'2025-11-26 13:50:43'),(1013,103,18,68,'bookmark','{\"bookmark_position\": 300}',71,597,'2025-11-29 13:50:43'),(1014,103,18,69,'chapter_complete','{\"completion_rate\": 100}',109,328,'2025-12-10 13:50:43'),(1015,103,18,67,'bookmark','{\"bookmark_position\": 300}',73,527,'2025-11-15 13:50:43'),(1016,103,18,67,'bookmark','{\"bookmark_position\": 300}',103,1097,'2025-11-12 13:50:43'),(1017,103,18,69,'play','{\"action\": \"start\"}',65,666,'2025-11-12 13:50:43'),(1018,103,18,69,'seek_forward','{\"skip_duration\": 30}',38,271,'2025-12-01 13:50:43'),(1019,103,18,67,'replay','{\"replay_duration\": 60}',54,159,'2025-11-26 13:50:43'),(1020,103,18,66,'question_ask','{\"question_type\": \"text\"}',20,87,'2025-12-06 13:50:43'),(1021,103,18,69,'replay','{\"replay_duration\": 60}',72,128,'2025-12-06 13:50:43'),(1022,103,18,69,'chapter_complete','{\"completion_rate\": 100}',49,25,'2025-11-25 13:50:43'),(1023,103,18,68,'note_taking','{\"note_type\": \"text\", \"note_length\": 50}',93,347,'2025-12-01 13:50:43'),(1024,103,18,66,'focus_regain','{\"focus_lost_duration\": 30000}',29,1082,'2025-11-17 13:50:43'),(1025,103,18,69,'seek_backward','{\"rewind_duration\": 15}',90,27,'2025-11-14 13:50:43'),(1026,103,18,66,'resource_download','{\"resource_type\": \"pdf\"}',12,763,'2025-11-25 13:50:43'),(1027,103,18,66,'focus_regain','{\"focus_lost_duration\": 30000}',101,803,'2025-11-24 13:50:43'),(1028,103,18,69,'focus_lost','{\"lost_at_position\": 500}',62,427,'2025-12-04 13:50:43'),(1029,103,18,68,'pause','{\"reason\": \"user\"}',85,180,'2025-11-14 13:50:43'),(1030,103,18,69,'quiz_attempt','{\"quiz_type\": \"multiple_choice\"}',71,308,'2025-11-23 13:50:43'),(1031,103,18,69,'note_taking','{\"note_type\": \"text\", \"note_length\": 50}',84,338,'2025-12-05 13:50:43'),(1032,103,18,68,'resource_download','{\"resource_type\": \"pdf\"}',87,479,'2025-11-26 13:50:43'),(1033,103,18,68,'speed_down','{\"new_speed\": 0.75, \"old_speed\": 1}',75,265,'2025-11-27 13:50:43'),(1034,103,18,66,'resource_download','{\"resource_type\": \"pdf\"}',62,792,'2025-11-28 13:50:43'),(1035,103,18,68,'focus_regain','{\"focus_lost_duration\": 30000}',51,749,'2025-11-19 13:50:43'),(1036,103,18,69,'focus_lost','{\"lost_at_position\": 500}',97,468,'2025-11-20 13:50:43'),(1037,103,18,69,'chapter_complete','{\"completion_rate\": 100}',6,635,'2025-11-27 13:50:43'),(1038,103,18,67,'focus_regain','{\"focus_lost_duration\": 30000}',36,1114,'2025-11-26 13:50:43'),(1039,103,18,69,'bookmark','{\"bookmark_position\": 300}',109,409,'2025-11-19 13:50:43'),(1040,103,18,66,'quiz_attempt','{\"quiz_type\": \"multiple_choice\"}',66,458,'2025-12-04 13:50:43'),(1041,103,18,67,'play','{\"action\": \"start\"}',80,806,'2025-11-22 13:50:43'),(1042,103,18,68,'pause','{\"reason\": \"user\"}',108,422,'2025-11-18 13:50:43'),(1043,103,18,67,'pause','{\"reason\": \"user\"}',82,759,'2025-12-10 13:50:43'),(1044,103,18,68,'pause','{\"reason\": \"user\"}',7,571,'2025-12-06 13:50:43'),(1045,103,18,67,'chapter_complete','{\"completion_rate\": 100}',95,280,'2025-12-05 13:50:43'),(1046,103,18,68,'play','{\"action\": \"start\"}',0,322,'2025-11-14 13:50:43'),(1047,103,18,66,'seek_forward','{\"skip_duration\": 30}',40,561,'2025-11-25 13:50:43'),(1048,103,18,66,'seek_backward','{\"rewind_duration\": 15}',107,956,'2025-12-08 13:50:43'),(1049,103,18,66,'quiz_attempt','{\"quiz_type\": \"multiple_choice\"}',90,337,'2025-12-05 13:50:43'),(1050,103,18,68,'resource_download','{\"resource_type\": \"pdf\"}',81,1009,'2025-12-09 13:50:43'),(1051,103,18,67,'replay','{\"replay_duration\": 60}',111,66,'2025-12-01 13:50:43'),(1052,103,18,66,'replay','{\"replay_duration\": 60}',85,102,'2025-11-23 13:50:43'),(1053,103,18,68,'play','{\"action\": \"start\"}',119,530,'2025-11-13 13:50:43'),(1054,103,18,68,'chapter_complete','{\"completion_rate\": 100}',46,448,'2025-12-02 13:50:43'),(1055,103,18,67,'pause','{\"reason\": \"user\"}',0,348,'2025-12-09 13:50:43'),(1056,103,18,69,'quiz_attempt','{\"quiz_type\": \"multiple_choice\"}',8,227,'2025-12-03 13:50:43'),(1057,103,18,69,'note_taking','{\"note_type\": \"text\", \"note_length\": 50}',47,800,'2025-11-29 13:50:43'),(1058,103,18,69,'focus_lost','{\"lost_at_position\": 500}',88,261,'2025-11-15 13:50:43'),(1059,103,18,68,'bookmark','{\"bookmark_position\": 300}',8,974,'2025-11-29 13:50:43'),(1060,103,18,67,'focus_regain','{\"focus_lost_duration\": 30000}',57,163,'2025-11-25 13:50:43'),(1061,103,18,67,'pause','{\"reason\": \"user\"}',43,1068,'2025-12-01 13:50:43'),(1062,103,18,68,'pause','{\"reason\": \"user\"}',0,938,'2025-11-25 13:50:43'),(1063,103,18,69,'resource_download','{\"resource_type\": \"pdf\"}',24,390,'2025-11-15 13:50:43'),(1064,103,18,67,'focus_lost','{\"lost_at_position\": 500}',34,432,'2025-11-19 13:50:43'),(1065,103,18,67,'discussion','{\"discussion_type\": \"comment\"}',17,514,'2025-11-19 13:50:43'),(1066,103,18,69,'discussion','{\"discussion_type\": \"comment\"}',16,296,'2025-11-19 13:50:43'),(1067,103,18,69,'focus_regain','{\"focus_lost_duration\": 30000}',91,567,'2025-11-25 13:50:43'),(1068,103,18,66,'focus_regain','{\"focus_lost_duration\": 30000}',35,20,'2025-11-24 13:50:43'),(1069,103,18,66,'note_taking','{\"note_type\": \"text\", \"note_length\": 50}',67,969,'2025-12-09 13:50:43'),(1070,103,18,69,'focus_regain','{\"focus_lost_duration\": 30000}',98,61,'2025-11-19 13:50:43'),(1071,103,18,66,'seek_backward','{\"rewind_duration\": 15}',116,63,'2025-12-11 13:50:43'),(1072,103,18,69,'discussion','{\"discussion_type\": \"comment\"}',39,758,'2025-11-13 13:50:43'),(1073,103,18,69,'speed_up','{\"new_speed\": 1.5, \"old_speed\": 1}',64,1199,'2025-12-04 13:50:43'),(1074,103,18,68,'question_ask','{\"question_type\": \"text\"}',7,1138,'2025-12-08 13:50:43'),(1075,103,18,69,'chapter_complete','{\"completion_rate\": 100}',38,234,'2025-11-17 13:50:43'),(1076,103,18,66,'bookmark','{\"bookmark_position\": 300}',77,1157,'2025-11-17 13:50:43'),(1077,103,18,69,'note_taking','{\"note_type\": \"text\", \"note_length\": 50}',32,233,'2025-12-08 13:50:43'),(1078,103,18,66,'seek_forward','{\"skip_duration\": 30}',45,809,'2025-11-16 13:50:43'),(1079,103,18,67,'pause','{\"reason\": \"user\"}',112,555,'2025-11-22 13:50:43'),(1080,103,18,69,'question_ask','{\"question_type\": \"text\"}',30,1153,'2025-12-09 13:50:43'),(1081,103,18,67,'question_ask','{\"question_type\": \"text\"}',100,690,'2025-12-04 13:50:43'),(1082,103,18,68,'quiz_attempt','{\"quiz_type\": \"multiple_choice\"}',3,955,'2025-12-11 13:50:43'),(1083,103,18,68,'play','{\"action\": \"start\"}',82,623,'2025-11-25 13:50:43'),(1084,10,18,68,'focus_regain','{\"focus_lost_duration\": 30000}',69,403,'2025-12-11 13:50:43'),(1085,10,18,67,'focus_regain','{\"focus_lost_duration\": 30000}',41,561,'2025-12-04 13:50:43'),(1086,10,18,66,'pause','{\"reason\": \"user\"}',31,326,'2025-11-27 13:50:43'),(1087,10,18,68,'play','{\"action\": \"start\"}',35,246,'2025-11-21 13:50:43'),(1088,10,18,66,'question_ask','{\"question_type\": \"text\"}',38,703,'2025-11-14 13:50:43'),(1089,10,18,66,'discussion','{\"discussion_type\": \"comment\"}',115,826,'2025-12-01 13:50:43'),(1090,10,18,68,'discussion','{\"discussion_type\": \"comment\"}',13,858,'2025-12-03 13:50:43'),(1091,10,18,69,'seek_backward','{\"rewind_duration\": 15}',26,174,'2025-12-01 13:50:43'),(1092,10,18,67,'seek_forward','{\"skip_duration\": 30}',76,188,'2025-11-24 13:50:43'),(1093,10,18,66,'seek_forward','{\"skip_duration\": 30}',22,35,'2025-11-28 13:50:43'),(1094,10,18,69,'focus_lost','{\"lost_at_position\": 500}',101,1076,'2025-11-13 13:50:43'),(1095,10,18,68,'resource_download','{\"resource_type\": \"pdf\"}',36,818,'2025-12-11 13:50:43'),(1096,10,18,69,'play','{\"action\": \"start\"}',29,214,'2025-11-17 13:50:43'),(1097,10,18,69,'play','{\"action\": \"start\"}',31,134,'2025-11-18 13:50:43'),(1098,10,18,66,'question_ask','{\"question_type\": \"text\"}',7,367,'2025-11-22 13:50:43'),(1099,10,18,69,'seek_forward','{\"skip_duration\": 30}',119,966,'2025-11-24 13:50:43'),(1100,10,18,69,'speed_down','{\"new_speed\": 0.75, \"old_speed\": 1}',104,725,'2025-11-17 13:50:43'),(1101,10,18,68,'chapter_complete','{\"completion_rate\": 100}',13,1015,'2025-12-01 13:50:43'),(1102,10,18,68,'speed_up','{\"new_speed\": 1.5, \"old_speed\": 1}',40,1133,'2025-12-08 13:50:43'),(1103,10,18,68,'quiz_attempt','{\"quiz_type\": \"multiple_choice\"}',101,151,'2025-11-12 13:50:44'),(1104,10,18,67,'quiz_attempt','{\"quiz_type\": \"multiple_choice\"}',12,48,'2025-11-30 13:50:44'),(1105,10,18,68,'chapter_complete','{\"completion_rate\": 100}',79,438,'2025-12-04 13:50:44'),(1106,10,18,67,'seek_backward','{\"rewind_duration\": 15}',28,792,'2025-12-02 13:50:44'),(1107,10,18,68,'pause','{\"reason\": \"user\"}',76,195,'2025-11-16 13:50:44'),(1108,10,18,66,'quiz_attempt','{\"quiz_type\": \"multiple_choice\"}',87,964,'2025-11-18 13:50:44'),(1109,10,18,69,'pause','{\"reason\": \"user\"}',84,812,'2025-11-27 13:50:44'),(1110,10,18,69,'play','{\"action\": \"start\"}',40,748,'2025-11-20 13:50:44'),(1111,10,18,67,'seek_forward','{\"skip_duration\": 30}',68,719,'2025-12-06 13:50:44'),(1112,10,18,69,'bookmark','{\"bookmark_position\": 300}',117,527,'2025-12-06 13:50:44'),(1113,10,18,66,'focus_regain','{\"focus_lost_duration\": 30000}',42,381,'2025-11-26 13:50:44'),(1114,10,18,68,'speed_down','{\"new_speed\": 0.75, \"old_speed\": 1}',64,843,'2025-11-16 13:50:44'),(1115,10,18,69,'note_taking','{\"note_type\": \"text\", \"note_length\": 50}',18,43,'2025-11-25 13:50:44'),(1116,10,18,66,'question_ask','{\"question_type\": \"text\"}',15,1124,'2025-11-24 13:50:44'),(1117,10,18,68,'play','{\"action\": \"start\"}',33,160,'2025-12-08 13:50:44'),(1118,10,18,67,'resource_download','{\"resource_type\": \"pdf\"}',90,831,'2025-11-30 13:50:44'),(1119,10,18,69,'seek_backward','{\"rewind_duration\": 15}',70,129,'2025-11-16 13:50:44'),(1120,10,18,69,'note_taking','{\"note_type\": \"text\", \"note_length\": 50}',106,437,'2025-12-01 13:50:44'),(1121,10,18,66,'discussion','{\"discussion_type\": \"comment\"}',19,376,'2025-11-29 13:50:44'),(1122,10,18,66,'seek_backward','{\"rewind_duration\": 15}',23,706,'2025-11-19 13:50:44'),(1123,10,18,69,'speed_up','{\"new_speed\": 1.5, \"old_speed\": 1}',5,790,'2025-12-08 13:50:44'),(1124,10,18,68,'seek_forward','{\"skip_duration\": 30}',74,155,'2025-11-18 13:50:44'),(1125,10,18,69,'speed_down','{\"new_speed\": 0.75, \"old_speed\": 1}',17,1129,'2025-12-06 13:50:44'),(1126,10,18,68,'pause','{\"reason\": \"user\"}',58,440,'2025-12-01 13:50:44'),(1127,10,18,66,'chapter_complete','{\"completion_rate\": 100}',31,198,'2025-11-20 13:50:44'),(1128,10,18,69,'chapter_complete','{\"completion_rate\": 100}',78,929,'2025-11-24 13:50:44'),(1129,10,18,66,'focus_lost','{\"lost_at_position\": 500}',28,911,'2025-11-12 13:50:44'),(1130,10,18,66,'resource_download','{\"resource_type\": \"pdf\"}',1,355,'2025-11-23 13:50:44'),(1131,10,18,69,'discussion','{\"discussion_type\": \"comment\"}',113,100,'2025-11-29 13:50:44'),(1132,10,18,69,'quiz_attempt','{\"quiz_type\": \"multiple_choice\"}',106,941,'2025-12-04 13:50:44'),(1133,10,18,66,'speed_down','{\"new_speed\": 0.75, \"old_speed\": 1}',71,37,'2025-11-21 13:50:44'),(1134,10,18,68,'quiz_attempt','{\"quiz_type\": \"multiple_choice\"}',64,979,'2025-11-23 13:50:44'),(1135,10,18,68,'resource_download','{\"resource_type\": \"pdf\"}',62,806,'2025-12-10 13:50:44'),(1136,10,18,68,'focus_regain','{\"focus_lost_duration\": 30000}',13,1029,'2025-12-11 13:50:44'),(1137,10,18,67,'speed_up','{\"new_speed\": 1.5, \"old_speed\": 1}',26,1082,'2025-12-06 13:50:44'),(1138,10,18,69,'note_taking','{\"note_type\": \"text\", \"note_length\": 50}',13,833,'2025-12-01 13:50:44'),(1139,10,18,68,'speed_down','{\"new_speed\": 0.75, \"old_speed\": 1}',103,364,'2025-11-16 13:50:44'),(1140,10,18,66,'focus_lost','{\"lost_at_position\": 500}',72,291,'2025-12-11 13:50:44'),(1141,10,18,69,'seek_forward','{\"skip_duration\": 30}',81,591,'2025-12-09 13:50:44'),(1142,10,18,67,'play','{\"action\": \"start\"}',29,1012,'2025-11-13 13:50:44'),(1143,10,18,67,'pause','{\"reason\": \"user\"}',107,330,'2025-12-11 13:50:44'),(1144,10,18,68,'play','{\"action\": \"start\"}',92,827,'2025-12-07 13:50:44'),(1145,10,18,67,'speed_up','{\"new_speed\": 1.5, \"old_speed\": 1}',118,655,'2025-12-02 13:50:44'),(1146,10,18,66,'resource_download','{\"resource_type\": \"pdf\"}',63,157,'2025-11-26 13:50:44'),(1147,10,18,66,'bookmark','{\"bookmark_position\": 300}',58,112,'2025-12-10 13:50:44'),(1148,10,18,68,'quiz_attempt','{\"quiz_type\": \"multiple_choice\"}',14,676,'2025-11-17 13:50:44'),(1149,10,18,67,'note_taking','{\"note_type\": \"text\", \"note_length\": 50}',96,1169,'2025-11-13 13:50:44'),(1150,10,18,67,'pause','{\"reason\": \"user\"}',111,710,'2025-11-17 13:50:44'),(1151,10,18,66,'chapter_complete','{\"completion_rate\": 100}',119,887,'2025-12-10 13:50:44'),(1152,10,18,66,'resource_download','{\"resource_type\": \"pdf\"}',58,899,'2025-12-09 13:50:44'),(1153,10,18,66,'play','{\"action\": \"start\"}',2,752,'2025-11-12 13:50:44'),(1154,10,18,66,'pause','{\"reason\": \"user\"}',60,77,'2025-12-05 13:50:44'),(1155,10,18,69,'speed_up','{\"new_speed\": 1.5, \"old_speed\": 1}',22,996,'2025-11-23 13:50:44'),(1156,10,18,69,'seek_backward','{\"rewind_duration\": 15}',12,943,'2025-11-29 13:50:44'),(1157,10,18,66,'seek_backward','{\"rewind_duration\": 15}',38,875,'2025-12-01 13:50:44'),(1158,10,18,69,'play','{\"action\": \"start\"}',118,748,'2025-12-11 13:50:44'),(1159,10,18,68,'speed_up','{\"new_speed\": 1.5, \"old_speed\": 1}',74,863,'2025-11-18 13:50:44'),(1160,10,18,68,'pause','{\"reason\": \"user\"}',21,1093,'2025-11-12 13:50:44'),(1161,10,18,67,'note_taking','{\"note_type\": \"text\", \"note_length\": 50}',5,1189,'2025-12-03 13:50:44'),(1162,10,18,66,'focus_regain','{\"focus_lost_duration\": 30000}',107,660,'2025-11-26 13:50:44'),(1163,10,18,68,'pause','{\"reason\": \"user\"}',92,1106,'2025-11-12 13:50:44'),(1164,10,18,66,'seek_forward','{\"skip_duration\": 30}',59,1071,'2025-11-22 13:50:44'),(1165,10,18,68,'chapter_complete','{\"completion_rate\": 100}',106,124,'2025-11-24 13:50:44'),(1166,10,18,66,'focus_regain','{\"focus_lost_duration\": 30000}',102,941,'2025-11-30 13:50:44'),(1167,10,18,66,'chapter_complete','{\"completion_rate\": 100}',87,55,'2025-11-16 13:50:44'),(1168,10,18,69,'quiz_attempt','{\"quiz_type\": \"multiple_choice\"}',101,13,'2025-11-27 13:50:44'),(1169,10,18,66,'pause','{\"reason\": \"user\"}',12,1169,'2025-11-20 13:50:44'),(1170,10,18,67,'seek_forward','{\"skip_duration\": 30}',18,1073,'2025-12-10 13:50:44'),(1171,10,18,66,'focus_regain','{\"focus_lost_duration\": 30000}',65,974,'2025-11-24 13:50:44'),(1172,6,18,67,'question_ask','{\"question_type\": \"text\"}',43,187,'2025-11-25 13:50:44'),(1173,6,18,67,'focus_lost','{\"lost_at_position\": 500}',18,10,'2025-12-11 13:50:44'),(1174,6,18,67,'pause','{\"reason\": \"user\"}',42,311,'2025-12-05 13:50:44'),(1175,6,18,69,'discussion','{\"discussion_type\": \"comment\"}',77,358,'2025-12-01 13:50:44'),(1176,6,18,69,'speed_up','{\"new_speed\": 1.5, \"old_speed\": 1}',17,1192,'2025-11-21 13:50:44'),(1177,6,18,67,'replay','{\"replay_duration\": 60}',6,753,'2025-12-09 13:50:44'),(1178,6,18,67,'resource_download','{\"resource_type\": \"pdf\"}',34,1063,'2025-11-14 13:50:44'),(1179,6,18,69,'focus_regain','{\"focus_lost_duration\": 30000}',47,785,'2025-11-26 13:50:44'),(1180,6,18,69,'focus_lost','{\"lost_at_position\": 500}',115,634,'2025-11-26 13:50:44'),(1181,6,18,68,'focus_regain','{\"focus_lost_duration\": 30000}',7,646,'2025-12-03 13:50:44'),(1182,6,18,68,'replay','{\"replay_duration\": 60}',80,568,'2025-11-15 13:50:44'),(1183,6,18,66,'focus_regain','{\"focus_lost_duration\": 30000}',20,644,'2025-11-23 13:50:44'),(1184,6,18,67,'discussion','{\"discussion_type\": \"comment\"}',83,176,'2025-12-03 13:50:44'),(1185,6,18,67,'seek_forward','{\"skip_duration\": 30}',7,712,'2025-11-27 13:50:44'),(1186,6,18,69,'question_ask','{\"question_type\": \"text\"}',114,192,'2025-12-10 13:50:44'),(1187,6,18,66,'speed_down','{\"new_speed\": 0.75, \"old_speed\": 1}',0,419,'2025-12-11 13:50:44'),(1188,6,18,67,'quiz_attempt','{\"quiz_type\": \"multiple_choice\"}',59,643,'2025-12-10 13:50:44'),(1189,6,18,67,'note_taking','{\"note_type\": \"text\", \"note_length\": 50}',84,807,'2025-11-25 13:50:44'),(1190,6,18,68,'quiz_attempt','{\"quiz_type\": \"multiple_choice\"}',112,260,'2025-11-24 13:50:44'),(1191,6,18,67,'discussion','{\"discussion_type\": \"comment\"}',48,153,'2025-12-03 13:50:44'),(1192,6,18,68,'replay','{\"replay_duration\": 60}',76,978,'2025-11-27 13:50:44'),(1193,6,18,66,'focus_lost','{\"lost_at_position\": 500}',61,585,'2025-11-12 13:50:44'),(1194,6,18,67,'focus_lost','{\"lost_at_position\": 500}',101,692,'2025-11-27 13:50:44'),(1195,6,18,69,'chapter_complete','{\"completion_rate\": 100}',90,832,'2025-11-12 13:50:44'),(1196,6,18,66,'discussion','{\"discussion_type\": \"comment\"}',81,923,'2025-11-23 13:50:44'),(1197,6,18,68,'question_ask','{\"question_type\": \"text\"}',18,100,'2025-12-08 13:50:44'),(1198,6,18,69,'question_ask','{\"question_type\": \"text\"}',58,592,'2025-12-01 13:50:44'),(1199,6,18,68,'question_ask','{\"question_type\": \"text\"}',20,234,'2025-11-13 13:50:44'),(1200,6,18,69,'quiz_attempt','{\"quiz_type\": \"multiple_choice\"}',92,311,'2025-12-04 13:50:44'),(1201,6,18,69,'focus_lost','{\"lost_at_position\": 500}',32,25,'2025-12-05 13:50:44'),(1202,6,18,67,'focus_lost','{\"lost_at_position\": 500}',110,1194,'2025-12-04 13:50:44'),(1203,6,18,69,'discussion','{\"discussion_type\": \"comment\"}',32,611,'2025-11-12 13:50:44'),(1204,6,18,67,'question_ask','{\"question_type\": \"text\"}',39,411,'2025-11-26 13:50:44'),(1205,6,18,68,'note_taking','{\"note_type\": \"text\", \"note_length\": 50}',98,1152,'2025-12-09 13:50:44'),(1206,6,18,67,'note_taking','{\"note_type\": \"text\", \"note_length\": 50}',23,1031,'2025-12-03 13:50:44'),(1207,6,18,67,'note_taking','{\"note_type\": \"text\", \"note_length\": 50}',28,834,'2025-11-12 13:50:44'),(1208,6,18,69,'question_ask','{\"question_type\": \"text\"}',58,913,'2025-11-22 13:50:44'),(1209,6,18,66,'question_ask','{\"question_type\": \"text\"}',114,587,'2025-12-03 13:50:44'),(1210,6,18,68,'bookmark','{\"bookmark_position\": 300}',33,386,'2025-11-25 13:50:44'),(1211,6,18,67,'quiz_attempt','{\"quiz_type\": \"multiple_choice\"}',79,344,'2025-11-19 13:50:44'),(1212,6,18,68,'focus_lost','{\"lost_at_position\": 500}',30,696,'2025-11-23 13:50:44'),(1213,6,18,66,'resource_download','{\"resource_type\": \"pdf\"}',32,258,'2025-11-19 13:50:44'),(1214,6,18,66,'focus_regain','{\"focus_lost_duration\": 30000}',6,142,'2025-11-12 13:50:44'),(1215,6,18,69,'quiz_attempt','{\"quiz_type\": \"multiple_choice\"}',37,1189,'2025-11-15 13:50:44'),(1216,6,18,68,'seek_forward','{\"skip_duration\": 30}',106,826,'2025-11-23 13:50:44'),(1217,6,18,66,'speed_down','{\"new_speed\": 0.75, \"old_speed\": 1}',45,421,'2025-11-27 13:50:44'),(1218,6,18,68,'resource_download','{\"resource_type\": \"pdf\"}',14,1161,'2025-12-09 13:50:44'),(1219,6,18,68,'focus_regain','{\"focus_lost_duration\": 30000}',54,485,'2025-11-20 13:50:44'),(1220,6,18,68,'chapter_complete','{\"completion_rate\": 100}',100,1194,'2025-12-10 13:50:44'),(1221,6,18,67,'speed_up','{\"new_speed\": 1.5, \"old_speed\": 1}',62,934,'2025-12-10 13:50:44'),(1222,6,18,67,'note_taking','{\"note_type\": \"text\", \"note_length\": 50}',76,887,'2025-12-02 13:50:44'),(1223,6,18,66,'seek_forward','{\"skip_duration\": 30}',116,484,'2025-12-07 13:50:44'),(1224,6,18,67,'focus_regain','{\"focus_lost_duration\": 30000}',103,678,'2025-12-02 13:50:44'),(1225,6,18,68,'seek_forward','{\"skip_duration\": 30}',3,901,'2025-11-22 13:50:44'),(1226,6,18,67,'resource_download','{\"resource_type\": \"pdf\"}',105,72,'2025-12-03 13:50:44'),(1227,6,18,66,'discussion','{\"discussion_type\": \"comment\"}',71,493,'2025-12-06 13:50:44'),(1228,6,18,66,'replay','{\"replay_duration\": 60}',44,1107,'2025-11-29 13:50:44'),(1229,7,18,67,'chapter_complete','{\"completion_rate\": 100}',79,843,'2025-11-23 13:50:44'),(1230,7,18,68,'resource_download','{\"resource_type\": \"pdf\"}',113,927,'2025-11-24 13:50:44'),(1231,7,18,67,'pause','{\"reason\": \"user\"}',91,393,'2025-12-10 13:50:44'),(1232,7,18,67,'note_taking','{\"note_type\": \"text\", \"note_length\": 50}',64,986,'2025-11-26 13:50:44'),(1233,7,18,68,'chapter_complete','{\"completion_rate\": 100}',106,647,'2025-12-11 13:50:45'),(1234,7,18,67,'pause','{\"reason\": \"user\"}',16,927,'2025-12-02 13:50:45'),(1235,7,18,67,'note_taking','{\"note_type\": \"text\", \"note_length\": 50}',65,898,'2025-11-18 13:50:45'),(1236,7,18,69,'note_taking','{\"note_type\": \"text\", \"note_length\": 50}',14,545,'2025-11-18 13:50:45'),(1237,7,18,68,'note_taking','{\"note_type\": \"text\", \"note_length\": 50}',110,45,'2025-11-29 13:50:45'),(1238,7,18,69,'speed_up','{\"new_speed\": 1.5, \"old_speed\": 1}',115,554,'2025-12-03 13:50:45'),(1239,7,18,69,'question_ask','{\"question_type\": \"text\"}',118,503,'2025-11-26 13:50:45'),(1240,7,18,67,'note_taking','{\"note_type\": \"text\", \"note_length\": 50}',87,322,'2025-11-13 13:50:45'),(1241,7,18,67,'speed_up','{\"new_speed\": 1.5, \"old_speed\": 1}',96,535,'2025-12-08 13:50:45'),(1242,7,18,67,'quiz_attempt','{\"quiz_type\": \"multiple_choice\"}',6,173,'2025-11-26 13:50:45'),(1243,7,18,66,'speed_up','{\"new_speed\": 1.5, \"old_speed\": 1}',85,652,'2025-11-26 13:50:45'),(1244,7,18,66,'chapter_complete','{\"completion_rate\": 100}',75,937,'2025-11-15 13:50:45'),(1245,7,18,69,'chapter_complete','{\"completion_rate\": 100}',91,439,'2025-11-12 13:50:45'),(1246,7,18,67,'focus_regain','{\"focus_lost_duration\": 30000}',115,1049,'2025-11-29 13:50:45'),(1247,7,18,66,'speed_up','{\"new_speed\": 1.5, \"old_speed\": 1}',106,196,'2025-12-02 13:50:45'),(1248,7,18,69,'replay','{\"replay_duration\": 60}',54,130,'2025-12-09 13:50:45'),(1249,7,18,66,'speed_up','{\"new_speed\": 1.5, \"old_speed\": 1}',111,482,'2025-11-24 13:50:45'),(1250,7,18,68,'speed_down','{\"new_speed\": 0.75, \"old_speed\": 1}',20,833,'2025-11-23 13:50:45'),(1251,7,18,66,'speed_up','{\"new_speed\": 1.5, \"old_speed\": 1}',89,301,'2025-11-27 13:50:45'),(1252,7,18,67,'resource_download','{\"resource_type\": \"pdf\"}',17,954,'2025-11-19 13:50:45'),(1253,7,18,66,'chapter_complete','{\"completion_rate\": 100}',94,485,'2025-11-19 13:50:45'),(1254,7,18,68,'focus_lost','{\"lost_at_position\": 500}',110,180,'2025-12-06 13:50:45'),(1255,7,18,69,'resource_download','{\"resource_type\": \"pdf\"}',28,144,'2025-11-26 13:50:45'),(1256,7,18,66,'chapter_complete','{\"completion_rate\": 100}',35,418,'2025-12-05 13:50:45'),(1257,7,18,67,'bookmark','{\"bookmark_position\": 300}',34,701,'2025-12-10 13:50:45'),(1258,7,18,66,'seek_backward','{\"rewind_duration\": 15}',111,899,'2025-11-18 13:50:45'),(1259,7,18,68,'focus_regain','{\"focus_lost_duration\": 30000}',33,219,'2025-11-25 13:50:45'),(1260,7,18,68,'play','{\"action\": \"start\"}',56,639,'2025-11-14 13:50:45'),(1261,7,18,67,'speed_up','{\"new_speed\": 1.5, \"old_speed\": 1}',109,68,'2025-12-01 13:50:45'),(1262,7,18,69,'play','{\"action\": \"start\"}',12,262,'2025-12-01 13:50:45'),(1263,7,18,69,'seek_forward','{\"skip_duration\": 30}',20,139,'2025-11-26 13:50:45'),(1264,7,18,68,'speed_down','{\"new_speed\": 0.75, \"old_speed\": 1}',11,1142,'2025-11-21 13:50:45'),(1265,7,18,67,'pause','{\"reason\": \"user\"}',103,210,'2025-11-14 13:50:45'),(1266,7,18,66,'question_ask','{\"question_type\": \"text\"}',72,33,'2025-11-19 13:50:45'),(1267,7,18,69,'speed_up','{\"new_speed\": 1.5, \"old_speed\": 1}',44,1087,'2025-11-21 13:50:45'),(1268,7,18,69,'discussion','{\"discussion_type\": \"comment\"}',26,694,'2025-12-09 13:50:45'),(1269,7,18,67,'focus_regain','{\"focus_lost_duration\": 30000}',28,303,'2025-11-25 13:50:45'),(1270,7,18,68,'focus_lost','{\"lost_at_position\": 500}',101,1140,'2025-12-03 13:50:45'),(1271,7,18,69,'seek_forward','{\"skip_duration\": 30}',66,446,'2025-12-03 13:50:45'),(1272,7,18,69,'bookmark','{\"bookmark_position\": 300}',35,98,'2025-11-25 13:50:45'),(1273,7,18,66,'pause','{\"reason\": \"user\"}',31,493,'2025-12-08 13:50:45'),(1274,7,18,69,'question_ask','{\"question_type\": \"text\"}',41,685,'2025-11-20 13:50:45'),(1275,7,18,67,'quiz_attempt','{\"quiz_type\": \"multiple_choice\"}',11,744,'2025-11-27 13:50:45'),(1276,7,18,69,'chapter_complete','{\"completion_rate\": 100}',39,679,'2025-11-18 13:50:45'),(1277,7,18,68,'resource_download','{\"resource_type\": \"pdf\"}',36,864,'2025-11-24 13:50:45'),(1278,7,18,67,'seek_forward','{\"skip_duration\": 30}',82,717,'2025-11-26 13:50:45'),(1279,7,18,66,'focus_lost','{\"lost_at_position\": 500}',76,622,'2025-11-17 13:50:45'),(1280,7,18,67,'play','{\"action\": \"start\"}',61,1036,'2025-12-07 13:50:45'),(1281,7,18,66,'pause','{\"reason\": \"user\"}',40,673,'2025-11-15 13:50:45'),(1282,7,18,68,'seek_forward','{\"skip_duration\": 30}',19,468,'2025-11-25 13:50:45'),(1283,7,18,66,'resource_download','{\"resource_type\": \"pdf\"}',60,663,'2025-11-21 13:50:45'),(1284,7,18,69,'speed_up','{\"new_speed\": 1.5, \"old_speed\": 1}',16,537,'2025-11-22 13:50:45'),(1285,7,18,68,'play','{\"action\": \"start\"}',19,641,'2025-11-20 13:50:45'),(1286,7,18,69,'focus_lost','{\"lost_at_position\": 500}',86,794,'2025-11-20 13:50:45'),(1287,7,18,68,'pause','{\"reason\": \"user\"}',37,547,'2025-12-01 13:50:45'),(1288,7,18,67,'note_taking','{\"note_type\": \"text\", \"note_length\": 50}',40,299,'2025-11-19 13:50:45'),(1289,7,18,68,'pause','{\"reason\": \"user\"}',107,1102,'2025-11-21 13:50:45'),(1290,7,18,69,'speed_down','{\"new_speed\": 0.75, \"old_speed\": 1}',49,826,'2025-11-27 13:50:45'),(1291,7,18,69,'focus_lost','{\"lost_at_position\": 500}',51,46,'2025-11-29 13:50:45'),(1292,7,18,67,'speed_up','{\"new_speed\": 1.5, \"old_speed\": 1}',115,1138,'2025-12-10 13:50:45'),(1293,7,18,69,'play','{\"action\": \"start\"}',71,619,'2025-11-13 13:50:45'),(1294,7,18,69,'note_taking','{\"note_type\": \"text\", \"note_length\": 50}',110,236,'2025-11-12 13:50:45'),(1295,7,18,67,'focus_regain','{\"focus_lost_duration\": 30000}',48,975,'2025-11-24 13:50:45'),(1296,7,18,66,'replay','{\"replay_duration\": 60}',82,95,'2025-12-07 13:50:45'),(1297,7,18,66,'speed_down','{\"new_speed\": 0.75, \"old_speed\": 1}',4,156,'2025-11-17 13:50:45'),(1298,7,18,66,'replay','{\"replay_duration\": 60}',111,1108,'2025-11-15 13:50:45'),(1299,8,18,69,'quiz_attempt','{\"quiz_type\": \"multiple_choice\"}',37,517,'2025-12-11 13:50:45'),(1300,8,18,68,'bookmark','{\"bookmark_position\": 300}',61,252,'2025-12-01 13:50:45'),(1301,8,18,68,'focus_regain','{\"focus_lost_duration\": 30000}',61,594,'2025-11-24 13:50:45'),(1302,8,18,69,'speed_up','{\"new_speed\": 1.5, \"old_speed\": 1}',105,32,'2025-12-05 13:50:45'),(1303,8,18,69,'pause','{\"reason\": \"user\"}',29,861,'2025-12-01 13:50:45'),(1304,8,18,66,'pause','{\"reason\": \"user\"}',68,570,'2025-12-02 13:50:45'),(1305,8,18,66,'bookmark','{\"bookmark_position\": 300}',60,880,'2025-12-02 13:50:45'),(1306,8,18,66,'question_ask','{\"question_type\": \"text\"}',47,1131,'2025-11-20 13:50:45'),(1307,8,18,67,'question_ask','{\"question_type\": \"text\"}',92,776,'2025-11-27 13:50:45'),(1308,8,18,68,'note_taking','{\"note_type\": \"text\", \"note_length\": 50}',22,601,'2025-11-22 13:50:45'),(1309,8,18,67,'question_ask','{\"question_type\": \"text\"}',88,29,'2025-11-19 13:50:45'),(1310,8,18,69,'question_ask','{\"question_type\": \"text\"}',107,705,'2025-12-03 13:50:45'),(1311,8,18,69,'speed_down','{\"new_speed\": 0.75, \"old_speed\": 1}',38,1063,'2025-11-17 13:50:45'),(1312,8,18,66,'seek_backward','{\"rewind_duration\": 15}',19,554,'2025-12-09 13:50:45'),(1313,8,18,66,'focus_regain','{\"focus_lost_duration\": 30000}',118,725,'2025-11-30 13:50:45'),(1314,8,18,68,'speed_down','{\"new_speed\": 0.75, \"old_speed\": 1}',85,276,'2025-11-25 13:50:45'),(1315,8,18,68,'play','{\"action\": \"start\"}',81,980,'2025-11-26 13:50:45'),(1316,8,18,67,'seek_backward','{\"rewind_duration\": 15}',19,968,'2025-12-06 13:50:45'),(1317,8,18,66,'play','{\"action\": \"start\"}',61,608,'2025-12-02 13:50:45'),(1318,8,18,69,'speed_down','{\"new_speed\": 0.75, \"old_speed\": 1}',2,1165,'2025-12-05 13:50:45'),(1319,8,18,67,'note_taking','{\"note_type\": \"text\", \"note_length\": 50}',58,37,'2025-11-28 13:50:45'),(1320,8,18,67,'resource_download','{\"resource_type\": \"pdf\"}',50,841,'2025-11-27 13:50:45'),(1321,8,18,69,'focus_regain','{\"focus_lost_duration\": 30000}',99,43,'2025-11-14 13:50:45'),(1322,8,18,68,'bookmark','{\"bookmark_position\": 300}',8,1017,'2025-11-15 13:50:45'),(1323,8,18,67,'focus_lost','{\"lost_at_position\": 500}',110,695,'2025-12-05 13:50:45'),(1324,8,18,68,'focus_lost','{\"lost_at_position\": 500}',61,125,'2025-11-21 13:50:45'),(1325,8,18,67,'focus_lost','{\"lost_at_position\": 500}',92,677,'2025-11-29 13:50:45'),(1326,8,18,67,'seek_backward','{\"rewind_duration\": 15}',61,700,'2025-12-03 13:50:45'),(1327,8,18,67,'replay','{\"replay_duration\": 60}',29,1127,'2025-11-27 13:50:45'),(1328,8,18,69,'discussion','{\"discussion_type\": \"comment\"}',49,817,'2025-11-17 13:50:45'),(1329,8,18,67,'seek_backward','{\"rewind_duration\": 15}',74,225,'2025-11-24 13:50:45'),(1330,8,18,67,'speed_down','{\"new_speed\": 0.75, \"old_speed\": 1}',44,37,'2025-12-09 13:50:45'),(1331,8,18,69,'seek_forward','{\"skip_duration\": 30}',71,214,'2025-12-03 13:50:45'),(1332,8,18,67,'resource_download','{\"resource_type\": \"pdf\"}',11,864,'2025-11-19 13:50:45'),(1333,8,18,69,'note_taking','{\"note_type\": \"text\", \"note_length\": 50}',94,274,'2025-11-18 13:50:45'),(1334,8,18,66,'pause','{\"reason\": \"user\"}',9,552,'2025-11-19 13:50:45'),(1335,8,18,67,'resource_download','{\"resource_type\": \"pdf\"}',67,275,'2025-11-30 13:50:45'),(1336,8,18,68,'question_ask','{\"question_type\": \"text\"}',2,82,'2025-12-04 13:50:45'),(1337,8,18,67,'play','{\"action\": \"start\"}',12,415,'2025-11-13 13:50:45'),(1338,8,18,68,'quiz_attempt','{\"quiz_type\": \"multiple_choice\"}',117,57,'2025-11-22 13:50:45'),(1339,8,18,66,'replay','{\"replay_duration\": 60}',119,1119,'2025-11-16 13:50:45'),(1340,8,18,66,'quiz_attempt','{\"quiz_type\": \"multiple_choice\"}',87,786,'2025-12-06 13:50:45'),(1341,8,18,66,'speed_up','{\"new_speed\": 1.5, \"old_speed\": 1}',11,96,'2025-12-02 13:50:45'),(1342,8,18,66,'play','{\"action\": \"start\"}',35,359,'2025-11-29 13:50:45'),(1343,8,18,67,'seek_forward','{\"skip_duration\": 30}',90,374,'2025-12-08 13:50:45'),(1344,8,18,68,'focus_lost','{\"lost_at_position\": 500}',36,284,'2025-11-13 13:50:45'),(1345,8,18,67,'bookmark','{\"bookmark_position\": 300}',52,375,'2025-12-04 13:50:45'),(1346,8,18,69,'question_ask','{\"question_type\": \"text\"}',68,156,'2025-11-12 13:50:45'),(1347,8,18,66,'resource_download','{\"resource_type\": \"pdf\"}',15,22,'2025-12-08 13:50:45'),(1348,8,18,66,'play','{\"action\": \"start\"}',65,661,'2025-12-01 13:50:45'),(1349,8,18,66,'focus_regain','{\"focus_lost_duration\": 30000}',33,317,'2025-12-11 13:50:45'),(1350,8,18,68,'chapter_complete','{\"completion_rate\": 100}',104,650,'2025-11-21 13:50:45'),(1351,8,18,69,'seek_forward','{\"skip_duration\": 30}',23,428,'2025-11-17 13:50:45'),(1352,8,18,66,'seek_forward','{\"skip_duration\": 30}',80,551,'2025-12-06 13:50:45'),(1353,8,18,66,'bookmark','{\"bookmark_position\": 300}',89,623,'2025-12-10 13:50:45'),(1354,8,18,66,'bookmark','{\"bookmark_position\": 300}',0,994,'2025-11-25 13:50:45'),(1355,8,18,69,'replay','{\"replay_duration\": 60}',10,507,'2025-11-30 13:50:45'),(1356,8,18,67,'pause','{\"reason\": \"user\"}',40,946,'2025-12-09 13:50:45'),(1357,8,18,68,'speed_down','{\"new_speed\": 0.75, \"old_speed\": 1}',93,1076,'2025-12-03 13:50:45'),(1358,8,18,66,'chapter_complete','{\"completion_rate\": 100}',82,337,'2025-11-19 13:50:45'),(1359,8,18,69,'speed_up','{\"new_speed\": 1.5, \"old_speed\": 1}',24,1050,'2025-11-19 13:50:45'),(1360,8,18,69,'focus_regain','{\"focus_lost_duration\": 30000}',53,333,'2025-12-06 13:50:45'),(1361,8,18,67,'focus_lost','{\"lost_at_position\": 500}',44,293,'2025-12-07 13:50:45'),(1362,8,18,66,'speed_down','{\"new_speed\": 0.75, \"old_speed\": 1}',26,380,'2025-12-11 13:50:45'),(1363,8,18,68,'seek_backward','{\"rewind_duration\": 15}',67,1138,'2025-12-03 13:50:45'),(1364,8,18,67,'pause','{\"reason\": \"user\"}',33,328,'2025-11-24 13:50:46'),(1365,8,18,69,'speed_down','{\"new_speed\": 0.75, \"old_speed\": 1}',80,568,'2025-12-10 13:50:46'),(1366,8,18,66,'chapter_complete','{\"completion_rate\": 100}',6,1010,'2025-11-24 13:50:46'),(1367,8,18,68,'chapter_complete','{\"completion_rate\": 100}',119,349,'2025-11-28 13:50:46'),(1368,8,18,67,'play','{\"action\": \"start\"}',19,518,'2025-11-19 13:50:46'),(1369,8,18,66,'seek_forward','{\"skip_duration\": 30}',12,848,'2025-11-24 13:50:46'),(1370,8,18,66,'speed_up','{\"new_speed\": 1.5, \"old_speed\": 1}',104,1082,'2025-12-07 13:50:46'),(1371,8,18,67,'quiz_attempt','{\"quiz_type\": \"multiple_choice\"}',53,581,'2025-11-24 13:50:46'),(1372,8,18,67,'focus_lost','{\"lost_at_position\": 500}',17,1062,'2025-12-03 13:50:46'),(1373,8,18,66,'seek_forward','{\"skip_duration\": 30}',95,1116,'2025-11-20 13:50:46'),(1374,8,18,66,'speed_down','{\"new_speed\": 0.75, \"old_speed\": 1}',11,164,'2025-11-30 13:50:46'),(1375,8,18,68,'note_taking','{\"note_type\": \"text\", \"note_length\": 50}',31,596,'2025-12-10 13:50:46'),(1376,8,18,66,'play','{\"action\": \"start\"}',99,3,'2025-11-18 13:50:46'),(1377,8,18,68,'seek_backward','{\"rewind_duration\": 15}',19,594,'2025-11-14 13:50:46'),(1378,8,18,68,'focus_regain','{\"focus_lost_duration\": 30000}',84,33,'2025-11-12 13:50:46'),(1379,8,18,67,'seek_forward','{\"skip_duration\": 30}',92,10,'2025-12-03 13:50:46'),(1380,8,18,68,'note_taking','{\"note_type\": \"text\", \"note_length\": 50}',71,252,'2025-11-24 13:50:46'),(1381,8,18,68,'replay','{\"replay_duration\": 60}',72,418,'2025-11-26 13:50:46'),(1382,8,18,69,'chapter_complete','{\"completion_rate\": 100}',14,6,'2025-12-09 13:50:46'),(1383,8,18,66,'speed_up','{\"new_speed\": 1.5, \"old_speed\": 1}',50,518,'2025-11-28 13:50:46'),(1384,8,18,67,'focus_lost','{\"lost_at_position\": 500}',70,1172,'2025-11-14 13:50:46'),(1385,8,18,68,'pause','{\"reason\": \"user\"}',61,281,'2025-11-21 13:50:46'),(1386,8,18,66,'pause','{\"reason\": \"user\"}',83,227,'2025-12-11 13:50:46'),(1387,8,18,67,'question_ask','{\"question_type\": \"text\"}',37,53,'2025-12-02 13:50:46'),(1388,8,18,67,'bookmark','{\"bookmark_position\": 300}',18,790,'2025-11-28 13:50:46'),(1389,8,18,68,'note_taking','{\"note_type\": \"text\", \"note_length\": 50}',63,961,'2025-12-10 13:50:46'),(1390,8,18,66,'focus_regain','{\"focus_lost_duration\": 30000}',82,936,'2025-12-03 13:50:46'),(1391,9,18,69,'replay','{\"replay_duration\": 60}',5,533,'2025-11-25 13:50:46'),(1392,9,18,66,'discussion','{\"discussion_type\": \"comment\"}',17,791,'2025-12-06 13:50:46'),(1393,9,18,67,'resource_download','{\"resource_type\": \"pdf\"}',116,496,'2025-11-17 13:50:46'),(1394,9,18,68,'note_taking','{\"note_type\": \"text\", \"note_length\": 50}',48,74,'2025-11-15 13:50:46'),(1395,9,18,66,'seek_backward','{\"rewind_duration\": 15}',1,674,'2025-11-14 13:50:46'),(1396,9,18,69,'question_ask','{\"question_type\": \"text\"}',79,935,'2025-12-06 13:50:46'),(1397,9,18,66,'note_taking','{\"note_type\": \"text\", \"note_length\": 50}',93,671,'2025-11-29 13:50:46'),(1398,9,18,67,'bookmark','{\"bookmark_position\": 300}',108,1056,'2025-11-14 13:50:46'),(1399,9,18,69,'replay','{\"replay_duration\": 60}',91,1067,'2025-12-01 13:50:46'),(1400,9,18,68,'speed_down','{\"new_speed\": 0.75, \"old_speed\": 1}',107,576,'2025-12-03 13:50:46'),(1401,9,18,69,'bookmark','{\"bookmark_position\": 300}',86,561,'2025-12-02 13:50:46'),(1402,9,18,66,'question_ask','{\"question_type\": \"text\"}',84,1063,'2025-11-26 13:50:46'),(1403,9,18,67,'quiz_attempt','{\"quiz_type\": \"multiple_choice\"}',36,1070,'2025-11-15 13:50:46'),(1404,9,18,68,'bookmark','{\"bookmark_position\": 300}',82,5,'2025-11-26 13:50:46'),(1405,9,18,68,'speed_down','{\"new_speed\": 0.75, \"old_speed\": 1}',91,1110,'2025-11-30 13:50:46'),(1406,9,18,66,'seek_backward','{\"rewind_duration\": 15}',86,984,'2025-11-29 13:50:46'),(1407,9,18,68,'seek_forward','{\"skip_duration\": 30}',24,38,'2025-12-09 13:50:46'),(1408,9,18,66,'chapter_complete','{\"completion_rate\": 100}',109,1108,'2025-12-10 13:50:46'),(1409,9,18,68,'note_taking','{\"note_type\": \"text\", \"note_length\": 50}',32,393,'2025-11-27 13:50:46'),(1410,9,18,68,'play','{\"action\": \"start\"}',25,265,'2025-12-04 13:50:46'),(1411,9,18,68,'note_taking','{\"note_type\": \"text\", \"note_length\": 50}',93,1034,'2025-12-01 13:50:46'),(1412,9,18,66,'resource_download','{\"resource_type\": \"pdf\"}',93,414,'2025-12-07 13:50:46'),(1413,9,18,66,'replay','{\"replay_duration\": 60}',91,822,'2025-11-15 13:50:46'),(1414,9,18,68,'seek_backward','{\"rewind_duration\": 15}',38,829,'2025-11-27 13:50:46'),(1415,9,18,67,'question_ask','{\"question_type\": \"text\"}',28,726,'2025-11-13 13:50:46'),(1416,9,18,68,'discussion','{\"discussion_type\": \"comment\"}',27,265,'2025-12-08 13:50:46'),(1417,9,18,68,'focus_lost','{\"lost_at_position\": 500}',114,380,'2025-11-30 13:50:46'),(1418,9,18,67,'quiz_attempt','{\"quiz_type\": \"multiple_choice\"}',63,265,'2025-11-22 13:50:46'),(1419,9,18,69,'bookmark','{\"bookmark_position\": 300}',56,710,'2025-11-13 13:50:46'),(1420,9,18,66,'seek_forward','{\"skip_duration\": 30}',60,868,'2025-12-04 13:50:46'),(1421,9,18,67,'speed_up','{\"new_speed\": 1.5, \"old_speed\": 1}',67,447,'2025-11-23 13:50:46'),(1422,9,18,66,'bookmark','{\"bookmark_position\": 300}',107,1050,'2025-11-28 13:50:46'),(1423,9,18,69,'seek_backward','{\"rewind_duration\": 15}',101,697,'2025-12-10 13:50:46'),(1424,9,18,69,'play','{\"action\": \"start\"}',25,879,'2025-11-27 13:50:46'),(1425,9,18,66,'speed_up','{\"new_speed\": 1.5, \"old_speed\": 1}',73,1070,'2025-12-11 13:50:46'),(1426,9,18,69,'focus_regain','{\"focus_lost_duration\": 30000}',100,234,'2025-12-02 13:50:46'),(1427,9,18,68,'focus_lost','{\"lost_at_position\": 500}',72,1130,'2025-12-07 13:50:46'),(1428,9,18,66,'play','{\"action\": \"start\"}',117,428,'2025-12-11 13:50:46'),(1429,9,18,69,'play','{\"action\": \"start\"}',6,1025,'2025-11-23 13:50:46'),(1430,9,18,68,'speed_up','{\"new_speed\": 1.5, \"old_speed\": 1}',26,628,'2025-11-25 13:50:46'),(1431,9,18,68,'bookmark','{\"bookmark_position\": 300}',96,689,'2025-12-09 13:50:46'),(1432,9,18,69,'pause','{\"reason\": \"user\"}',77,1041,'2025-11-25 13:50:46'),(1433,9,18,66,'question_ask','{\"question_type\": \"text\"}',46,738,'2025-11-29 13:50:46'),(1434,9,18,68,'quiz_attempt','{\"quiz_type\": \"multiple_choice\"}',79,576,'2025-11-17 13:50:46'),(1435,9,18,69,'speed_up','{\"new_speed\": 1.5, \"old_speed\": 1}',97,998,'2025-11-29 13:50:46'),(1436,9,18,66,'replay','{\"replay_duration\": 60}',106,245,'2025-11-28 13:50:46'),(1437,9,18,69,'resource_download','{\"resource_type\": \"pdf\"}',39,58,'2025-12-04 13:50:46'),(1438,9,18,69,'seek_forward','{\"skip_duration\": 30}',113,486,'2025-11-27 13:50:46'),(1439,9,18,67,'seek_forward','{\"skip_duration\": 30}',82,1120,'2025-11-25 13:50:46'),(1440,9,18,66,'pause','{\"reason\": \"user\"}',34,67,'2025-11-17 13:50:46'),(1441,9,18,67,'speed_up','{\"new_speed\": 1.5, \"old_speed\": 1}',13,335,'2025-11-26 13:50:46'),(1442,9,18,67,'seek_forward','{\"skip_duration\": 30}',72,360,'2025-12-10 13:50:46'),(1443,9,18,66,'speed_down','{\"new_speed\": 0.75, \"old_speed\": 1}',25,582,'2025-12-02 13:50:46'),(1444,9,18,67,'replay','{\"replay_duration\": 60}',55,337,'2025-11-27 13:50:46'),(1445,9,18,68,'replay','{\"replay_duration\": 60}',77,902,'2025-11-12 13:50:46'),(1446,9,18,67,'resource_download','{\"resource_type\": \"pdf\"}',30,499,'2025-11-12 13:50:46'),(1447,9,18,67,'question_ask','{\"question_type\": \"text\"}',69,420,'2025-12-08 13:50:46'),(1448,9,18,66,'chapter_complete','{\"completion_rate\": 100}',44,1148,'2025-11-26 13:50:46'),(1449,9,18,68,'focus_lost','{\"lost_at_position\": 500}',25,298,'2025-11-23 13:50:46'),(1450,9,18,67,'pause','{\"reason\": \"user\"}',78,1118,'2025-11-13 13:50:46'),(1451,9,18,68,'pause','{\"reason\": \"user\"}',30,836,'2025-11-24 13:50:46'),(1452,9,18,68,'focus_lost','{\"lost_at_position\": 500}',95,83,'2025-11-12 13:50:46'),(1453,9,18,67,'bookmark','{\"bookmark_position\": 300}',63,703,'2025-11-18 13:50:46'),(1454,9,18,68,'note_taking','{\"note_type\": \"text\", \"note_length\": 50}',90,827,'2025-12-08 13:50:46'),(1455,9,18,68,'note_taking','{\"note_type\": \"text\", \"note_length\": 50}',96,268,'2025-12-01 13:50:46'),(1456,9,18,68,'chapter_complete','{\"completion_rate\": 100}',101,518,'2025-11-30 13:50:46'),(1457,9,18,68,'discussion','{\"discussion_type\": \"comment\"}',111,781,'2025-11-22 13:50:46'),(1458,9,18,66,'note_taking','{\"note_type\": \"text\", \"note_length\": 50}',16,580,'2025-11-28 13:50:46'),(1459,9,18,67,'focus_lost','{\"lost_at_position\": 500}',29,690,'2025-12-10 13:50:46'),(1460,9,18,67,'bookmark','{\"bookmark_position\": 300}',40,1147,'2025-11-23 13:50:46'),(1461,9,18,67,'chapter_complete','{\"completion_rate\": 100}',95,1126,'2025-11-22 13:50:46'),(1462,9,18,68,'focus_lost','{\"lost_at_position\": 500}',19,943,'2025-11-30 13:50:46'),(1463,9,18,68,'bookmark','{\"bookmark_position\": 300}',21,342,'2025-11-18 13:50:46'),(1464,9,18,67,'resource_download','{\"resource_type\": \"pdf\"}',61,266,'2025-12-01 13:50:46'),(1465,9,18,66,'note_taking','{\"note_type\": \"text\", \"note_length\": 50}',82,1133,'2025-12-05 13:50:46'),(1466,9,18,69,'bookmark','{\"bookmark_position\": 300}',118,992,'2025-11-28 13:50:46'),(1467,9,18,69,'focus_lost','{\"lost_at_position\": 500}',63,37,'2025-12-10 13:50:46'),(1468,9,18,68,'play','{\"action\": \"start\"}',82,700,'2025-11-20 13:50:46'),(1469,9,18,67,'question_ask','{\"question_type\": \"text\"}',34,178,'2025-11-18 13:50:46'),(1470,9,18,68,'speed_up','{\"new_speed\": 1.5, \"old_speed\": 1}',17,1152,'2025-11-12 13:50:46'),(1471,9,18,69,'focus_regain','{\"focus_lost_duration\": 30000}',63,11,'2025-11-12 13:50:46'),(1472,9,18,67,'resource_download','{\"resource_type\": \"pdf\"}',4,333,'2025-11-29 13:50:46'),(1473,9,18,67,'replay','{\"replay_duration\": 60}',24,612,'2025-12-08 13:50:46'),(1474,9,18,66,'seek_backward','{\"rewind_duration\": 15}',28,1157,'2025-11-30 13:50:46'),(1475,9,18,66,'replay','{\"replay_duration\": 60}',95,788,'2025-11-29 13:50:46'),(1476,9,18,66,'question_ask','{\"question_type\": \"text\"}',112,798,'2025-11-24 13:50:46'),(1477,9,18,69,'play','{\"action\": \"start\"}',2,961,'2025-11-15 13:50:46'),(1478,9,18,69,'seek_forward','{\"skip_duration\": 30}',56,388,'2025-12-01 13:50:46'),(1479,102,19,70,'seek_forward','{\"skip_duration\": 30}',54,268,'2025-12-06 13:50:46'),(1480,102,19,72,'focus_regain','{\"focus_lost_duration\": 30000}',83,1145,'2025-11-13 13:50:46'),(1481,102,19,71,'seek_forward','{\"skip_duration\": 30}',95,800,'2025-12-03 13:50:46'),(1482,102,19,70,'focus_lost','{\"lost_at_position\": 500}',74,53,'2025-11-24 13:50:46'),(1483,102,19,70,'note_taking','{\"note_type\": \"text\", \"note_length\": 50}',118,707,'2025-12-03 13:50:46'),(1484,102,19,71,'pause','{\"reason\": \"user\"}',27,1116,'2025-11-21 13:50:46'),(1485,102,19,73,'pause','{\"reason\": \"user\"}',77,1127,'2025-12-06 13:50:46'),(1486,102,19,71,'chapter_complete','{\"completion_rate\": 100}',90,822,'2025-11-25 13:50:46'),(1487,102,19,73,'seek_forward','{\"skip_duration\": 30}',86,519,'2025-11-24 13:50:46'),(1488,102,19,70,'note_taking','{\"note_type\": \"text\", \"note_length\": 50}',12,441,'2025-11-16 13:50:46'),(1489,102,19,73,'resource_download','{\"resource_type\": \"pdf\"}',44,778,'2025-11-29 13:50:46'),(1490,102,19,70,'bookmark','{\"bookmark_position\": 300}',3,427,'2025-12-03 13:50:46'),(1491,102,19,72,'focus_regain','{\"focus_lost_duration\": 30000}',40,5,'2025-12-07 13:50:46'),(1492,102,19,73,'question_ask','{\"question_type\": \"text\"}',94,828,'2025-12-04 13:50:46'),(1493,102,19,71,'replay','{\"replay_duration\": 60}',43,586,'2025-11-20 13:50:46'),(1494,102,19,71,'speed_down','{\"new_speed\": 0.75, \"old_speed\": 1}',95,328,'2025-11-21 13:50:46'),(1495,102,19,73,'discussion','{\"discussion_type\": \"comment\"}',114,197,'2025-11-22 13:50:46'),(1496,102,19,73,'quiz_attempt','{\"quiz_type\": \"multiple_choice\"}',84,616,'2025-11-23 13:50:46'),(1497,102,19,72,'discussion','{\"discussion_type\": \"comment\"}',47,98,'2025-12-02 13:50:46'),(1498,102,19,71,'quiz_attempt','{\"quiz_type\": \"multiple_choice\"}',64,905,'2025-11-21 13:50:47'),(1499,102,19,71,'speed_up','{\"new_speed\": 1.5, \"old_speed\": 1}',72,483,'2025-11-27 13:50:47'),(1500,102,19,70,'replay','{\"replay_duration\": 60}',43,104,'2025-11-26 13:50:47'),(1501,102,19,70,'pause','{\"reason\": \"user\"}',46,107,'2025-11-18 13:50:47'),(1502,102,19,72,'speed_down','{\"new_speed\": 0.75, \"old_speed\": 1}',63,1171,'2025-11-12 13:50:47'),(1503,102,19,73,'question_ask','{\"question_type\": \"text\"}',79,341,'2025-11-29 13:50:47'),(1504,102,19,70,'focus_regain','{\"focus_lost_duration\": 30000}',45,315,'2025-11-27 13:50:47'),(1505,102,19,70,'note_taking','{\"note_type\": \"text\", \"note_length\": 50}',25,940,'2025-11-21 13:50:47'),(1506,102,19,70,'chapter_complete','{\"completion_rate\": 100}',17,667,'2025-12-06 13:50:47'),(1507,102,19,71,'play','{\"action\": \"start\"}',1,975,'2025-11-19 13:50:47'),(1508,102,19,73,'focus_regain','{\"focus_lost_duration\": 30000}',37,406,'2025-12-11 13:50:47'),(1509,102,19,73,'discussion','{\"discussion_type\": \"comment\"}',37,333,'2025-12-07 13:50:47'),(1510,102,19,72,'quiz_attempt','{\"quiz_type\": \"multiple_choice\"}',83,211,'2025-12-07 13:50:47'),(1511,102,19,72,'speed_up','{\"new_speed\": 1.5, \"old_speed\": 1}',58,764,'2025-11-24 13:50:47'),(1512,102,19,71,'play','{\"action\": \"start\"}',17,218,'2025-11-22 13:50:47'),(1513,102,19,71,'question_ask','{\"question_type\": \"text\"}',8,932,'2025-11-12 13:50:47'),(1514,102,19,73,'speed_down','{\"new_speed\": 0.75, \"old_speed\": 1}',102,916,'2025-12-10 13:50:47'),(1515,102,19,72,'speed_up','{\"new_speed\": 1.5, \"old_speed\": 1}',117,241,'2025-11-15 13:50:47'),(1516,102,19,70,'speed_down','{\"new_speed\": 0.75, \"old_speed\": 1}',95,555,'2025-11-16 13:50:47'),(1517,102,19,71,'discussion','{\"discussion_type\": \"comment\"}',62,100,'2025-11-19 13:50:47'),(1518,102,19,70,'focus_lost','{\"lost_at_position\": 500}',53,304,'2025-11-30 13:50:47'),(1519,102,19,71,'focus_lost','{\"lost_at_position\": 500}',4,764,'2025-11-25 13:50:47'),(1520,102,19,70,'replay','{\"replay_duration\": 60}',46,1096,'2025-11-19 13:50:47'),(1521,102,19,71,'speed_down','{\"new_speed\": 0.75, \"old_speed\": 1}',39,591,'2025-11-22 13:50:47'),(1522,102,19,72,'speed_up','{\"new_speed\": 1.5, \"old_speed\": 1}',26,749,'2025-11-24 13:50:47'),(1523,102,19,73,'pause','{\"reason\": \"user\"}',7,1056,'2025-12-05 13:50:47'),(1524,102,19,72,'seek_forward','{\"skip_duration\": 30}',74,207,'2025-11-30 13:50:47'),(1525,102,19,73,'speed_up','{\"new_speed\": 1.5, \"old_speed\": 1}',14,559,'2025-11-29 13:50:47'),(1526,102,19,71,'bookmark','{\"bookmark_position\": 300}',94,875,'2025-11-23 13:50:47'),(1527,102,19,70,'focus_regain','{\"focus_lost_duration\": 30000}',1,955,'2025-11-23 13:50:47'),(1528,102,19,73,'quiz_attempt','{\"quiz_type\": \"multiple_choice\"}',15,507,'2025-11-21 13:50:47'),(1529,102,19,73,'speed_up','{\"new_speed\": 1.5, \"old_speed\": 1}',95,23,'2025-11-13 13:50:47'),(1530,104,19,73,'resource_download','{\"resource_type\": \"pdf\"}',116,562,'2025-12-01 13:50:47'),(1531,104,19,73,'seek_backward','{\"rewind_duration\": 15}',16,319,'2025-11-20 13:50:47'),(1532,104,19,73,'resource_download','{\"resource_type\": \"pdf\"}',61,7,'2025-12-04 13:50:47'),(1533,104,19,70,'focus_lost','{\"lost_at_position\": 500}',40,680,'2025-11-18 13:50:47'),(1534,104,19,70,'discussion','{\"discussion_type\": \"comment\"}',77,1035,'2025-11-17 13:50:47'),(1535,104,19,73,'question_ask','{\"question_type\": \"text\"}',48,304,'2025-11-24 13:50:47'),(1536,104,19,71,'discussion','{\"discussion_type\": \"comment\"}',84,1041,'2025-11-21 13:50:47'),(1537,104,19,72,'speed_up','{\"new_speed\": 1.5, \"old_speed\": 1}',6,1190,'2025-11-22 13:50:47'),(1538,104,19,71,'seek_backward','{\"rewind_duration\": 15}',75,404,'2025-11-22 13:50:47'),(1539,104,19,73,'seek_backward','{\"rewind_duration\": 15}',20,907,'2025-11-28 13:50:47'),(1540,104,19,70,'question_ask','{\"question_type\": \"text\"}',114,290,'2025-12-04 13:50:47'),(1541,104,19,71,'play','{\"action\": \"start\"}',38,233,'2025-12-09 13:50:47'),(1542,104,19,73,'quiz_attempt','{\"quiz_type\": \"multiple_choice\"}',14,1082,'2025-11-17 13:50:47'),(1543,104,19,70,'note_taking','{\"note_type\": \"text\", \"note_length\": 50}',11,627,'2025-11-29 13:50:47'),(1544,104,19,70,'quiz_attempt','{\"quiz_type\": \"multiple_choice\"}',25,728,'2025-12-02 13:50:47'),(1545,104,19,72,'note_taking','{\"note_type\": \"text\", \"note_length\": 50}',44,518,'2025-11-13 13:50:47'),(1546,104,19,73,'play','{\"action\": \"start\"}',36,769,'2025-12-10 13:50:47'),(1547,104,19,70,'seek_backward','{\"rewind_duration\": 15}',51,227,'2025-11-13 13:50:47'),(1548,104,19,71,'quiz_attempt','{\"quiz_type\": \"multiple_choice\"}',49,262,'2025-11-26 13:50:47'),(1549,104,19,73,'speed_down','{\"new_speed\": 0.75, \"old_speed\": 1}',118,1065,'2025-12-10 13:50:47'),(1550,104,19,72,'discussion','{\"discussion_type\": \"comment\"}',103,524,'2025-12-08 13:50:47'),(1551,104,19,70,'note_taking','{\"note_type\": \"text\", \"note_length\": 50}',59,511,'2025-12-10 13:50:47'),(1552,104,19,71,'speed_down','{\"new_speed\": 0.75, \"old_speed\": 1}',93,676,'2025-12-05 13:50:47'),(1553,104,19,72,'chapter_complete','{\"completion_rate\": 100}',98,85,'2025-11-16 13:50:47'),(1554,104,19,72,'pause','{\"reason\": \"user\"}',79,1103,'2025-11-23 13:50:47'),(1555,104,19,73,'note_taking','{\"note_type\": \"text\", \"note_length\": 50}',57,534,'2025-11-19 13:50:47'),(1556,104,19,70,'speed_up','{\"new_speed\": 1.5, \"old_speed\": 1}',58,112,'2025-12-09 13:50:47'),(1557,104,19,71,'pause','{\"reason\": \"user\"}',16,705,'2025-12-10 13:50:47'),(1558,104,19,73,'seek_backward','{\"rewind_duration\": 15}',30,1148,'2025-11-16 13:50:47'),(1559,104,19,71,'focus_regain','{\"focus_lost_duration\": 30000}',45,863,'2025-12-08 13:50:47'),(1560,104,19,73,'resource_download','{\"resource_type\": \"pdf\"}',108,852,'2025-11-15 13:50:47'),(1561,104,19,73,'pause','{\"reason\": \"user\"}',51,1115,'2025-12-09 13:50:47'),(1562,104,19,70,'resource_download','{\"resource_type\": \"pdf\"}',38,619,'2025-11-14 13:50:47'),(1563,104,19,72,'speed_up','{\"new_speed\": 1.5, \"old_speed\": 1}',64,1087,'2025-12-05 13:50:47'),(1564,104,19,70,'speed_up','{\"new_speed\": 1.5, \"old_speed\": 1}',72,404,'2025-12-06 13:50:47'),(1565,104,19,72,'seek_forward','{\"skip_duration\": 30}',72,193,'2025-11-15 13:50:47'),(1566,104,19,71,'discussion','{\"discussion_type\": \"comment\"}',25,985,'2025-11-26 13:50:47'),(1567,104,19,73,'speed_up','{\"new_speed\": 1.5, \"old_speed\": 1}',31,960,'2025-12-03 13:50:47'),(1568,104,19,73,'quiz_attempt','{\"quiz_type\": \"multiple_choice\"}',32,625,'2025-11-24 13:50:47'),(1569,104,19,70,'focus_lost','{\"lost_at_position\": 500}',35,904,'2025-12-03 13:50:47'),(1570,104,19,73,'play','{\"action\": \"start\"}',64,345,'2025-11-26 13:50:47'),(1571,104,19,73,'note_taking','{\"note_type\": \"text\", \"note_length\": 50}',117,873,'2025-11-22 13:50:47'),(1572,104,19,71,'focus_regain','{\"focus_lost_duration\": 30000}',103,523,'2025-12-07 13:50:47'),(1573,104,19,71,'discussion','{\"discussion_type\": \"comment\"}',10,650,'2025-11-21 13:50:47'),(1574,104,19,72,'pause','{\"reason\": \"user\"}',95,449,'2025-11-19 13:50:47'),(1575,104,19,72,'pause','{\"reason\": \"user\"}',115,202,'2025-11-13 13:50:47'),(1576,104,19,72,'bookmark','{\"bookmark_position\": 300}',3,359,'2025-11-16 13:50:47'),(1577,104,19,71,'question_ask','{\"question_type\": \"text\"}',64,779,'2025-12-09 13:50:47'),(1578,104,19,71,'speed_down','{\"new_speed\": 0.75, \"old_speed\": 1}',98,952,'2025-11-17 13:50:47'),(1579,104,19,72,'speed_down','{\"new_speed\": 0.75, \"old_speed\": 1}',45,30,'2025-11-14 13:50:47'),(1580,104,19,73,'speed_up','{\"new_speed\": 1.5, \"old_speed\": 1}',114,530,'2025-12-09 13:50:47'),(1581,104,19,70,'seek_backward','{\"rewind_duration\": 15}',14,407,'2025-12-05 13:50:47'),(1582,104,19,70,'play','{\"action\": \"start\"}',98,870,'2025-11-27 13:50:47'),(1583,104,19,70,'question_ask','{\"question_type\": \"text\"}',86,750,'2025-11-29 13:50:47'),(1584,104,19,73,'speed_down','{\"new_speed\": 0.75, \"old_speed\": 1}',88,648,'2025-11-21 13:50:47'),(1585,104,19,70,'pause','{\"reason\": \"user\"}',93,362,'2025-12-07 13:50:47'),(1586,104,19,72,'note_taking','{\"note_type\": \"text\", \"note_length\": 50}',29,225,'2025-11-30 13:50:47'),(1587,104,19,70,'note_taking','{\"note_type\": \"text\", \"note_length\": 50}',88,113,'2025-11-24 13:50:47'),(1588,104,19,73,'chapter_complete','{\"completion_rate\": 100}',81,306,'2025-12-04 13:50:47'),(1589,104,19,72,'quiz_attempt','{\"quiz_type\": \"multiple_choice\"}',94,5,'2025-12-07 13:50:47'),(1590,104,19,70,'note_taking','{\"note_type\": \"text\", \"note_length\": 50}',9,1177,'2025-11-28 13:50:47'),(1591,104,19,70,'focus_regain','{\"focus_lost_duration\": 30000}',40,959,'2025-11-12 13:50:47'),(1592,104,19,71,'discussion','{\"discussion_type\": \"comment\"}',46,62,'2025-12-07 13:50:47'),(1593,104,19,70,'focus_lost','{\"lost_at_position\": 500}',73,494,'2025-11-18 13:50:47'),(1594,104,19,73,'question_ask','{\"question_type\": \"text\"}',3,715,'2025-11-27 13:50:47'),(1595,104,19,70,'speed_up','{\"new_speed\": 1.5, \"old_speed\": 1}',80,387,'2025-11-14 13:50:47'),(1596,104,19,71,'question_ask','{\"question_type\": \"text\"}',93,59,'2025-11-26 13:50:47'),(1597,104,19,71,'focus_lost','{\"lost_at_position\": 500}',32,132,'2025-11-17 13:50:47'),(1598,104,19,73,'speed_up','{\"new_speed\": 1.5, \"old_speed\": 1}',103,502,'2025-11-23 13:50:47'),(1599,104,19,73,'focus_regain','{\"focus_lost_duration\": 30000}',106,1097,'2025-11-15 13:50:47'),(1600,104,19,73,'quiz_attempt','{\"quiz_type\": \"multiple_choice\"}',43,117,'2025-11-25 13:50:47'),(1601,104,19,71,'focus_lost','{\"lost_at_position\": 500}',19,768,'2025-11-28 13:50:47'),(1602,104,19,70,'bookmark','{\"bookmark_position\": 300}',81,1127,'2025-11-29 13:50:47'),(1603,104,19,71,'speed_up','{\"new_speed\": 1.5, \"old_speed\": 1}',23,671,'2025-12-05 13:50:47'),(1604,104,19,71,'discussion','{\"discussion_type\": \"comment\"}',119,412,'2025-11-25 13:50:47'),(1605,104,19,72,'seek_backward','{\"rewind_duration\": 15}',8,573,'2025-11-19 13:50:47'),(1606,104,19,71,'focus_regain','{\"focus_lost_duration\": 30000}',89,587,'2025-11-22 13:50:47'),(1607,104,19,72,'focus_lost','{\"lost_at_position\": 500}',49,1173,'2025-11-19 13:50:47'),(1608,104,19,73,'speed_up','{\"new_speed\": 1.5, \"old_speed\": 1}',37,1109,'2025-11-21 13:50:47'),(1609,104,19,71,'question_ask','{\"question_type\": \"text\"}',34,383,'2025-11-12 13:50:47'),(1610,104,19,73,'focus_regain','{\"focus_lost_duration\": 30000}',98,595,'2025-11-24 13:50:47'),(1611,6,19,73,'replay','{\"replay_duration\": 60}',12,357,'2025-11-30 13:50:47'),(1612,6,19,71,'quiz_attempt','{\"quiz_type\": \"multiple_choice\"}',56,679,'2025-12-08 13:50:47'),(1613,6,19,73,'seek_forward','{\"skip_duration\": 30}',47,884,'2025-12-09 13:50:47'),(1614,6,19,70,'seek_forward','{\"skip_duration\": 30}',63,561,'2025-11-12 13:50:48'),(1615,6,19,73,'bookmark','{\"bookmark_position\": 300}',113,621,'2025-11-17 13:50:48'),(1616,6,19,70,'pause','{\"reason\": \"user\"}',23,563,'2025-12-07 13:50:48'),(1617,6,19,71,'play','{\"action\": \"start\"}',15,769,'2025-11-20 13:50:48'),(1618,6,19,70,'seek_backward','{\"rewind_duration\": 15}',72,340,'2025-11-16 13:50:48'),(1619,6,19,71,'seek_backward','{\"rewind_duration\": 15}',102,751,'2025-11-27 13:50:48'),(1620,6,19,71,'bookmark','{\"bookmark_position\": 300}',39,362,'2025-11-15 13:50:48'),(1621,6,19,71,'quiz_attempt','{\"quiz_type\": \"multiple_choice\"}',96,554,'2025-12-05 13:50:48'),(1622,6,19,71,'focus_lost','{\"lost_at_position\": 500}',97,508,'2025-12-06 13:50:48'),(1623,6,19,73,'quiz_attempt','{\"quiz_type\": \"multiple_choice\"}',47,5,'2025-12-11 13:50:48'),(1624,6,19,73,'replay','{\"replay_duration\": 60}',25,717,'2025-11-18 13:50:48'),(1625,6,19,70,'question_ask','{\"question_type\": \"text\"}',103,866,'2025-12-03 13:50:48'),(1626,6,19,71,'focus_regain','{\"focus_lost_duration\": 30000}',41,814,'2025-11-23 13:50:48'),(1627,6,19,72,'pause','{\"reason\": \"user\"}',86,248,'2025-12-03 13:50:48'),(1628,6,19,71,'replay','{\"replay_duration\": 60}',4,294,'2025-11-15 13:50:48'),(1629,6,19,72,'question_ask','{\"question_type\": \"text\"}',53,995,'2025-11-25 13:50:48'),(1630,6,19,73,'seek_forward','{\"skip_duration\": 30}',9,55,'2025-12-07 13:50:48'),(1631,6,19,72,'focus_lost','{\"lost_at_position\": 500}',26,290,'2025-12-01 13:50:48'),(1632,6,19,73,'seek_forward','{\"skip_duration\": 30}',24,1103,'2025-12-03 13:50:48'),(1633,6,19,71,'note_taking','{\"note_type\": \"text\", \"note_length\": 50}',42,109,'2025-11-28 13:50:48'),(1634,6,19,71,'note_taking','{\"note_type\": \"text\", \"note_length\": 50}',49,108,'2025-12-10 13:50:48'),(1635,6,19,71,'quiz_attempt','{\"quiz_type\": \"multiple_choice\"}',98,1159,'2025-12-06 13:50:48'),(1636,6,19,73,'chapter_complete','{\"completion_rate\": 100}',87,1053,'2025-11-17 13:50:48'),(1637,6,19,73,'focus_lost','{\"lost_at_position\": 500}',66,908,'2025-12-01 13:50:48'),(1638,6,19,72,'speed_down','{\"new_speed\": 0.75, \"old_speed\": 1}',41,428,'2025-12-06 13:50:48'),(1639,6,19,72,'question_ask','{\"question_type\": \"text\"}',14,929,'2025-12-08 13:50:48'),(1640,6,19,72,'question_ask','{\"question_type\": \"text\"}',25,912,'2025-11-28 13:50:48'),(1641,6,19,72,'speed_down','{\"new_speed\": 0.75, \"old_speed\": 1}',62,293,'2025-12-10 13:50:48'),(1642,6,19,70,'bookmark','{\"bookmark_position\": 300}',86,398,'2025-11-25 13:50:48'),(1643,6,19,70,'speed_down','{\"new_speed\": 0.75, \"old_speed\": 1}',16,626,'2025-11-15 13:50:48'),(1644,6,19,72,'seek_forward','{\"skip_duration\": 30}',47,346,'2025-11-23 13:50:48'),(1645,6,19,73,'speed_up','{\"new_speed\": 1.5, \"old_speed\": 1}',90,1034,'2025-12-08 13:50:48'),(1646,6,19,73,'question_ask','{\"question_type\": \"text\"}',28,616,'2025-11-25 13:50:48'),(1647,6,19,71,'pause','{\"reason\": \"user\"}',22,352,'2025-11-29 13:50:48'),(1648,6,19,73,'bookmark','{\"bookmark_position\": 300}',112,1058,'2025-12-09 13:50:48'),(1649,6,19,73,'focus_regain','{\"focus_lost_duration\": 30000}',31,692,'2025-11-13 13:50:48'),(1650,6,19,72,'replay','{\"replay_duration\": 60}',39,972,'2025-11-26 13:50:48'),(1651,6,19,71,'note_taking','{\"note_type\": \"text\", \"note_length\": 50}',11,995,'2025-11-18 13:50:48'),(1652,6,19,71,'seek_forward','{\"skip_duration\": 30}',116,148,'2025-11-16 13:50:48'),(1653,6,19,71,'seek_forward','{\"skip_duration\": 30}',111,29,'2025-12-01 13:50:48'),(1654,6,19,71,'chapter_complete','{\"completion_rate\": 100}',92,163,'2025-12-10 13:50:48'),(1655,6,19,71,'quiz_attempt','{\"quiz_type\": \"multiple_choice\"}',26,653,'2025-11-18 13:50:48'),(1656,6,19,73,'pause','{\"reason\": \"user\"}',0,165,'2025-12-05 13:50:48'),(1657,6,19,71,'resource_download','{\"resource_type\": \"pdf\"}',73,593,'2025-12-01 13:50:48'),(1658,6,19,73,'bookmark','{\"bookmark_position\": 300}',2,222,'2025-11-13 13:50:48'),(1659,6,19,73,'speed_up','{\"new_speed\": 1.5, \"old_speed\": 1}',42,322,'2025-11-15 13:50:48'),(1660,6,19,73,'quiz_attempt','{\"quiz_type\": \"multiple_choice\"}',90,1159,'2025-11-28 13:50:48'),(1661,6,19,70,'note_taking','{\"note_type\": \"text\", \"note_length\": 50}',45,173,'2025-12-04 13:50:48'),(1662,6,19,73,'seek_forward','{\"skip_duration\": 30}',68,881,'2025-11-26 13:50:48'),(1663,6,19,72,'chapter_complete','{\"completion_rate\": 100}',99,490,'2025-11-25 13:50:48'),(1664,6,19,72,'focus_regain','{\"focus_lost_duration\": 30000}',60,1146,'2025-12-08 13:50:48'),(1665,6,19,70,'note_taking','{\"note_type\": \"text\", \"note_length\": 50}',80,312,'2025-11-29 13:50:48'),(1666,6,19,72,'note_taking','{\"note_type\": \"text\", \"note_length\": 50}',7,1097,'2025-12-11 13:50:48'),(1667,6,19,71,'quiz_attempt','{\"quiz_type\": \"multiple_choice\"}',99,440,'2025-12-04 13:50:48'),(1668,6,19,71,'seek_backward','{\"rewind_duration\": 15}',62,293,'2025-12-06 13:50:48'),(1669,6,19,73,'resource_download','{\"resource_type\": \"pdf\"}',45,49,'2025-12-11 13:50:48'),(1670,6,19,72,'resource_download','{\"resource_type\": \"pdf\"}',35,1057,'2025-12-03 13:50:48'),(1671,6,19,73,'speed_up','{\"new_speed\": 1.5, \"old_speed\": 1}',91,112,'2025-11-17 13:50:48'),(1672,6,19,72,'bookmark','{\"bookmark_position\": 300}',30,398,'2025-12-03 13:50:48'),(1673,6,19,73,'bookmark','{\"bookmark_position\": 300}',67,1129,'2025-11-18 13:50:48'),(1674,6,19,71,'seek_backward','{\"rewind_duration\": 15}',45,781,'2025-11-24 13:50:48'),(1675,6,19,72,'question_ask','{\"question_type\": \"text\"}',101,844,'2025-11-15 13:50:48'),(1676,6,19,71,'seek_backward','{\"rewind_duration\": 15}',91,835,'2025-12-04 13:50:48'),(1677,6,19,73,'bookmark','{\"bookmark_position\": 300}',47,163,'2025-11-25 13:50:48'),(1678,6,19,70,'quiz_attempt','{\"quiz_type\": \"multiple_choice\"}',107,36,'2025-12-05 13:50:48'),(1679,6,19,70,'replay','{\"replay_duration\": 60}',106,22,'2025-12-03 13:50:48'),(1680,6,19,72,'quiz_attempt','{\"quiz_type\": \"multiple_choice\"}',97,437,'2025-11-18 13:50:48'),(1681,6,19,72,'replay','{\"replay_duration\": 60}',86,461,'2025-11-12 13:50:48'),(1682,6,19,70,'speed_down','{\"new_speed\": 0.75, \"old_speed\": 1}',4,436,'2025-12-05 13:50:48'),(1683,6,19,72,'discussion','{\"discussion_type\": \"comment\"}',20,1057,'2025-11-14 13:50:48'),(1684,6,19,72,'play','{\"action\": \"start\"}',44,870,'2025-11-12 13:50:48'),(1685,6,19,73,'bookmark','{\"bookmark_position\": 300}',14,225,'2025-11-21 13:50:48'),(1686,6,19,72,'seek_forward','{\"skip_duration\": 30}',100,625,'2025-12-06 13:50:48'),(1687,6,19,71,'bookmark','{\"bookmark_position\": 300}',86,510,'2025-12-02 13:50:48'),(1688,6,19,72,'pause','{\"reason\": \"user\"}',107,848,'2025-12-07 13:50:48'),(1689,7,19,73,'seek_forward','{\"skip_duration\": 30}',60,666,'2025-11-13 13:50:48'),(1690,7,19,71,'seek_forward','{\"skip_duration\": 30}',101,1159,'2025-12-03 13:50:48'),(1691,7,19,72,'focus_lost','{\"lost_at_position\": 500}',118,45,'2025-11-19 13:50:48'),(1692,7,19,72,'question_ask','{\"question_type\": \"text\"}',49,1011,'2025-11-15 13:50:48'),(1693,7,19,70,'focus_regain','{\"focus_lost_duration\": 30000}',69,11,'2025-11-28 13:50:48'),(1694,7,19,72,'seek_forward','{\"skip_duration\": 30}',88,555,'2025-11-17 13:50:48'),(1695,7,19,73,'resource_download','{\"resource_type\": \"pdf\"}',88,433,'2025-12-06 13:50:48'),(1696,7,19,70,'chapter_complete','{\"completion_rate\": 100}',115,302,'2025-12-02 13:50:48'),(1697,7,19,72,'speed_down','{\"new_speed\": 0.75, \"old_speed\": 1}',80,430,'2025-11-12 13:50:48'),(1698,7,19,70,'resource_download','{\"resource_type\": \"pdf\"}',116,1072,'2025-11-24 13:50:48'),(1699,7,19,73,'note_taking','{\"note_type\": \"text\", \"note_length\": 50}',55,480,'2025-11-24 13:50:48'),(1700,7,19,71,'replay','{\"replay_duration\": 60}',65,37,'2025-12-02 13:50:48'),(1701,7,19,71,'chapter_complete','{\"completion_rate\": 100}',7,1044,'2025-11-16 13:50:48'),(1702,7,19,73,'speed_up','{\"new_speed\": 1.5, \"old_speed\": 1}',96,1191,'2025-11-25 13:50:48'),(1703,7,19,73,'discussion','{\"discussion_type\": \"comment\"}',59,660,'2025-12-07 13:50:48'),(1704,7,19,71,'chapter_complete','{\"completion_rate\": 100}',113,109,'2025-12-03 13:50:48'),(1705,7,19,71,'discussion','{\"discussion_type\": \"comment\"}',34,563,'2025-11-27 13:50:48'),(1706,7,19,72,'seek_backward','{\"rewind_duration\": 15}',72,558,'2025-11-26 13:50:48'),(1707,7,19,73,'chapter_complete','{\"completion_rate\": 100}',50,794,'2025-12-03 13:50:48'),(1708,7,19,73,'speed_down','{\"new_speed\": 0.75, \"old_speed\": 1}',22,898,'2025-11-24 13:50:48'),(1709,7,19,70,'replay','{\"replay_duration\": 60}',109,147,'2025-12-09 13:50:48'),(1710,7,19,70,'bookmark','{\"bookmark_position\": 300}',114,165,'2025-11-17 13:50:48'),(1711,7,19,70,'chapter_complete','{\"completion_rate\": 100}',108,1181,'2025-12-10 13:50:48'),(1712,7,19,70,'bookmark','{\"bookmark_position\": 300}',105,541,'2025-12-01 13:50:48'),(1713,7,19,72,'play','{\"action\": \"start\"}',40,129,'2025-11-28 13:50:48'),(1714,7,19,70,'replay','{\"replay_duration\": 60}',72,560,'2025-12-07 13:50:48'),(1715,7,19,73,'focus_lost','{\"lost_at_position\": 500}',119,828,'2025-11-20 13:50:48'),(1716,7,19,71,'play','{\"action\": \"start\"}',98,656,'2025-11-29 13:50:48'),(1717,7,19,73,'focus_regain','{\"focus_lost_duration\": 30000}',82,282,'2025-11-18 13:50:48'),(1718,7,19,72,'question_ask','{\"question_type\": \"text\"}',14,599,'2025-12-10 13:50:48'),(1719,7,19,73,'seek_backward','{\"rewind_duration\": 15}',115,668,'2025-11-18 13:50:48'),(1720,7,19,70,'speed_down','{\"new_speed\": 0.75, \"old_speed\": 1}',13,485,'2025-11-14 13:50:48'),(1721,7,19,70,'discussion','{\"discussion_type\": \"comment\"}',86,422,'2025-12-06 13:50:48'),(1722,7,19,71,'question_ask','{\"question_type\": \"text\"}',3,1019,'2025-11-12 13:50:48'),(1723,7,19,73,'seek_forward','{\"skip_duration\": 30}',112,1098,'2025-11-18 13:50:48'),(1724,7,19,71,'quiz_attempt','{\"quiz_type\": \"multiple_choice\"}',90,892,'2025-12-08 13:50:48'),(1725,7,19,71,'focus_regain','{\"focus_lost_duration\": 30000}',8,365,'2025-11-25 13:50:48'),(1726,7,19,70,'bookmark','{\"bookmark_position\": 300}',103,946,'2025-11-29 13:50:48'),(1727,7,19,70,'quiz_attempt','{\"quiz_type\": \"multiple_choice\"}',101,279,'2025-11-15 13:50:48'),(1728,7,19,72,'question_ask','{\"question_type\": \"text\"}',34,616,'2025-11-14 13:50:48'),(1729,7,19,71,'question_ask','{\"question_type\": \"text\"}',13,445,'2025-12-04 13:50:49'),(1730,7,19,71,'focus_lost','{\"lost_at_position\": 500}',106,348,'2025-12-06 13:50:49'),(1731,7,19,73,'pause','{\"reason\": \"user\"}',1,103,'2025-11-27 13:50:49'),(1732,7,19,70,'resource_download','{\"resource_type\": \"pdf\"}',89,315,'2025-11-21 13:50:49'),(1733,7,19,72,'question_ask','{\"question_type\": \"text\"}',99,499,'2025-12-07 13:50:49'),(1734,7,19,72,'speed_up','{\"new_speed\": 1.5, \"old_speed\": 1}',113,795,'2025-11-26 13:50:49'),(1735,7,19,72,'discussion','{\"discussion_type\": \"comment\"}',118,1030,'2025-11-25 13:50:49'),(1736,7,19,70,'note_taking','{\"note_type\": \"text\", \"note_length\": 50}',94,936,'2025-11-19 13:50:49'),(1737,7,19,71,'play','{\"action\": \"start\"}',6,15,'2025-11-18 13:50:49'),(1738,7,19,73,'focus_regain','{\"focus_lost_duration\": 30000}',40,59,'2025-11-22 13:50:49'),(1739,7,19,73,'question_ask','{\"question_type\": \"text\"}',46,310,'2025-11-26 13:50:49'),(1740,7,19,72,'focus_regain','{\"focus_lost_duration\": 30000}',68,140,'2025-11-30 13:50:49'),(1741,7,19,70,'bookmark','{\"bookmark_position\": 300}',40,340,'2025-11-30 13:50:49'),(1742,7,19,70,'bookmark','{\"bookmark_position\": 300}',9,562,'2025-11-15 13:50:49'),(1743,7,19,73,'pause','{\"reason\": \"user\"}',110,390,'2025-11-23 13:50:49'),(1744,7,19,70,'replay','{\"replay_duration\": 60}',93,803,'2025-11-18 13:50:49'),(1745,7,19,71,'quiz_attempt','{\"quiz_type\": \"multiple_choice\"}',20,223,'2025-11-18 13:50:49'),(1746,7,19,73,'discussion','{\"discussion_type\": \"comment\"}',72,741,'2025-12-01 13:50:49'),(1747,7,19,71,'resource_download','{\"resource_type\": \"pdf\"}',35,629,'2025-11-12 13:50:49'),(1748,7,19,73,'quiz_attempt','{\"quiz_type\": \"multiple_choice\"}',63,893,'2025-12-03 13:50:49'),(1749,7,19,73,'bookmark','{\"bookmark_position\": 300}',34,859,'2025-12-01 13:50:49'),(1750,7,19,72,'chapter_complete','{\"completion_rate\": 100}',64,536,'2025-12-10 13:50:49'),(1751,7,19,70,'chapter_complete','{\"completion_rate\": 100}',97,447,'2025-11-13 13:50:49'),(1752,7,19,70,'replay','{\"replay_duration\": 60}',113,741,'2025-11-20 13:50:49'),(1753,7,19,73,'seek_backward','{\"rewind_duration\": 15}',107,221,'2025-12-09 13:50:49'),(1754,7,19,71,'replay','{\"replay_duration\": 60}',99,836,'2025-11-26 13:50:49'),(1755,7,19,73,'quiz_attempt','{\"quiz_type\": \"multiple_choice\"}',100,847,'2025-11-18 13:50:49'),(1756,7,19,72,'speed_down','{\"new_speed\": 0.75, \"old_speed\": 1}',44,209,'2025-11-12 13:50:49'),(1757,7,19,71,'discussion','{\"discussion_type\": \"comment\"}',37,39,'2025-12-05 13:50:49'),(1758,7,19,73,'note_taking','{\"note_type\": \"text\", \"note_length\": 50}',63,719,'2025-12-08 13:50:49'),(1759,7,19,70,'play','{\"action\": \"start\"}',70,662,'2025-11-16 13:50:49'),(1760,7,19,73,'seek_backward','{\"rewind_duration\": 15}',30,379,'2025-11-20 13:50:49'),(1761,7,19,72,'seek_backward','{\"rewind_duration\": 15}',39,810,'2025-12-05 13:50:49'),(1762,7,19,71,'focus_regain','{\"focus_lost_duration\": 30000}',116,1197,'2025-11-24 13:50:49'),(1763,7,19,71,'focus_regain','{\"focus_lost_duration\": 30000}',36,212,'2025-11-15 13:50:49'),(1764,7,19,70,'focus_regain','{\"focus_lost_duration\": 30000}',4,296,'2025-12-11 13:50:49'),(1765,7,19,72,'discussion','{\"discussion_type\": \"comment\"}',32,781,'2025-12-04 13:50:49'),(1766,7,19,70,'pause','{\"reason\": \"user\"}',68,748,'2025-11-25 13:50:49'),(1767,7,19,70,'resource_download','{\"resource_type\": \"pdf\"}',105,736,'2025-11-16 13:50:49'),(1768,7,19,70,'question_ask','{\"question_type\": \"text\"}',105,504,'2025-11-21 13:50:49'),(1769,7,19,73,'speed_up','{\"new_speed\": 1.5, \"old_speed\": 1}',33,1090,'2025-11-20 13:50:49'),(1770,7,19,73,'quiz_attempt','{\"quiz_type\": \"multiple_choice\"}',55,1019,'2025-12-08 13:50:49'),(1771,7,19,73,'discussion','{\"discussion_type\": \"comment\"}',118,257,'2025-11-15 13:50:49'),(1772,7,19,72,'seek_forward','{\"skip_duration\": 30}',21,107,'2025-12-10 13:50:49'),(1773,7,19,72,'replay','{\"replay_duration\": 60}',68,1162,'2025-12-03 13:50:49'),(1774,7,19,72,'note_taking','{\"note_type\": \"text\", \"note_length\": 50}',76,655,'2025-12-10 13:50:49'),(1775,7,19,70,'focus_lost','{\"lost_at_position\": 500}',30,191,'2025-12-07 13:50:49'),(1776,7,19,70,'pause','{\"reason\": \"user\"}',9,1062,'2025-11-25 13:50:49'),(1777,7,19,72,'seek_backward','{\"rewind_duration\": 15}',115,736,'2025-11-19 13:50:49'),(1778,7,19,70,'replay','{\"replay_duration\": 60}',94,871,'2025-11-22 13:50:49'),(1779,7,19,71,'note_taking','{\"note_type\": \"text\", \"note_length\": 50}',96,941,'2025-11-17 13:50:49'),(1780,7,19,71,'speed_up','{\"new_speed\": 1.5, \"old_speed\": 1}',23,726,'2025-11-13 13:50:49'),(1781,7,19,72,'speed_up','{\"new_speed\": 1.5, \"old_speed\": 1}',19,988,'2025-12-11 13:50:49'),(1782,7,19,70,'bookmark','{\"bookmark_position\": 300}',11,1055,'2025-12-06 13:50:49'),(1783,7,19,73,'focus_regain','{\"focus_lost_duration\": 30000}',43,252,'2025-12-11 13:50:49'),(1784,7,19,73,'chapter_complete','{\"completion_rate\": 100}',7,923,'2025-11-17 13:50:49'),(1785,7,19,72,'replay','{\"replay_duration\": 60}',65,828,'2025-11-12 13:50:49'),(1786,7,19,70,'speed_up','{\"new_speed\": 1.5, \"old_speed\": 1}',69,981,'2025-12-11 13:50:49'),(1787,7,19,70,'speed_down','{\"new_speed\": 0.75, \"old_speed\": 1}',27,1041,'2025-11-12 13:50:49'),(1788,8,19,71,'speed_up','{\"new_speed\": 1.5, \"old_speed\": 1}',42,1015,'2025-11-21 13:50:49'),(1789,8,19,71,'pause','{\"reason\": \"user\"}',115,769,'2025-12-08 13:50:49'),(1790,8,19,71,'chapter_complete','{\"completion_rate\": 100}',35,61,'2025-11-24 13:50:49'),(1791,8,19,73,'pause','{\"reason\": \"user\"}',68,17,'2025-11-19 13:50:49'),(1792,8,19,73,'quiz_attempt','{\"quiz_type\": \"multiple_choice\"}',91,84,'2025-12-06 13:50:49'),(1793,8,19,73,'speed_down','{\"new_speed\": 0.75, \"old_speed\": 1}',107,856,'2025-12-02 13:50:49'),(1794,8,19,73,'seek_forward','{\"skip_duration\": 30}',59,948,'2025-11-21 13:50:49'),(1795,8,19,72,'play','{\"action\": \"start\"}',16,305,'2025-11-13 13:50:49'),(1796,8,19,73,'speed_down','{\"new_speed\": 0.75, \"old_speed\": 1}',19,621,'2025-12-09 13:50:49'),(1797,8,19,71,'speed_up','{\"new_speed\": 1.5, \"old_speed\": 1}',31,1096,'2025-12-06 13:50:49'),(1798,8,19,71,'chapter_complete','{\"completion_rate\": 100}',4,459,'2025-12-05 13:50:49'),(1799,8,19,71,'quiz_attempt','{\"quiz_type\": \"multiple_choice\"}',109,969,'2025-11-14 13:50:49'),(1800,8,19,70,'question_ask','{\"question_type\": \"text\"}',109,1081,'2025-11-19 13:50:49'),(1801,8,19,72,'replay','{\"replay_duration\": 60}',2,607,'2025-12-11 13:50:49'),(1802,8,19,70,'seek_backward','{\"rewind_duration\": 15}',75,754,'2025-12-03 13:50:49'),(1803,8,19,71,'speed_up','{\"new_speed\": 1.5, \"old_speed\": 1}',37,579,'2025-11-25 13:50:49'),(1804,8,19,73,'note_taking','{\"note_type\": \"text\", \"note_length\": 50}',86,80,'2025-11-28 13:50:49'),(1805,8,19,73,'seek_forward','{\"skip_duration\": 30}',67,714,'2025-11-14 13:50:49'),(1806,8,19,70,'quiz_attempt','{\"quiz_type\": \"multiple_choice\"}',107,591,'2025-11-12 13:50:49'),(1807,8,19,73,'note_taking','{\"note_type\": \"text\", \"note_length\": 50}',65,1114,'2025-12-08 13:50:49'),(1808,8,19,72,'play','{\"action\": \"start\"}',66,682,'2025-11-20 13:50:49'),(1809,8,19,71,'chapter_complete','{\"completion_rate\": 100}',9,1170,'2025-12-07 13:50:49'),(1810,8,19,72,'speed_up','{\"new_speed\": 1.5, \"old_speed\": 1}',92,50,'2025-12-01 13:50:49'),(1811,8,19,71,'speed_up','{\"new_speed\": 1.5, \"old_speed\": 1}',54,979,'2025-11-12 13:50:49'),(1812,8,19,72,'replay','{\"replay_duration\": 60}',9,1179,'2025-11-13 13:50:49'),(1813,8,19,73,'play','{\"action\": \"start\"}',68,485,'2025-11-18 13:50:49'),(1814,8,19,72,'bookmark','{\"bookmark_position\": 300}',82,331,'2025-11-12 13:50:49'),(1815,8,19,72,'pause','{\"reason\": \"user\"}',16,739,'2025-11-27 13:50:49'),(1816,8,19,72,'pause','{\"reason\": \"user\"}',42,772,'2025-11-13 13:50:49'),(1817,8,19,70,'quiz_attempt','{\"quiz_type\": \"multiple_choice\"}',111,58,'2025-12-07 13:50:49'),(1818,8,19,73,'bookmark','{\"bookmark_position\": 300}',52,709,'2025-11-13 13:50:49'),(1819,8,19,72,'bookmark','{\"bookmark_position\": 300}',39,972,'2025-11-18 13:50:49'),(1820,8,19,70,'pause','{\"reason\": \"user\"}',68,621,'2025-12-03 13:50:49'),(1821,8,19,71,'focus_lost','{\"lost_at_position\": 500}',109,398,'2025-12-04 13:50:49'),(1822,8,19,73,'discussion','{\"discussion_type\": \"comment\"}',85,282,'2025-11-28 13:50:49'),(1823,8,19,73,'speed_up','{\"new_speed\": 1.5, \"old_speed\": 1}',1,831,'2025-12-10 13:50:49'),(1824,8,19,73,'replay','{\"replay_duration\": 60}',65,526,'2025-11-21 13:50:49'),(1825,8,19,73,'bookmark','{\"bookmark_position\": 300}',54,968,'2025-12-01 13:50:49'),(1826,8,19,70,'bookmark','{\"bookmark_position\": 300}',87,605,'2025-11-21 13:50:49'),(1827,8,19,73,'play','{\"action\": \"start\"}',78,118,'2025-11-13 13:50:49'),(1828,8,19,71,'resource_download','{\"resource_type\": \"pdf\"}',38,832,'2025-11-16 13:50:49'),(1829,8,19,71,'resource_download','{\"resource_type\": \"pdf\"}',10,270,'2025-11-19 13:50:49'),(1830,8,19,73,'seek_backward','{\"rewind_duration\": 15}',57,46,'2025-12-11 13:50:49'),(1831,8,19,72,'focus_regain','{\"focus_lost_duration\": 30000}',22,47,'2025-11-15 13:50:49'),(1832,8,19,72,'question_ask','{\"question_type\": \"text\"}',19,502,'2025-11-21 13:50:49'),(1833,8,19,73,'pause','{\"reason\": \"user\"}',109,32,'2025-11-20 13:50:49'),(1834,8,19,70,'speed_down','{\"new_speed\": 0.75, \"old_speed\": 1}',24,328,'2025-11-24 13:50:49'),(1835,8,19,71,'speed_down','{\"new_speed\": 0.75, \"old_speed\": 1}',38,1117,'2025-11-12 13:50:49'),(1836,8,19,70,'seek_backward','{\"rewind_duration\": 15}',104,407,'2025-11-21 13:50:49'),(1837,8,19,73,'focus_lost','{\"lost_at_position\": 500}',111,470,'2025-11-19 13:50:49'),(1838,8,19,73,'play','{\"action\": \"start\"}',108,1096,'2025-11-30 13:50:49'),(1839,8,19,72,'pause','{\"reason\": \"user\"}',38,818,'2025-11-18 13:50:49'),(1840,8,19,73,'focus_regain','{\"focus_lost_duration\": 30000}',95,603,'2025-11-14 13:50:49'),(1841,8,19,71,'speed_down','{\"new_speed\": 0.75, \"old_speed\": 1}',31,1152,'2025-11-29 13:50:49'),(1842,8,19,72,'resource_download','{\"resource_type\": \"pdf\"}',14,1123,'2025-11-16 13:50:49'),(1843,8,19,70,'discussion','{\"discussion_type\": \"comment\"}',46,1031,'2025-11-24 13:50:49'),(1844,9,19,71,'question_ask','{\"question_type\": \"text\"}',5,337,'2025-12-02 13:50:49'),(1845,9,19,72,'focus_lost','{\"lost_at_position\": 500}',8,127,'2025-11-13 13:50:49'),(1846,9,19,72,'seek_backward','{\"rewind_duration\": 15}',50,149,'2025-11-14 13:50:49'),(1847,9,19,73,'chapter_complete','{\"completion_rate\": 100}',98,497,'2025-11-14 13:50:49'),(1848,9,19,72,'resource_download','{\"resource_type\": \"pdf\"}',38,758,'2025-11-21 13:50:49'),(1849,9,19,73,'discussion','{\"discussion_type\": \"comment\"}',22,651,'2025-11-24 13:50:49'),(1850,9,19,73,'discussion','{\"discussion_type\": \"comment\"}',15,391,'2025-12-06 13:50:49'),(1851,9,19,72,'discussion','{\"discussion_type\": \"comment\"}',13,698,'2025-12-04 13:50:49'),(1852,9,19,72,'replay','{\"replay_duration\": 60}',18,12,'2025-12-11 13:50:49'),(1853,9,19,72,'resource_download','{\"resource_type\": \"pdf\"}',79,521,'2025-11-29 13:50:49'),(1854,9,19,73,'pause','{\"reason\": \"user\"}',100,645,'2025-11-17 13:50:50'),(1855,9,19,73,'speed_up','{\"new_speed\": 1.5, \"old_speed\": 1}',78,938,'2025-11-29 13:50:50'),(1856,9,19,72,'speed_down','{\"new_speed\": 0.75, \"old_speed\": 1}',90,195,'2025-12-07 13:50:50'),(1857,9,19,70,'seek_backward','{\"rewind_duration\": 15}',109,478,'2025-12-02 13:50:50'),(1858,9,19,73,'quiz_attempt','{\"quiz_type\": \"multiple_choice\"}',112,388,'2025-11-25 13:50:50'),(1859,9,19,72,'seek_backward','{\"rewind_duration\": 15}',55,1036,'2025-12-08 13:50:50'),(1860,9,19,73,'note_taking','{\"note_type\": \"text\", \"note_length\": 50}',7,911,'2025-11-18 13:50:50'),(1861,9,19,73,'chapter_complete','{\"completion_rate\": 100}',97,1064,'2025-12-06 13:50:50'),(1862,9,19,72,'speed_down','{\"new_speed\": 0.75, \"old_speed\": 1}',29,435,'2025-12-11 13:50:50'),(1863,9,19,70,'resource_download','{\"resource_type\": \"pdf\"}',88,984,'2025-12-07 13:50:50'),(1864,9,19,73,'focus_regain','{\"focus_lost_duration\": 30000}',59,772,'2025-11-13 13:50:50'),(1865,9,19,70,'focus_lost','{\"lost_at_position\": 500}',67,864,'2025-12-01 13:50:50'),(1866,9,19,73,'focus_lost','{\"lost_at_position\": 500}',57,970,'2025-11-17 13:50:50'),(1867,9,19,73,'quiz_attempt','{\"quiz_type\": \"multiple_choice\"}',111,1095,'2025-11-20 13:50:50'),(1868,9,19,70,'question_ask','{\"question_type\": \"text\"}',72,519,'2025-11-14 13:50:50'),(1869,9,19,73,'speed_up','{\"new_speed\": 1.5, \"old_speed\": 1}',103,1019,'2025-11-28 13:50:50'),(1870,9,19,71,'focus_lost','{\"lost_at_position\": 500}',3,856,'2025-11-17 13:50:50'),(1871,9,19,70,'pause','{\"reason\": \"user\"}',109,523,'2025-11-19 13:50:50'),(1872,9,19,72,'resource_download','{\"resource_type\": \"pdf\"}',14,324,'2025-11-26 13:50:50'),(1873,9,19,72,'replay','{\"replay_duration\": 60}',38,320,'2025-12-05 13:50:50'),(1874,9,19,73,'question_ask','{\"question_type\": \"text\"}',74,447,'2025-11-20 13:50:50'),(1875,9,19,72,'resource_download','{\"resource_type\": \"pdf\"}',12,50,'2025-11-20 13:50:50'),(1876,9,19,70,'pause','{\"reason\": \"user\"}',84,989,'2025-11-19 13:50:50'),(1877,9,19,70,'focus_regain','{\"focus_lost_duration\": 30000}',84,296,'2025-12-09 13:50:50'),(1878,9,19,70,'replay','{\"replay_duration\": 60}',24,1028,'2025-12-09 13:50:50'),(1879,9,19,72,'focus_regain','{\"focus_lost_duration\": 30000}',23,491,'2025-11-28 13:50:50'),(1880,9,19,70,'play','{\"action\": \"start\"}',49,318,'2025-11-24 13:50:50'),(1881,9,19,70,'pause','{\"reason\": \"user\"}',59,782,'2025-11-14 13:50:50'),(1882,9,19,70,'focus_regain','{\"focus_lost_duration\": 30000}',48,863,'2025-11-29 13:50:50'),(1883,9,19,72,'replay','{\"replay_duration\": 60}',5,867,'2025-11-14 13:50:50'),(1884,9,19,72,'focus_regain','{\"focus_lost_duration\": 30000}',88,72,'2025-12-08 13:50:50'),(1885,9,19,72,'play','{\"action\": \"start\"}',9,134,'2025-12-03 13:50:50'),(1886,9,19,72,'focus_regain','{\"focus_lost_duration\": 30000}',25,140,'2025-11-23 13:50:50'),(1887,9,19,73,'seek_forward','{\"skip_duration\": 30}',23,879,'2025-12-10 13:50:50'),(1888,9,19,71,'focus_regain','{\"focus_lost_duration\": 30000}',118,373,'2025-11-22 13:50:50'),(1889,9,19,71,'play','{\"action\": \"start\"}',58,343,'2025-11-23 13:50:50'),(1890,9,19,72,'speed_down','{\"new_speed\": 0.75, \"old_speed\": 1}',19,930,'2025-11-28 13:50:50'),(1891,9,19,72,'speed_down','{\"new_speed\": 0.75, \"old_speed\": 1}',2,351,'2025-11-12 13:50:50'),(1892,9,19,70,'chapter_complete','{\"completion_rate\": 100}',66,960,'2025-12-02 13:50:50'),(1893,9,19,70,'discussion','{\"discussion_type\": \"comment\"}',105,1144,'2025-11-20 13:50:50'),(1894,9,19,73,'chapter_complete','{\"completion_rate\": 100}',7,1181,'2025-12-02 13:50:50'),(1895,9,19,71,'play','{\"action\": \"start\"}',47,929,'2025-12-04 13:50:50'),(1896,9,19,71,'quiz_attempt','{\"quiz_type\": \"multiple_choice\"}',39,566,'2025-11-23 13:50:50'),(1897,9,19,70,'seek_backward','{\"rewind_duration\": 15}',89,949,'2025-12-11 13:50:50'),(1898,9,19,70,'quiz_attempt','{\"quiz_type\": \"multiple_choice\"}',27,441,'2025-12-08 13:50:50'),(1899,9,19,73,'speed_down','{\"new_speed\": 0.75, \"old_speed\": 1}',14,1093,'2025-11-27 13:50:50'),(1900,9,19,73,'seek_backward','{\"rewind_duration\": 15}',40,1198,'2025-11-29 13:50:50'),(1901,9,19,71,'note_taking','{\"note_type\": \"text\", \"note_length\": 50}',90,992,'2025-12-02 13:50:50'),(1902,9,19,73,'note_taking','{\"note_type\": \"text\", \"note_length\": 50}',103,425,'2025-11-21 13:50:50'),(1903,9,19,71,'discussion','{\"discussion_type\": \"comment\"}',79,272,'2025-11-23 13:50:50'),(1904,9,19,70,'discussion','{\"discussion_type\": \"comment\"}',7,586,'2025-11-18 13:50:50'),(1905,9,19,70,'pause','{\"reason\": \"user\"}',103,519,'2025-11-12 13:50:50'),(1906,9,19,71,'seek_backward','{\"rewind_duration\": 15}',81,1133,'2025-11-23 13:50:50'),(1907,9,19,70,'speed_down','{\"new_speed\": 0.75, \"old_speed\": 1}',45,1138,'2025-12-02 13:50:50'),(1908,9,19,73,'focus_regain','{\"focus_lost_duration\": 30000}',108,1145,'2025-12-06 13:50:50'),(1909,9,19,71,'focus_lost','{\"lost_at_position\": 500}',35,376,'2025-12-09 13:50:50'),(1910,9,19,70,'bookmark','{\"bookmark_position\": 300}',22,343,'2025-11-14 13:50:50'),(1911,9,19,70,'focus_lost','{\"lost_at_position\": 500}',97,203,'2025-11-24 13:50:50'),(1912,9,19,71,'seek_forward','{\"skip_duration\": 30}',47,224,'2025-11-28 13:50:50'),(1913,9,19,73,'bookmark','{\"bookmark_position\": 300}',113,441,'2025-11-22 13:50:50'),(1914,9,19,73,'replay','{\"replay_duration\": 60}',112,276,'2025-11-22 13:50:50'),(1915,9,19,72,'seek_backward','{\"rewind_duration\": 15}',51,657,'2025-12-02 13:50:50'),(1916,9,19,72,'seek_forward','{\"skip_duration\": 30}',103,171,'2025-11-27 13:50:50'),(1917,9,19,72,'note_taking','{\"note_type\": \"text\", \"note_length\": 50}',79,910,'2025-12-08 13:50:50'),(1918,9,19,72,'bookmark','{\"bookmark_position\": 300}',109,923,'2025-12-09 13:50:50'),(1919,9,19,73,'question_ask','{\"question_type\": \"text\"}',8,908,'2025-12-11 13:50:50'),(1920,9,19,71,'seek_backward','{\"rewind_duration\": 15}',29,709,'2025-12-06 13:50:50'),(1921,9,19,70,'note_taking','{\"note_type\": \"text\", \"note_length\": 50}',83,848,'2025-11-23 13:50:50'),(1922,9,19,70,'chapter_complete','{\"completion_rate\": 100}',39,140,'2025-11-19 13:50:50'),(1923,9,19,72,'chapter_complete','{\"completion_rate\": 100}',88,988,'2025-12-11 13:50:50'),(1924,9,19,70,'chapter_complete','{\"completion_rate\": 100}',95,116,'2025-12-07 13:50:50'),(1925,9,19,70,'focus_regain','{\"focus_lost_duration\": 30000}',66,1137,'2025-11-27 13:50:50'),(1926,9,19,72,'note_taking','{\"note_type\": \"text\", \"note_length\": 50}',46,98,'2025-11-26 13:50:50'),(1927,9,19,73,'chapter_complete','{\"completion_rate\": 100}',106,845,'2025-11-12 13:50:50'),(1928,9,19,72,'note_taking','{\"note_type\": \"text\", \"note_length\": 50}',26,478,'2025-11-16 13:50:50'),(1929,9,19,72,'bookmark','{\"bookmark_position\": 300}',5,471,'2025-11-13 13:50:50'),(1930,9,19,72,'resource_download','{\"resource_type\": \"pdf\"}',112,1118,'2025-12-02 13:50:50'),(1931,9,19,72,'pause','{\"reason\": \"user\"}',101,276,'2025-11-23 13:50:50'),(1932,9,19,71,'bookmark','{\"bookmark_position\": 300}',85,1084,'2025-11-14 13:50:50'),(1933,10,19,72,'seek_forward','{\"skip_duration\": 30}',14,186,'2025-11-16 13:50:50'),(1934,10,19,71,'play','{\"action\": \"start\"}',51,1094,'2025-11-16 13:50:50'),(1935,10,19,70,'resource_download','{\"resource_type\": \"pdf\"}',3,400,'2025-12-05 13:50:50'),(1936,10,19,71,'bookmark','{\"bookmark_position\": 300}',50,85,'2025-11-21 13:50:50'),(1937,10,19,71,'bookmark','{\"bookmark_position\": 300}',92,747,'2025-11-12 13:50:50'),(1938,10,19,73,'question_ask','{\"question_type\": \"text\"}',22,566,'2025-12-05 13:50:50'),(1939,10,19,72,'focus_lost','{\"lost_at_position\": 500}',114,586,'2025-11-28 13:50:50'),(1940,10,19,72,'speed_up','{\"new_speed\": 1.5, \"old_speed\": 1}',96,151,'2025-11-26 13:50:50'),(1941,10,19,70,'bookmark','{\"bookmark_position\": 300}',68,364,'2025-11-23 13:50:50'),(1942,10,19,73,'quiz_attempt','{\"quiz_type\": \"multiple_choice\"}',50,102,'2025-12-10 13:50:50'),(1943,10,19,72,'speed_down','{\"new_speed\": 0.75, \"old_speed\": 1}',36,866,'2025-12-04 13:50:50'),(1944,10,19,71,'focus_regain','{\"focus_lost_duration\": 30000}',67,407,'2025-12-08 13:50:50'),(1945,10,19,71,'bookmark','{\"bookmark_position\": 300}',91,828,'2025-12-03 13:50:50'),(1946,10,19,70,'bookmark','{\"bookmark_position\": 300}',59,1186,'2025-12-06 13:50:50'),(1947,10,19,70,'seek_backward','{\"rewind_duration\": 15}',53,562,'2025-12-07 13:50:50'),(1948,10,19,70,'seek_backward','{\"rewind_duration\": 15}',66,540,'2025-12-03 13:50:50'),(1949,10,19,70,'seek_forward','{\"skip_duration\": 30}',10,16,'2025-11-21 13:50:50'),(1950,10,19,72,'focus_lost','{\"lost_at_position\": 500}',37,1087,'2025-11-29 13:50:50'),(1951,10,19,73,'quiz_attempt','{\"quiz_type\": \"multiple_choice\"}',117,721,'2025-11-22 13:50:50'),(1952,10,19,70,'seek_backward','{\"rewind_duration\": 15}',8,160,'2025-12-03 13:50:50'),(1953,10,19,71,'seek_forward','{\"skip_duration\": 30}',10,427,'2025-11-18 13:50:50'),(1954,10,19,72,'seek_forward','{\"skip_duration\": 30}',21,901,'2025-12-08 13:50:50'),(1955,10,19,73,'bookmark','{\"bookmark_position\": 300}',2,1117,'2025-11-19 13:50:50'),(1956,10,19,73,'play','{\"action\": \"start\"}',8,875,'2025-11-17 13:50:50'),(1957,10,19,73,'note_taking','{\"note_type\": \"text\", \"note_length\": 50}',69,311,'2025-11-30 13:50:50'),(1958,10,19,70,'note_taking','{\"note_type\": \"text\", \"note_length\": 50}',25,1102,'2025-12-07 13:50:50'),(1959,10,19,71,'speed_down','{\"new_speed\": 0.75, \"old_speed\": 1}',59,765,'2025-12-09 13:50:50'),(1960,10,19,70,'question_ask','{\"question_type\": \"text\"}',94,344,'2025-11-27 13:50:50'),(1961,10,19,70,'seek_backward','{\"rewind_duration\": 15}',20,361,'2025-11-12 13:50:50'),(1962,10,19,71,'speed_down','{\"new_speed\": 0.75, \"old_speed\": 1}',46,783,'2025-11-28 13:50:50'),(1963,10,19,71,'bookmark','{\"bookmark_position\": 300}',88,119,'2025-11-27 13:50:50'),(1964,10,19,70,'question_ask','{\"question_type\": \"text\"}',23,516,'2025-11-19 13:50:50'),(1965,10,19,73,'note_taking','{\"note_type\": \"text\", \"note_length\": 50}',32,1114,'2025-12-04 13:50:50'),(1966,10,19,71,'speed_up','{\"new_speed\": 1.5, \"old_speed\": 1}',56,75,'2025-11-27 13:50:50'),(1967,10,19,73,'resource_download','{\"resource_type\": \"pdf\"}',12,314,'2025-11-19 13:50:50'),(1968,10,19,70,'quiz_attempt','{\"quiz_type\": \"multiple_choice\"}',45,1130,'2025-11-26 13:50:50'),(1969,10,19,71,'speed_down','{\"new_speed\": 0.75, \"old_speed\": 1}',92,780,'2025-11-28 13:50:50'),(1970,10,19,71,'speed_down','{\"new_speed\": 0.75, \"old_speed\": 1}',24,508,'2025-12-03 13:50:50'),(1971,10,19,71,'quiz_attempt','{\"quiz_type\": \"multiple_choice\"}',82,607,'2025-12-05 13:50:50'),(1972,10,19,72,'seek_forward','{\"skip_duration\": 30}',14,438,'2025-11-21 13:50:50'),(1973,10,19,73,'question_ask','{\"question_type\": \"text\"}',83,410,'2025-12-09 13:50:50'),(1974,10,19,71,'focus_regain','{\"focus_lost_duration\": 30000}',32,186,'2025-11-12 13:50:50'),(1975,10,19,70,'focus_regain','{\"focus_lost_duration\": 30000}',35,255,'2025-11-23 13:50:51'),(1976,10,19,70,'quiz_attempt','{\"quiz_type\": \"multiple_choice\"}',20,1184,'2025-11-26 13:50:51'),(1977,10,19,71,'quiz_attempt','{\"quiz_type\": \"multiple_choice\"}',52,830,'2025-12-02 13:50:51'),(1978,10,19,71,'speed_up','{\"new_speed\": 1.5, \"old_speed\": 1}',72,746,'2025-11-19 13:50:51'),(1979,10,19,73,'chapter_complete','{\"completion_rate\": 100}',30,401,'2025-12-06 13:50:51'),(1980,10,19,72,'resource_download','{\"resource_type\": \"pdf\"}',69,872,'2025-12-02 13:50:51'),(1981,10,19,70,'speed_down','{\"new_speed\": 0.75, \"old_speed\": 1}',115,1163,'2025-11-27 13:50:51'),(1982,10,19,73,'focus_lost','{\"lost_at_position\": 500}',22,1138,'2025-11-20 13:50:51'),(1983,10,19,70,'seek_backward','{\"rewind_duration\": 15}',109,1136,'2025-11-28 13:50:51'),(1984,10,19,73,'note_taking','{\"note_type\": \"text\", \"note_length\": 50}',89,570,'2025-12-05 13:50:51'),(1985,10,19,73,'focus_regain','{\"focus_lost_duration\": 30000}',52,1140,'2025-12-04 13:50:51'),(1986,10,19,71,'focus_lost','{\"lost_at_position\": 500}',8,923,'2025-12-02 13:50:51'),(1987,10,19,70,'quiz_attempt','{\"quiz_type\": \"multiple_choice\"}',116,999,'2025-11-26 13:50:51'),(1988,10,19,72,'question_ask','{\"question_type\": \"text\"}',110,935,'2025-11-22 13:50:51'),(1989,10,19,71,'note_taking','{\"note_type\": \"text\", \"note_length\": 50}',75,1175,'2025-12-05 13:50:51'),(1990,10,19,73,'seek_backward','{\"rewind_duration\": 15}',18,301,'2025-12-04 13:50:51'),(1991,10,19,71,'chapter_complete','{\"completion_rate\": 100}',84,739,'2025-12-05 13:50:51'),(1992,10,19,73,'focus_regain','{\"focus_lost_duration\": 30000}',3,151,'2025-11-26 13:50:51'),(1993,10,19,72,'resource_download','{\"resource_type\": \"pdf\"}',114,332,'2025-12-01 13:50:51'),(1994,10,19,72,'resource_download','{\"resource_type\": \"pdf\"}',82,78,'2025-11-16 13:50:51'),(1995,10,19,70,'replay','{\"replay_duration\": 60}',30,988,'2025-11-24 13:50:51'),(1996,10,19,73,'note_taking','{\"note_type\": \"text\", \"note_length\": 50}',97,1191,'2025-11-14 13:50:51'),(1997,10,19,71,'replay','{\"replay_duration\": 60}',40,301,'2025-11-26 13:50:51'),(1998,11,19,73,'note_taking','{\"note_type\": \"text\", \"note_length\": 50}',61,76,'2025-12-05 13:50:51'),(1999,11,19,72,'note_taking','{\"note_type\": \"text\", \"note_length\": 50}',115,54,'2025-12-07 13:50:51'),(2000,11,19,73,'bookmark','{\"bookmark_position\": 300}',92,152,'2025-11-17 13:50:51'),(2001,11,19,70,'seek_backward','{\"rewind_duration\": 15}',67,880,'2025-11-23 13:50:51'),(2002,11,19,71,'resource_download','{\"resource_type\": \"pdf\"}',83,845,'2025-12-06 13:50:51'),(2003,11,19,73,'play','{\"action\": \"start\"}',47,696,'2025-11-18 13:50:51'),(2004,11,19,72,'focus_lost','{\"lost_at_position\": 500}',47,1098,'2025-11-16 13:50:51'),(2005,11,19,71,'quiz_attempt','{\"quiz_type\": \"multiple_choice\"}',100,212,'2025-11-23 13:50:51'),(2006,11,19,71,'chapter_complete','{\"completion_rate\": 100}',102,430,'2025-11-20 13:50:51'),(2007,11,19,70,'seek_forward','{\"skip_duration\": 30}',116,62,'2025-11-21 13:50:51'),(2008,11,19,70,'discussion','{\"discussion_type\": \"comment\"}',48,580,'2025-11-19 13:50:51'),(2009,11,19,70,'discussion','{\"discussion_type\": \"comment\"}',110,16,'2025-11-26 13:50:51'),(2010,11,19,71,'bookmark','{\"bookmark_position\": 300}',26,200,'2025-11-19 13:50:51'),(2011,11,19,73,'focus_regain','{\"focus_lost_duration\": 30000}',26,28,'2025-12-07 13:50:51'),(2012,11,19,71,'seek_backward','{\"rewind_duration\": 15}',55,192,'2025-12-01 13:50:51'),(2013,11,19,70,'play','{\"action\": \"start\"}',108,1085,'2025-11-20 13:50:51'),(2014,11,19,71,'seek_forward','{\"skip_duration\": 30}',7,1184,'2025-11-25 13:50:51'),(2015,11,19,70,'speed_down','{\"new_speed\": 0.75, \"old_speed\": 1}',7,505,'2025-12-09 13:50:51'),(2016,11,19,72,'chapter_complete','{\"completion_rate\": 100}',34,867,'2025-11-15 13:50:51'),(2017,11,19,73,'bookmark','{\"bookmark_position\": 300}',50,316,'2025-11-19 13:50:51'),(2018,11,19,71,'seek_backward','{\"rewind_duration\": 15}',88,392,'2025-11-26 13:50:51'),(2019,11,19,70,'pause','{\"reason\": \"user\"}',64,1129,'2025-12-10 13:50:51'),(2020,11,19,71,'discussion','{\"discussion_type\": \"comment\"}',85,901,'2025-11-14 13:50:51'),(2021,11,19,71,'speed_down','{\"new_speed\": 0.75, \"old_speed\": 1}',89,1073,'2025-11-15 13:50:51'),(2022,11,19,71,'speed_down','{\"new_speed\": 0.75, \"old_speed\": 1}',53,434,'2025-12-05 13:50:51'),(2023,11,19,70,'question_ask','{\"question_type\": \"text\"}',56,1083,'2025-11-23 13:50:51'),(2024,11,19,70,'speed_up','{\"new_speed\": 1.5, \"old_speed\": 1}',63,93,'2025-11-23 13:50:51'),(2025,11,19,70,'replay','{\"replay_duration\": 60}',93,926,'2025-11-12 13:50:51'),(2026,11,19,73,'focus_regain','{\"focus_lost_duration\": 30000}',75,422,'2025-12-10 13:50:51'),(2027,11,19,71,'quiz_attempt','{\"quiz_type\": \"multiple_choice\"}',103,1017,'2025-12-11 13:50:51'),(2028,11,19,73,'note_taking','{\"note_type\": \"text\", \"note_length\": 50}',66,392,'2025-12-09 13:50:51'),(2029,11,19,72,'speed_up','{\"new_speed\": 1.5, \"old_speed\": 1}',92,491,'2025-11-19 13:50:51'),(2030,11,19,72,'quiz_attempt','{\"quiz_type\": \"multiple_choice\"}',105,944,'2025-11-15 13:50:51'),(2031,11,19,70,'note_taking','{\"note_type\": \"text\", \"note_length\": 50}',91,1133,'2025-11-13 13:50:51'),(2032,11,19,72,'seek_forward','{\"skip_duration\": 30}',47,548,'2025-11-13 13:50:51'),(2033,11,19,72,'seek_forward','{\"skip_duration\": 30}',58,821,'2025-12-03 13:50:51'),(2034,11,19,72,'bookmark','{\"bookmark_position\": 300}',34,359,'2025-11-17 13:50:51'),(2035,11,19,70,'speed_down','{\"new_speed\": 0.75, \"old_speed\": 1}',39,111,'2025-11-28 13:50:51'),(2036,11,19,70,'speed_down','{\"new_speed\": 0.75, \"old_speed\": 1}',91,748,'2025-12-04 13:50:51'),(2037,11,19,71,'replay','{\"replay_duration\": 60}',60,122,'2025-11-30 13:50:51'),(2038,11,19,72,'focus_lost','{\"lost_at_position\": 500}',119,196,'2025-11-30 13:50:51'),(2039,11,19,71,'play','{\"action\": \"start\"}',86,36,'2025-11-23 13:50:51'),(2040,11,19,70,'play','{\"action\": \"start\"}',64,687,'2025-11-28 13:50:51'),(2041,11,19,72,'seek_backward','{\"rewind_duration\": 15}',74,233,'2025-11-24 13:50:51'),(2042,11,19,70,'focus_lost','{\"lost_at_position\": 500}',45,276,'2025-12-06 13:50:51'),(2043,11,19,71,'seek_forward','{\"skip_duration\": 30}',34,835,'2025-12-08 13:50:51'),(2044,11,19,71,'replay','{\"replay_duration\": 60}',67,84,'2025-11-13 13:50:51'),(2045,11,19,70,'speed_up','{\"new_speed\": 1.5, \"old_speed\": 1}',88,555,'2025-11-23 13:50:51'),(2046,11,19,71,'speed_up','{\"new_speed\": 1.5, \"old_speed\": 1}',87,15,'2025-12-01 13:50:51'),(2047,11,19,71,'focus_lost','{\"lost_at_position\": 500}',20,926,'2025-12-10 13:50:51'),(2048,11,19,73,'focus_lost','{\"lost_at_position\": 500}',70,300,'2025-12-01 13:50:51'),(2049,11,19,72,'speed_up','{\"new_speed\": 1.5, \"old_speed\": 1}',0,85,'2025-11-22 13:50:51'),(2050,11,19,71,'replay','{\"replay_duration\": 60}',64,1154,'2025-11-30 13:50:51'),(2051,11,19,73,'discussion','{\"discussion_type\": \"comment\"}',111,273,'2025-12-05 13:50:51'),(2052,11,19,70,'focus_regain','{\"focus_lost_duration\": 30000}',9,691,'2025-11-14 13:50:51'),(2053,103,20,76,'resource_download','{\"resource_type\": \"pdf\"}',67,880,'2025-11-16 13:50:51'),(2054,103,20,74,'note_taking','{\"note_type\": \"text\", \"note_length\": 50}',24,613,'2025-11-18 13:50:51'),(2055,103,20,77,'quiz_attempt','{\"quiz_type\": \"multiple_choice\"}',116,1151,'2025-11-26 13:50:51'),(2056,103,20,77,'speed_down','{\"new_speed\": 0.75, \"old_speed\": 1}',65,159,'2025-12-01 13:50:51'),(2057,103,20,75,'focus_lost','{\"lost_at_position\": 500}',34,549,'2025-12-06 13:50:51'),(2058,103,20,76,'speed_up','{\"new_speed\": 1.5, \"old_speed\": 1}',98,460,'2025-12-01 13:50:51'),(2059,103,20,76,'seek_backward','{\"rewind_duration\": 15}',35,618,'2025-11-14 13:50:51'),(2060,103,20,77,'chapter_complete','{\"completion_rate\": 100}',54,391,'2025-11-26 13:50:51'),(2061,103,20,74,'replay','{\"replay_duration\": 60}',57,557,'2025-11-14 13:50:51'),(2062,103,20,75,'play','{\"action\": \"start\"}',111,1174,'2025-12-04 13:50:51'),(2063,103,20,76,'quiz_attempt','{\"quiz_type\": \"multiple_choice\"}',104,752,'2025-11-18 13:50:51'),(2064,103,20,76,'resource_download','{\"resource_type\": \"pdf\"}',102,996,'2025-12-02 13:50:51'),(2065,103,20,77,'replay','{\"replay_duration\": 60}',38,153,'2025-11-22 13:50:51'),(2066,103,20,77,'speed_down','{\"new_speed\": 0.75, \"old_speed\": 1}',21,255,'2025-11-20 13:50:51'),(2067,103,20,76,'seek_forward','{\"skip_duration\": 30}',20,1130,'2025-11-14 13:50:51'),(2068,103,20,75,'speed_up','{\"new_speed\": 1.5, \"old_speed\": 1}',91,1160,'2025-11-22 13:50:51'),(2069,103,20,75,'play','{\"action\": \"start\"}',43,376,'2025-11-14 13:50:51'),(2070,103,20,74,'focus_lost','{\"lost_at_position\": 500}',106,546,'2025-12-01 13:50:51'),(2071,103,20,75,'seek_backward','{\"rewind_duration\": 15}',110,97,'2025-11-29 13:50:51'),(2072,103,20,77,'resource_download','{\"resource_type\": \"pdf\"}',35,295,'2025-11-20 13:50:51'),(2073,103,20,74,'focus_regain','{\"focus_lost_duration\": 30000}',9,129,'2025-11-12 13:50:51'),(2074,103,20,75,'replay','{\"replay_duration\": 60}',110,405,'2025-11-16 13:50:51'),(2075,103,20,77,'speed_down','{\"new_speed\": 0.75, \"old_speed\": 1}',79,392,'2025-12-07 13:50:51'),(2076,103,20,74,'chapter_complete','{\"completion_rate\": 100}',50,724,'2025-11-19 13:50:51'),(2077,103,20,77,'note_taking','{\"note_type\": \"text\", \"note_length\": 50}',5,581,'2025-12-09 13:50:51'),(2078,103,20,74,'quiz_attempt','{\"quiz_type\": \"multiple_choice\"}',110,145,'2025-11-30 13:50:51'),(2079,103,20,74,'chapter_complete','{\"completion_rate\": 100}',61,251,'2025-12-02 13:50:51'),(2080,103,20,76,'bookmark','{\"bookmark_position\": 300}',114,157,'2025-11-27 13:50:51'),(2081,103,20,77,'focus_regain','{\"focus_lost_duration\": 30000}',57,573,'2025-11-21 13:50:51'),(2082,103,20,76,'speed_up','{\"new_speed\": 1.5, \"old_speed\": 1}',0,1080,'2025-11-13 13:50:51'),(2083,103,20,77,'seek_backward','{\"rewind_duration\": 15}',18,706,'2025-12-07 13:50:51'),(2084,103,20,75,'quiz_attempt','{\"quiz_type\": \"multiple_choice\"}',59,1006,'2025-12-08 13:50:51'),(2085,103,20,75,'seek_forward','{\"skip_duration\": 30}',91,663,'2025-12-03 13:50:51'),(2086,103,20,74,'speed_down','{\"new_speed\": 0.75, \"old_speed\": 1}',87,193,'2025-11-27 13:50:51'),(2087,103,20,75,'chapter_complete','{\"completion_rate\": 100}',49,550,'2025-12-06 13:50:51'),(2088,103,20,77,'resource_download','{\"resource_type\": \"pdf\"}',16,1185,'2025-12-03 13:50:51'),(2089,103,20,75,'quiz_attempt','{\"quiz_type\": \"multiple_choice\"}',75,1108,'2025-11-26 13:50:52'),(2090,103,20,76,'quiz_attempt','{\"quiz_type\": \"multiple_choice\"}',76,37,'2025-11-13 13:50:52'),(2091,103,20,77,'seek_forward','{\"skip_duration\": 30}',106,1061,'2025-11-19 13:50:52'),(2092,103,20,74,'focus_lost','{\"lost_at_position\": 500}',23,473,'2025-11-24 13:50:52'),(2093,103,20,77,'speed_down','{\"new_speed\": 0.75, \"old_speed\": 1}',69,336,'2025-11-25 13:50:52'),(2094,103,20,74,'discussion','{\"discussion_type\": \"comment\"}',73,1107,'2025-11-16 13:50:52'),(2095,103,20,76,'replay','{\"replay_duration\": 60}',51,747,'2025-12-04 13:50:52'),(2096,103,20,74,'seek_forward','{\"skip_duration\": 30}',114,1186,'2025-11-26 13:50:52'),(2097,103,20,76,'seek_forward','{\"skip_duration\": 30}',12,120,'2025-11-25 13:50:52'),(2098,103,20,75,'focus_regain','{\"focus_lost_duration\": 30000}',93,736,'2025-11-21 13:50:52'),(2099,103,20,76,'focus_lost','{\"lost_at_position\": 500}',24,10,'2025-12-02 13:50:52'),(2100,103,20,75,'chapter_complete','{\"completion_rate\": 100}',9,62,'2025-11-29 13:50:52'),(2101,103,20,74,'note_taking','{\"note_type\": \"text\", \"note_length\": 50}',32,522,'2025-11-14 13:50:52'),(2102,103,20,74,'focus_lost','{\"lost_at_position\": 500}',48,298,'2025-11-13 13:50:52'),(2103,103,20,77,'play','{\"action\": \"start\"}',37,526,'2025-11-13 13:50:52'),(2104,103,20,76,'focus_regain','{\"focus_lost_duration\": 30000}',14,1152,'2025-12-05 13:50:52'),(2105,103,20,75,'play','{\"action\": \"start\"}',4,563,'2025-12-08 13:50:52'),(2106,103,20,77,'question_ask','{\"question_type\": \"text\"}',29,394,'2025-12-10 13:50:52'),(2107,103,20,77,'resource_download','{\"resource_type\": \"pdf\"}',106,65,'2025-11-12 13:50:52'),(2108,103,20,75,'play','{\"action\": \"start\"}',26,210,'2025-12-10 13:50:52'),(2109,103,20,75,'chapter_complete','{\"completion_rate\": 100}',88,469,'2025-11-20 13:50:52'),(2110,103,20,74,'pause','{\"reason\": \"user\"}',0,4,'2025-11-17 13:50:52'),(2111,103,20,76,'focus_lost','{\"lost_at_position\": 500}',70,369,'2025-12-10 13:50:52'),(2112,103,20,74,'chapter_complete','{\"completion_rate\": 100}',54,972,'2025-11-14 13:50:52'),(2113,103,20,77,'chapter_complete','{\"completion_rate\": 100}',4,256,'2025-11-13 13:50:52'),(2114,103,20,75,'bookmark','{\"bookmark_position\": 300}',7,151,'2025-11-30 13:50:52'),(2115,103,20,74,'seek_forward','{\"skip_duration\": 30}',103,433,'2025-12-11 13:50:52'),(2116,103,20,75,'note_taking','{\"note_type\": \"text\", \"note_length\": 50}',43,759,'2025-12-07 13:50:52'),(2117,103,20,75,'speed_up','{\"new_speed\": 1.5, \"old_speed\": 1}',82,974,'2025-11-30 13:50:52'),(2118,103,20,74,'chapter_complete','{\"completion_rate\": 100}',118,920,'2025-11-24 13:50:52'),(2119,103,20,75,'bookmark','{\"bookmark_position\": 300}',36,614,'2025-11-23 13:50:52'),(2120,103,20,77,'resource_download','{\"resource_type\": \"pdf\"}',45,105,'2025-12-08 13:50:52'),(2121,103,20,77,'chapter_complete','{\"completion_rate\": 100}',66,979,'2025-12-02 13:50:52'),(2122,103,20,77,'focus_lost','{\"lost_at_position\": 500}',52,133,'2025-12-10 13:50:52'),(2123,103,20,75,'focus_regain','{\"focus_lost_duration\": 30000}',109,63,'2025-12-09 13:50:52'),(2124,103,20,76,'resource_download','{\"resource_type\": \"pdf\"}',25,639,'2025-11-30 13:50:52'),(2125,103,20,74,'pause','{\"reason\": \"user\"}',33,1136,'2025-11-27 13:50:52'),(2126,103,20,76,'seek_forward','{\"skip_duration\": 30}',63,703,'2025-11-20 13:50:52'),(2127,103,20,74,'quiz_attempt','{\"quiz_type\": \"multiple_choice\"}',9,692,'2025-11-24 13:50:52'),(2128,103,20,75,'quiz_attempt','{\"quiz_type\": \"multiple_choice\"}',74,310,'2025-11-16 13:50:52'),(2129,103,20,76,'seek_forward','{\"skip_duration\": 30}',48,879,'2025-11-13 13:50:52'),(2130,103,20,74,'chapter_complete','{\"completion_rate\": 100}',7,762,'2025-11-30 13:50:52'),(2131,103,20,77,'note_taking','{\"note_type\": \"text\", \"note_length\": 50}',42,382,'2025-11-14 13:50:52'),(2132,103,20,74,'bookmark','{\"bookmark_position\": 300}',18,163,'2025-11-16 13:50:52'),(2133,103,20,75,'discussion','{\"discussion_type\": \"comment\"}',88,791,'2025-11-22 13:50:52'),(2134,103,20,76,'focus_regain','{\"focus_lost_duration\": 30000}',78,277,'2025-11-28 13:50:52'),(2135,103,20,76,'note_taking','{\"note_type\": \"text\", \"note_length\": 50}',84,910,'2025-11-23 13:50:52'),(2136,103,20,74,'play','{\"action\": \"start\"}',12,1067,'2025-11-23 13:50:52'),(2137,103,20,74,'seek_backward','{\"rewind_duration\": 15}',55,684,'2025-12-04 13:50:52'),(2138,103,20,76,'quiz_attempt','{\"quiz_type\": \"multiple_choice\"}',45,616,'2025-12-02 13:50:52'),(2139,103,20,74,'speed_down','{\"new_speed\": 0.75, \"old_speed\": 1}',89,391,'2025-11-28 13:50:52'),(2140,103,20,76,'bookmark','{\"bookmark_position\": 300}',93,573,'2025-11-30 13:50:52'),(2141,103,20,77,'pause','{\"reason\": \"user\"}',85,1138,'2025-12-03 13:50:52'),(2142,103,20,76,'focus_lost','{\"lost_at_position\": 500}',110,48,'2025-11-20 13:50:52'),(2143,103,20,75,'resource_download','{\"resource_type\": \"pdf\"}',106,727,'2025-12-10 13:50:52'),(2144,103,20,74,'seek_backward','{\"rewind_duration\": 15}',14,469,'2025-12-10 13:50:52'),(2145,103,20,74,'discussion','{\"discussion_type\": \"comment\"}',28,61,'2025-11-18 13:50:52'),(2146,103,20,77,'seek_backward','{\"rewind_duration\": 15}',106,371,'2025-11-20 13:50:52'),(2147,103,20,75,'replay','{\"replay_duration\": 60}',80,910,'2025-11-20 13:50:52'),(2148,103,20,74,'speed_up','{\"new_speed\": 1.5, \"old_speed\": 1}',43,590,'2025-11-12 13:50:52'),(2149,103,20,77,'seek_backward','{\"rewind_duration\": 15}',34,428,'2025-12-08 13:50:52'),(2150,103,20,77,'focus_regain','{\"focus_lost_duration\": 30000}',68,630,'2025-11-19 13:50:52'),(2151,103,20,77,'speed_down','{\"new_speed\": 0.75, \"old_speed\": 1}',32,124,'2025-11-16 13:50:52'),(2152,106,20,75,'seek_backward','{\"rewind_duration\": 15}',50,580,'2025-11-23 13:50:52'),(2153,106,20,74,'speed_up','{\"new_speed\": 1.5, \"old_speed\": 1}',72,434,'2025-11-12 13:50:52'),(2154,106,20,77,'note_taking','{\"note_type\": \"text\", \"note_length\": 50}',100,405,'2025-11-19 13:50:52'),(2155,106,20,76,'focus_lost','{\"lost_at_position\": 500}',64,1170,'2025-12-03 13:50:52'),(2156,106,20,74,'bookmark','{\"bookmark_position\": 300}',37,922,'2025-11-27 13:50:52'),(2157,106,20,77,'focus_regain','{\"focus_lost_duration\": 30000}',32,1037,'2025-11-24 13:50:52'),(2158,106,20,77,'seek_forward','{\"skip_duration\": 30}',85,402,'2025-11-13 13:50:52'),(2159,106,20,76,'speed_down','{\"new_speed\": 0.75, \"old_speed\": 1}',119,492,'2025-11-15 13:50:52'),(2160,106,20,75,'resource_download','{\"resource_type\": \"pdf\"}',96,1006,'2025-11-20 13:50:52'),(2161,106,20,76,'focus_lost','{\"lost_at_position\": 500}',0,628,'2025-12-08 13:50:52'),(2162,106,20,76,'pause','{\"reason\": \"user\"}',98,881,'2025-12-05 13:50:52'),(2163,106,20,75,'speed_up','{\"new_speed\": 1.5, \"old_speed\": 1}',62,431,'2025-11-20 13:50:52'),(2164,106,20,77,'speed_down','{\"new_speed\": 0.75, \"old_speed\": 1}',12,726,'2025-11-27 13:50:52'),(2165,106,20,76,'replay','{\"replay_duration\": 60}',16,473,'2025-11-29 13:50:52'),(2166,106,20,76,'speed_down','{\"new_speed\": 0.75, \"old_speed\": 1}',40,250,'2025-12-08 13:50:52'),(2167,106,20,75,'replay','{\"replay_duration\": 60}',108,1037,'2025-11-13 13:50:52'),(2168,106,20,77,'speed_down','{\"new_speed\": 0.75, \"old_speed\": 1}',34,337,'2025-12-03 13:50:52'),(2169,106,20,74,'play','{\"action\": \"start\"}',0,803,'2025-11-28 13:50:52'),(2170,106,20,76,'pause','{\"reason\": \"user\"}',98,78,'2025-11-21 13:50:52'),(2171,106,20,75,'bookmark','{\"bookmark_position\": 300}',116,816,'2025-11-22 13:50:52'),(2172,106,20,76,'seek_backward','{\"rewind_duration\": 15}',116,362,'2025-11-28 13:50:52'),(2173,106,20,74,'focus_lost','{\"lost_at_position\": 500}',20,902,'2025-11-29 13:50:52'),(2174,106,20,77,'focus_lost','{\"lost_at_position\": 500}',84,972,'2025-11-22 13:50:52'),(2175,106,20,76,'focus_lost','{\"lost_at_position\": 500}',108,67,'2025-12-07 13:50:52'),(2176,106,20,74,'play','{\"action\": \"start\"}',25,46,'2025-11-26 13:50:52'),(2177,106,20,77,'speed_up','{\"new_speed\": 1.5, \"old_speed\": 1}',58,1136,'2025-11-26 13:50:52'),(2178,106,20,76,'replay','{\"replay_duration\": 60}',4,104,'2025-11-13 13:50:52'),(2179,106,20,77,'speed_down','{\"new_speed\": 0.75, \"old_speed\": 1}',55,1003,'2025-11-24 13:50:52'),(2180,106,20,76,'play','{\"action\": \"start\"}',61,468,'2025-11-16 13:50:52'),(2181,106,20,76,'replay','{\"replay_duration\": 60}',58,508,'2025-11-15 13:50:52'),(2182,106,20,76,'seek_forward','{\"skip_duration\": 30}',98,867,'2025-12-05 13:50:52'),(2183,106,20,76,'pause','{\"reason\": \"user\"}',54,859,'2025-11-13 13:50:52'),(2184,106,20,76,'focus_regain','{\"focus_lost_duration\": 30000}',54,850,'2025-11-24 13:50:52'),(2185,106,20,74,'focus_lost','{\"lost_at_position\": 500}',26,1174,'2025-11-19 13:50:52'),(2186,106,20,74,'pause','{\"reason\": \"user\"}',68,234,'2025-12-11 13:50:52'),(2187,106,20,74,'note_taking','{\"note_type\": \"text\", \"note_length\": 50}',59,674,'2025-12-05 13:50:52'),(2188,106,20,76,'focus_lost','{\"lost_at_position\": 500}',63,734,'2025-12-04 13:50:52'),(2189,106,20,77,'focus_regain','{\"focus_lost_duration\": 30000}',32,902,'2025-12-03 13:50:52'),(2190,106,20,75,'play','{\"action\": \"start\"}',72,19,'2025-11-14 13:50:52'),(2191,106,20,74,'play','{\"action\": \"start\"}',19,536,'2025-11-12 13:50:52'),(2192,106,20,75,'quiz_attempt','{\"quiz_type\": \"multiple_choice\"}',74,1120,'2025-11-24 13:50:52'),(2193,106,20,76,'speed_up','{\"new_speed\": 1.5, \"old_speed\": 1}',97,454,'2025-12-07 13:50:52'),(2194,106,20,76,'quiz_attempt','{\"quiz_type\": \"multiple_choice\"}',57,1177,'2025-11-15 13:50:53'),(2195,106,20,74,'note_taking','{\"note_type\": \"text\", \"note_length\": 50}',35,347,'2025-12-06 13:50:53'),(2196,106,20,77,'seek_forward','{\"skip_duration\": 30}',23,989,'2025-11-16 13:50:53'),(2197,106,20,74,'resource_download','{\"resource_type\": \"pdf\"}',57,983,'2025-11-30 13:50:53'),(2198,106,20,74,'quiz_attempt','{\"quiz_type\": \"multiple_choice\"}',12,930,'2025-11-14 13:50:53'),(2199,106,20,76,'resource_download','{\"resource_type\": \"pdf\"}',69,615,'2025-11-13 13:50:53'),(2200,106,20,77,'bookmark','{\"bookmark_position\": 300}',24,768,'2025-11-24 13:50:53'),(2201,106,20,74,'note_taking','{\"note_type\": \"text\", \"note_length\": 50}',102,716,'2025-12-02 13:50:53'),(2202,106,20,76,'question_ask','{\"question_type\": \"text\"}',0,1041,'2025-11-19 13:50:53'),(2203,106,20,75,'seek_backward','{\"rewind_duration\": 15}',67,368,'2025-12-11 13:50:53'),(2204,106,20,77,'discussion','{\"discussion_type\": \"comment\"}',10,857,'2025-12-05 13:50:53'),(2205,106,20,75,'speed_down','{\"new_speed\": 0.75, \"old_speed\": 1}',52,85,'2025-11-22 13:50:53'),(2206,106,20,74,'speed_up','{\"new_speed\": 1.5, \"old_speed\": 1}',37,688,'2025-12-03 13:50:53'),(2207,106,20,76,'quiz_attempt','{\"quiz_type\": \"multiple_choice\"}',116,486,'2025-12-02 13:50:53'),(2208,106,20,74,'focus_lost','{\"lost_at_position\": 500}',54,1153,'2025-11-17 13:50:53'),(2209,106,20,76,'discussion','{\"discussion_type\": \"comment\"}',46,1035,'2025-11-18 13:50:53'),(2210,106,20,77,'quiz_attempt','{\"quiz_type\": \"multiple_choice\"}',35,1152,'2025-11-24 13:50:53'),(2211,106,20,76,'bookmark','{\"bookmark_position\": 300}',117,18,'2025-12-11 13:50:53'),(2212,106,20,75,'quiz_attempt','{\"quiz_type\": \"multiple_choice\"}',90,528,'2025-12-05 13:50:53'),(2213,106,20,77,'seek_backward','{\"rewind_duration\": 15}',3,1163,'2025-11-29 13:50:53'),(2214,106,20,75,'focus_regain','{\"focus_lost_duration\": 30000}',82,50,'2025-11-28 13:50:53'),(2215,106,20,75,'speed_up','{\"new_speed\": 1.5, \"old_speed\": 1}',33,750,'2025-11-21 13:50:53'),(2216,106,20,75,'discussion','{\"discussion_type\": \"comment\"}',117,709,'2025-11-20 13:50:53'),(2217,106,20,76,'quiz_attempt','{\"quiz_type\": \"multiple_choice\"}',33,859,'2025-11-13 13:50:53'),(2218,106,20,75,'speed_down','{\"new_speed\": 0.75, \"old_speed\": 1}',27,699,'2025-12-06 13:50:53'),(2219,106,20,74,'resource_download','{\"resource_type\": \"pdf\"}',59,1053,'2025-12-03 13:50:53'),(2220,106,20,76,'play','{\"action\": \"start\"}',15,369,'2025-11-15 13:50:53'),(2221,106,20,75,'play','{\"action\": \"start\"}',112,270,'2025-12-02 13:50:53'),(2222,106,20,76,'seek_forward','{\"skip_duration\": 30}',87,1132,'2025-11-29 13:50:53'),(2223,106,20,74,'speed_down','{\"new_speed\": 0.75, \"old_speed\": 1}',64,553,'2025-11-20 13:50:53'),(2224,106,20,76,'chapter_complete','{\"completion_rate\": 100}',72,1068,'2025-11-24 13:50:53'),(2225,106,20,75,'bookmark','{\"bookmark_position\": 300}',117,852,'2025-12-09 13:50:53'),(2226,106,20,76,'pause','{\"reason\": \"user\"}',56,1088,'2025-11-24 13:50:53'),(2227,106,20,77,'pause','{\"reason\": \"user\"}',44,330,'2025-11-27 13:50:53'),(2228,106,20,74,'replay','{\"replay_duration\": 60}',0,1122,'2025-12-02 13:50:53'),(2229,106,20,75,'note_taking','{\"note_type\": \"text\", \"note_length\": 50}',113,356,'2025-11-29 13:50:53'),(2230,106,20,77,'focus_regain','{\"focus_lost_duration\": 30000}',83,1167,'2025-12-06 13:50:53'),(2231,106,20,76,'question_ask','{\"question_type\": \"text\"}',103,182,'2025-12-07 13:50:53'),(2232,106,20,75,'quiz_attempt','{\"quiz_type\": \"multiple_choice\"}',114,464,'2025-12-08 13:50:53'),(2233,6,20,76,'pause','{\"reason\": \"user\"}',6,30,'2025-11-17 13:50:53'),(2234,6,20,75,'quiz_attempt','{\"quiz_type\": \"multiple_choice\"}',111,567,'2025-12-03 13:50:53'),(2235,6,20,75,'speed_down','{\"new_speed\": 0.75, \"old_speed\": 1}',10,804,'2025-11-23 13:50:53'),(2236,6,20,76,'discussion','{\"discussion_type\": \"comment\"}',110,533,'2025-12-05 13:50:53'),(2237,6,20,77,'note_taking','{\"note_type\": \"text\", \"note_length\": 50}',97,1180,'2025-11-22 13:50:53'),(2238,6,20,76,'speed_up','{\"new_speed\": 1.5, \"old_speed\": 1}',46,964,'2025-11-21 13:50:53'),(2239,6,20,77,'pause','{\"reason\": \"user\"}',47,472,'2025-11-23 13:50:53'),(2240,6,20,74,'seek_forward','{\"skip_duration\": 30}',102,1013,'2025-11-14 13:50:53'),(2241,6,20,77,'resource_download','{\"resource_type\": \"pdf\"}',47,190,'2025-11-25 13:50:53'),(2242,6,20,75,'focus_lost','{\"lost_at_position\": 500}',67,931,'2025-11-20 13:50:53'),(2243,6,20,75,'speed_down','{\"new_speed\": 0.75, \"old_speed\": 1}',98,550,'2025-11-13 13:50:53'),(2244,6,20,75,'focus_regain','{\"focus_lost_duration\": 30000}',57,203,'2025-11-25 13:50:53'),(2245,6,20,77,'play','{\"action\": \"start\"}',20,685,'2025-12-10 13:50:53'),(2246,6,20,74,'focus_regain','{\"focus_lost_duration\": 30000}',30,687,'2025-12-07 13:50:53'),(2247,6,20,76,'bookmark','{\"bookmark_position\": 300}',1,1064,'2025-11-13 13:50:53'),(2248,6,20,77,'focus_regain','{\"focus_lost_duration\": 30000}',82,66,'2025-11-25 13:50:53'),(2249,6,20,77,'quiz_attempt','{\"quiz_type\": \"multiple_choice\"}',34,667,'2025-12-03 13:50:53'),(2250,6,20,76,'pause','{\"reason\": \"user\"}',4,159,'2025-11-26 13:50:53'),(2251,6,20,74,'chapter_complete','{\"completion_rate\": 100}',28,251,'2025-12-04 13:50:53'),(2252,6,20,76,'seek_forward','{\"skip_duration\": 30}',99,1016,'2025-11-29 13:50:53'),(2253,6,20,76,'question_ask','{\"question_type\": \"text\"}',65,203,'2025-11-25 13:50:53'),(2254,6,20,74,'question_ask','{\"question_type\": \"text\"}',63,561,'2025-11-17 13:50:53'),(2255,6,20,76,'note_taking','{\"note_type\": \"text\", \"note_length\": 50}',86,410,'2025-12-01 13:50:53'),(2256,6,20,77,'note_taking','{\"note_type\": \"text\", \"note_length\": 50}',105,533,'2025-12-03 13:50:53'),(2257,6,20,76,'question_ask','{\"question_type\": \"text\"}',6,652,'2025-12-09 13:50:53'),(2258,6,20,75,'speed_up','{\"new_speed\": 1.5, \"old_speed\": 1}',104,1021,'2025-11-17 13:50:53'),(2259,6,20,75,'bookmark','{\"bookmark_position\": 300}',21,457,'2025-11-24 13:50:53'),(2260,6,20,75,'play','{\"action\": \"start\"}',46,1195,'2025-11-12 13:50:53'),(2261,6,20,77,'quiz_attempt','{\"quiz_type\": \"multiple_choice\"}',42,692,'2025-12-08 13:50:53'),(2262,6,20,77,'bookmark','{\"bookmark_position\": 300}',47,697,'2025-11-12 13:50:53'),(2263,6,20,75,'play','{\"action\": \"start\"}',109,704,'2025-11-17 13:50:53'),(2264,6,20,75,'play','{\"action\": \"start\"}',8,708,'2025-12-04 13:50:53'),(2265,6,20,76,'focus_lost','{\"lost_at_position\": 500}',1,799,'2025-12-06 13:50:53'),(2266,6,20,74,'pause','{\"reason\": \"user\"}',76,1017,'2025-12-06 13:50:53'),(2267,6,20,75,'discussion','{\"discussion_type\": \"comment\"}',73,434,'2025-11-25 13:50:53'),(2268,6,20,74,'resource_download','{\"resource_type\": \"pdf\"}',13,1186,'2025-11-14 13:50:53'),(2269,6,20,75,'speed_down','{\"new_speed\": 0.75, \"old_speed\": 1}',76,1115,'2025-12-04 13:50:53'),(2270,6,20,74,'focus_regain','{\"focus_lost_duration\": 30000}',93,153,'2025-12-01 13:50:53'),(2271,6,20,77,'focus_regain','{\"focus_lost_duration\": 30000}',33,242,'2025-11-30 13:50:53'),(2272,6,20,77,'play','{\"action\": \"start\"}',2,509,'2025-12-09 13:50:53'),(2273,6,20,75,'question_ask','{\"question_type\": \"text\"}',38,517,'2025-12-04 13:50:53'),(2274,6,20,74,'speed_down','{\"new_speed\": 0.75, \"old_speed\": 1}',104,794,'2025-11-21 13:50:53'),(2275,6,20,77,'play','{\"action\": \"start\"}',61,736,'2025-11-30 13:50:53'),(2276,6,20,76,'seek_forward','{\"skip_duration\": 30}',60,852,'2025-12-08 13:50:53'),(2277,6,20,74,'quiz_attempt','{\"quiz_type\": \"multiple_choice\"}',62,211,'2025-11-25 13:50:53'),(2278,6,20,76,'chapter_complete','{\"completion_rate\": 100}',78,1197,'2025-12-04 13:50:53'),(2279,6,20,76,'play','{\"action\": \"start\"}',114,884,'2025-11-29 13:50:53'),(2280,6,20,75,'bookmark','{\"bookmark_position\": 300}',91,996,'2025-12-02 13:50:53'),(2281,6,20,77,'quiz_attempt','{\"quiz_type\": \"multiple_choice\"}',63,33,'2025-11-14 13:50:53'),(2282,6,20,76,'resource_download','{\"resource_type\": \"pdf\"}',103,1168,'2025-11-20 13:50:53'),(2283,6,20,75,'replay','{\"replay_duration\": 60}',28,877,'2025-11-21 13:50:53'),(2284,6,20,76,'discussion','{\"discussion_type\": \"comment\"}',23,1055,'2025-12-06 13:50:53'),(2285,6,20,76,'focus_regain','{\"focus_lost_duration\": 30000}',79,1181,'2025-11-26 13:50:53'),(2286,6,20,76,'question_ask','{\"question_type\": \"text\"}',106,102,'2025-12-01 13:50:53'),(2287,6,20,74,'focus_lost','{\"lost_at_position\": 500}',31,996,'2025-12-09 13:50:53'),(2288,6,20,75,'replay','{\"replay_duration\": 60}',16,832,'2025-11-26 13:50:53'),(2289,6,20,77,'question_ask','{\"question_type\": \"text\"}',1,889,'2025-11-21 13:50:53'),(2290,6,20,74,'discussion','{\"discussion_type\": \"comment\"}',28,10,'2025-12-11 13:50:53'),(2291,6,20,75,'play','{\"action\": \"start\"}',68,112,'2025-12-04 13:50:53'),(2292,6,20,77,'focus_regain','{\"focus_lost_duration\": 30000}',57,1013,'2025-12-09 13:50:53'),(2293,6,20,76,'seek_forward','{\"skip_duration\": 30}',72,511,'2025-11-14 13:50:53'),(2294,6,20,77,'bookmark','{\"bookmark_position\": 300}',6,1044,'2025-12-06 13:50:53'),(2295,6,20,75,'speed_down','{\"new_speed\": 0.75, \"old_speed\": 1}',80,765,'2025-12-01 13:50:53'),(2296,6,20,74,'focus_regain','{\"focus_lost_duration\": 30000}',35,245,'2025-12-05 13:50:53'),(2297,6,20,76,'discussion','{\"discussion_type\": \"comment\"}',90,209,'2025-11-14 13:50:53'),(2298,6,20,77,'focus_regain','{\"focus_lost_duration\": 30000}',2,314,'2025-11-14 13:50:53'),(2299,6,20,75,'resource_download','{\"resource_type\": \"pdf\"}',109,459,'2025-11-21 13:50:53'),(2300,6,20,77,'seek_backward','{\"rewind_duration\": 15}',5,663,'2025-11-23 13:50:53'),(2301,6,20,77,'replay','{\"replay_duration\": 60}',17,759,'2025-12-03 13:50:53'),(2302,6,20,76,'question_ask','{\"question_type\": \"text\"}',102,937,'2025-11-24 13:50:53'),(2303,6,20,75,'discussion','{\"discussion_type\": \"comment\"}',28,80,'2025-12-07 13:50:53'),(2304,6,20,75,'chapter_complete','{\"completion_rate\": 100}',109,926,'2025-12-10 13:50:53'),(2305,7,20,76,'discussion','{\"discussion_type\": \"comment\"}',1,232,'2025-12-08 13:50:53'),(2306,7,20,77,'seek_forward','{\"skip_duration\": 30}',32,734,'2025-11-14 13:50:53'),(2307,7,20,76,'chapter_complete','{\"completion_rate\": 100}',88,161,'2025-11-14 13:50:53'),(2308,7,20,74,'seek_forward','{\"skip_duration\": 30}',118,599,'2025-11-14 13:50:53'),(2309,7,20,77,'question_ask','{\"question_type\": \"text\"}',28,56,'2025-11-13 13:50:53'),(2310,7,20,76,'seek_forward','{\"skip_duration\": 30}',57,442,'2025-11-22 13:50:53'),(2311,7,20,76,'chapter_complete','{\"completion_rate\": 100}',87,311,'2025-11-23 13:50:54'),(2312,7,20,77,'resource_download','{\"resource_type\": \"pdf\"}',71,1071,'2025-12-10 13:50:54'),(2313,7,20,76,'question_ask','{\"question_type\": \"text\"}',42,468,'2025-11-30 13:50:54'),(2314,7,20,77,'discussion','{\"discussion_type\": \"comment\"}',0,464,'2025-12-01 13:50:54'),(2315,7,20,75,'question_ask','{\"question_type\": \"text\"}',94,1014,'2025-11-13 13:50:54'),(2316,7,20,77,'speed_up','{\"new_speed\": 1.5, \"old_speed\": 1}',40,662,'2025-12-08 13:50:54'),(2317,7,20,76,'seek_forward','{\"skip_duration\": 30}',101,340,'2025-11-18 13:50:54'),(2318,7,20,74,'discussion','{\"discussion_type\": \"comment\"}',5,1079,'2025-11-21 13:50:54'),(2319,7,20,75,'seek_forward','{\"skip_duration\": 30}',3,672,'2025-11-22 13:50:54'),(2320,7,20,75,'pause','{\"reason\": \"user\"}',93,973,'2025-11-15 13:50:54'),(2321,7,20,76,'resource_download','{\"resource_type\": \"pdf\"}',47,1096,'2025-11-22 13:50:54'),(2322,7,20,76,'speed_down','{\"new_speed\": 0.75, \"old_speed\": 1}',96,727,'2025-11-24 13:50:54'),(2323,7,20,76,'seek_backward','{\"rewind_duration\": 15}',77,521,'2025-11-29 13:50:54'),(2324,7,20,77,'speed_up','{\"new_speed\": 1.5, \"old_speed\": 1}',92,380,'2025-11-25 13:50:54'),(2325,7,20,74,'speed_up','{\"new_speed\": 1.5, \"old_speed\": 1}',33,150,'2025-11-22 13:50:54'),(2326,7,20,74,'note_taking','{\"note_type\": \"text\", \"note_length\": 50}',44,530,'2025-11-30 13:50:54'),(2327,7,20,75,'quiz_attempt','{\"quiz_type\": \"multiple_choice\"}',57,264,'2025-12-07 13:50:54'),(2328,7,20,76,'focus_regain','{\"focus_lost_duration\": 30000}',48,145,'2025-11-14 13:50:54'),(2329,7,20,75,'seek_backward','{\"rewind_duration\": 15}',57,312,'2025-11-26 13:50:54'),(2330,7,20,77,'play','{\"action\": \"start\"}',45,776,'2025-12-04 13:50:54'),(2331,7,20,77,'resource_download','{\"resource_type\": \"pdf\"}',8,1036,'2025-11-15 13:50:54'),(2332,7,20,75,'chapter_complete','{\"completion_rate\": 100}',13,101,'2025-12-03 13:50:54'),(2333,7,20,76,'note_taking','{\"note_type\": \"text\", \"note_length\": 50}',93,193,'2025-11-30 13:50:54'),(2334,7,20,75,'replay','{\"replay_duration\": 60}',76,971,'2025-11-18 13:50:54'),(2335,7,20,74,'quiz_attempt','{\"quiz_type\": \"multiple_choice\"}',60,700,'2025-11-16 13:50:54'),(2336,7,20,75,'focus_regain','{\"focus_lost_duration\": 30000}',51,55,'2025-12-08 13:50:54'),(2337,7,20,77,'resource_download','{\"resource_type\": \"pdf\"}',86,200,'2025-12-10 13:50:54'),(2338,7,20,76,'seek_forward','{\"skip_duration\": 30}',52,375,'2025-11-21 13:50:54'),(2339,7,20,74,'seek_backward','{\"rewind_duration\": 15}',60,959,'2025-11-29 13:50:54'),(2340,7,20,76,'speed_down','{\"new_speed\": 0.75, \"old_speed\": 1}',35,308,'2025-11-21 13:50:54'),(2341,7,20,77,'resource_download','{\"resource_type\": \"pdf\"}',3,868,'2025-12-03 13:50:54'),(2342,7,20,76,'quiz_attempt','{\"quiz_type\": \"multiple_choice\"}',114,701,'2025-11-15 13:50:54'),(2343,7,20,75,'resource_download','{\"resource_type\": \"pdf\"}',5,364,'2025-11-19 13:50:54'),(2344,7,20,77,'discussion','{\"discussion_type\": \"comment\"}',66,352,'2025-11-15 13:50:54'),(2345,7,20,74,'speed_down','{\"new_speed\": 0.75, \"old_speed\": 1}',41,298,'2025-11-13 13:50:54'),(2346,7,20,74,'question_ask','{\"question_type\": \"text\"}',47,189,'2025-11-15 13:50:54'),(2347,7,20,75,'replay','{\"replay_duration\": 60}',92,503,'2025-11-24 13:50:54'),(2348,7,20,76,'chapter_complete','{\"completion_rate\": 100}',95,812,'2025-11-12 13:50:54'),(2349,7,20,76,'pause','{\"reason\": \"user\"}',25,959,'2025-12-01 13:50:54'),(2350,7,20,76,'speed_down','{\"new_speed\": 0.75, \"old_speed\": 1}',117,974,'2025-11-22 13:50:54'),(2351,7,20,76,'quiz_attempt','{\"quiz_type\": \"multiple_choice\"}',69,898,'2025-11-15 13:50:54'),(2352,7,20,76,'play','{\"action\": \"start\"}',53,459,'2025-11-27 13:50:54'),(2353,7,20,74,'pause','{\"reason\": \"user\"}',71,548,'2025-11-17 13:50:54'),(2354,7,20,77,'quiz_attempt','{\"quiz_type\": \"multiple_choice\"}',7,237,'2025-11-26 13:50:54'),(2355,7,20,75,'seek_forward','{\"skip_duration\": 30}',82,933,'2025-12-07 13:50:54'),(2356,7,20,74,'bookmark','{\"bookmark_position\": 300}',10,80,'2025-12-07 13:50:54'),(2357,7,20,74,'discussion','{\"discussion_type\": \"comment\"}',31,221,'2025-12-02 13:50:54'),(2358,7,20,77,'bookmark','{\"bookmark_position\": 300}',49,861,'2025-11-15 13:50:54'),(2359,7,20,75,'replay','{\"replay_duration\": 60}',105,856,'2025-11-13 13:50:54'),(2360,7,20,77,'pause','{\"reason\": \"user\"}',94,814,'2025-11-12 13:50:54'),(2361,7,20,75,'note_taking','{\"note_type\": \"text\", \"note_length\": 50}',25,158,'2025-11-14 13:50:54'),(2362,7,20,74,'discussion','{\"discussion_type\": \"comment\"}',84,1128,'2025-12-01 13:50:54'),(2363,7,20,75,'speed_down','{\"new_speed\": 0.75, \"old_speed\": 1}',84,308,'2025-12-06 13:50:54'),(2364,7,20,77,'speed_up','{\"new_speed\": 1.5, \"old_speed\": 1}',26,1004,'2025-11-29 13:50:54'),(2365,7,20,74,'question_ask','{\"question_type\": \"text\"}',20,58,'2025-11-18 13:50:54'),(2366,7,20,74,'play','{\"action\": \"start\"}',32,32,'2025-11-29 13:50:54'),(2367,7,20,77,'bookmark','{\"bookmark_position\": 300}',26,797,'2025-12-07 13:50:54'),(2368,7,20,77,'pause','{\"reason\": \"user\"}',83,1003,'2025-11-19 13:50:54'),(2369,7,20,75,'speed_up','{\"new_speed\": 1.5, \"old_speed\": 1}',87,481,'2025-12-11 13:50:54'),(2370,7,20,75,'focus_lost','{\"lost_at_position\": 500}',2,433,'2025-12-05 13:50:54'),(2371,7,20,76,'discussion','{\"discussion_type\": \"comment\"}',83,806,'2025-11-25 13:50:54'),(2372,7,20,74,'chapter_complete','{\"completion_rate\": 100}',20,667,'2025-11-30 13:50:54'),(2373,7,20,76,'seek_backward','{\"rewind_duration\": 15}',99,130,'2025-11-13 13:50:54'),(2374,7,20,76,'pause','{\"reason\": \"user\"}',104,1066,'2025-11-27 13:50:54'),(2375,7,20,76,'resource_download','{\"resource_type\": \"pdf\"}',54,832,'2025-11-24 13:50:54'),(2376,7,20,74,'speed_down','{\"new_speed\": 0.75, \"old_speed\": 1}',34,384,'2025-12-05 13:50:54'),(2377,7,20,75,'focus_regain','{\"focus_lost_duration\": 30000}',92,461,'2025-12-01 13:50:54'),(2378,7,20,74,'focus_regain','{\"focus_lost_duration\": 30000}',113,316,'2025-11-18 13:50:54'),(2379,7,20,75,'bookmark','{\"bookmark_position\": 300}',101,873,'2025-11-18 13:50:54'),(2380,7,20,77,'speed_down','{\"new_speed\": 0.75, \"old_speed\": 1}',110,629,'2025-11-24 13:50:54'),(2381,7,20,74,'bookmark','{\"bookmark_position\": 300}',60,1163,'2025-11-14 13:50:54'),(2382,7,20,77,'speed_up','{\"new_speed\": 1.5, \"old_speed\": 1}',28,947,'2025-12-05 13:50:54'),(2383,7,20,76,'play','{\"action\": \"start\"}',45,944,'2025-11-19 13:50:54'),(2384,7,20,77,'seek_backward','{\"rewind_duration\": 15}',71,762,'2025-12-07 13:50:54'),(2385,7,20,75,'speed_down','{\"new_speed\": 0.75, \"old_speed\": 1}',24,86,'2025-12-01 13:50:54'),(2386,7,20,75,'speed_down','{\"new_speed\": 0.75, \"old_speed\": 1}',111,583,'2025-11-29 13:50:54'),(2387,7,20,76,'quiz_attempt','{\"quiz_type\": \"multiple_choice\"}',36,614,'2025-11-13 13:50:54'),(2388,7,20,75,'focus_lost','{\"lost_at_position\": 500}',9,47,'2025-11-21 13:50:54'),(2389,7,20,77,'speed_down','{\"new_speed\": 0.75, \"old_speed\": 1}',44,391,'2025-11-13 13:50:54'),(2390,7,20,75,'replay','{\"replay_duration\": 60}',60,905,'2025-11-13 13:50:54'),(2391,7,20,75,'quiz_attempt','{\"quiz_type\": \"multiple_choice\"}',2,1130,'2025-12-09 13:50:54'),(2392,7,20,77,'resource_download','{\"resource_type\": \"pdf\"}',79,280,'2025-11-25 13:50:54'),(2393,7,20,77,'resource_download','{\"resource_type\": \"pdf\"}',13,582,'2025-11-12 13:50:54'),(2394,7,20,77,'chapter_complete','{\"completion_rate\": 100}',3,530,'2025-11-30 13:50:54'),(2395,7,20,76,'note_taking','{\"note_type\": \"text\", \"note_length\": 50}',28,179,'2025-12-03 13:50:54'),(2396,7,20,74,'replay','{\"replay_duration\": 60}',26,634,'2025-11-18 13:50:54'),(2397,7,20,77,'chapter_complete','{\"completion_rate\": 100}',15,39,'2025-12-09 13:50:54'),(2398,7,20,75,'speed_down','{\"new_speed\": 0.75, \"old_speed\": 1}',55,173,'2025-11-25 13:50:54'),(2399,7,20,74,'chapter_complete','{\"completion_rate\": 100}',94,524,'2025-12-05 13:50:54'),(2400,7,20,77,'note_taking','{\"note_type\": \"text\", \"note_length\": 50}',49,331,'2025-12-11 13:50:54'),(2401,7,20,75,'resource_download','{\"resource_type\": \"pdf\"}',76,313,'2025-11-29 13:50:54'),(2402,7,20,75,'seek_forward','{\"skip_duration\": 30}',53,529,'2025-11-17 13:50:54'),(2403,7,20,74,'seek_backward','{\"rewind_duration\": 15}',105,629,'2025-11-15 13:50:54'),(2404,7,20,74,'question_ask','{\"question_type\": \"text\"}',20,746,'2025-11-16 13:50:54'),(2405,8,20,75,'discussion','{\"discussion_type\": \"comment\"}',44,927,'2025-11-15 13:50:54'),(2406,8,20,74,'speed_down','{\"new_speed\": 0.75, \"old_speed\": 1}',82,852,'2025-12-06 13:50:54'),(2407,8,20,74,'focus_lost','{\"lost_at_position\": 500}',116,136,'2025-11-26 13:50:54'),(2408,8,20,76,'question_ask','{\"question_type\": \"text\"}',90,611,'2025-12-05 13:50:54'),(2409,8,20,75,'speed_down','{\"new_speed\": 0.75, \"old_speed\": 1}',52,593,'2025-11-27 13:50:54'),(2410,8,20,76,'speed_down','{\"new_speed\": 0.75, \"old_speed\": 1}',34,864,'2025-11-12 13:50:54'),(2411,8,20,75,'quiz_attempt','{\"quiz_type\": \"multiple_choice\"}',53,968,'2025-11-24 13:50:54'),(2412,8,20,77,'play','{\"action\": \"start\"}',26,510,'2025-11-14 13:50:54'),(2413,8,20,77,'chapter_complete','{\"completion_rate\": 100}',117,788,'2025-12-06 13:50:54'),(2414,8,20,75,'focus_lost','{\"lost_at_position\": 500}',46,395,'2025-11-29 13:50:54'),(2415,8,20,76,'seek_backward','{\"rewind_duration\": 15}',111,648,'2025-11-24 13:50:54'),(2416,8,20,76,'question_ask','{\"question_type\": \"text\"}',55,1099,'2025-11-24 13:50:54'),(2417,8,20,75,'focus_regain','{\"focus_lost_duration\": 30000}',63,77,'2025-11-12 13:50:54'),(2418,8,20,75,'speed_up','{\"new_speed\": 1.5, \"old_speed\": 1}',30,609,'2025-11-30 13:50:54'),(2419,8,20,75,'resource_download','{\"resource_type\": \"pdf\"}',69,1059,'2025-11-14 13:50:54'),(2420,8,20,74,'seek_forward','{\"skip_duration\": 30}',42,424,'2025-11-22 13:50:55'),(2421,8,20,77,'quiz_attempt','{\"quiz_type\": \"multiple_choice\"}',9,262,'2025-12-10 13:50:55'),(2422,8,20,74,'focus_lost','{\"lost_at_position\": 500}',74,117,'2025-11-25 13:50:55'),(2423,8,20,74,'pause','{\"reason\": \"user\"}',96,854,'2025-11-19 13:50:55'),(2424,8,20,75,'replay','{\"replay_duration\": 60}',30,1001,'2025-11-23 13:50:55'),(2425,8,20,76,'pause','{\"reason\": \"user\"}',72,901,'2025-11-14 13:50:55'),(2426,8,20,74,'resource_download','{\"resource_type\": \"pdf\"}',67,130,'2025-12-05 13:50:55'),(2427,8,20,77,'question_ask','{\"question_type\": \"text\"}',17,560,'2025-12-08 13:50:55'),(2428,8,20,74,'seek_backward','{\"rewind_duration\": 15}',119,530,'2025-11-18 13:50:55'),(2429,8,20,75,'quiz_attempt','{\"quiz_type\": \"multiple_choice\"}',55,738,'2025-12-06 13:50:55'),(2430,8,20,77,'question_ask','{\"question_type\": \"text\"}',28,805,'2025-11-13 13:50:55'),(2431,8,20,75,'speed_down','{\"new_speed\": 0.75, \"old_speed\": 1}',87,873,'2025-12-09 13:50:55'),(2432,8,20,74,'speed_up','{\"new_speed\": 1.5, \"old_speed\": 1}',67,973,'2025-12-02 13:50:55'),(2433,8,20,75,'chapter_complete','{\"completion_rate\": 100}',20,700,'2025-11-21 13:50:55'),(2434,8,20,77,'replay','{\"replay_duration\": 60}',87,626,'2025-12-04 13:50:55'),(2435,8,20,75,'play','{\"action\": \"start\"}',41,1137,'2025-11-23 13:50:55'),(2436,8,20,77,'pause','{\"reason\": \"user\"}',26,803,'2025-12-02 13:50:55'),(2437,8,20,76,'seek_forward','{\"skip_duration\": 30}',39,1009,'2025-11-27 13:50:55'),(2438,8,20,77,'speed_up','{\"new_speed\": 1.5, \"old_speed\": 1}',83,855,'2025-12-03 13:50:55'),(2439,8,20,75,'play','{\"action\": \"start\"}',59,953,'2025-11-29 13:50:55'),(2440,8,20,75,'chapter_complete','{\"completion_rate\": 100}',64,1169,'2025-11-26 13:50:55'),(2441,8,20,77,'discussion','{\"discussion_type\": \"comment\"}',23,912,'2025-11-12 13:50:55'),(2442,8,20,77,'seek_forward','{\"skip_duration\": 30}',117,432,'2025-12-01 13:50:55'),(2443,8,20,76,'question_ask','{\"question_type\": \"text\"}',41,496,'2025-11-21 13:50:55'),(2444,8,20,76,'pause','{\"reason\": \"user\"}',103,462,'2025-11-17 13:50:55'),(2445,8,20,77,'discussion','{\"discussion_type\": \"comment\"}',72,295,'2025-11-19 13:50:55'),(2446,8,20,76,'pause','{\"reason\": \"user\"}',0,587,'2025-11-17 13:50:55'),(2447,8,20,74,'pause','{\"reason\": \"user\"}',77,569,'2025-11-16 13:50:55'),(2448,8,20,74,'focus_lost','{\"lost_at_position\": 500}',65,1182,'2025-12-02 13:50:55'),(2449,8,20,76,'chapter_complete','{\"completion_rate\": 100}',77,873,'2025-12-02 13:50:55'),(2450,8,20,74,'question_ask','{\"question_type\": \"text\"}',88,886,'2025-12-03 13:50:55'),(2451,8,20,76,'speed_down','{\"new_speed\": 0.75, \"old_speed\": 1}',58,414,'2025-11-28 13:50:55'),(2452,8,20,76,'replay','{\"replay_duration\": 60}',89,915,'2025-12-07 13:50:55'),(2453,8,20,77,'chapter_complete','{\"completion_rate\": 100}',49,415,'2025-11-27 13:50:55'),(2454,8,20,74,'question_ask','{\"question_type\": \"text\"}',18,1177,'2025-12-05 13:50:55'),(2455,8,20,77,'bookmark','{\"bookmark_position\": 300}',79,592,'2025-12-03 13:50:55'),(2456,8,20,74,'speed_down','{\"new_speed\": 0.75, \"old_speed\": 1}',61,1199,'2025-11-27 13:50:55'),(2457,8,20,75,'quiz_attempt','{\"quiz_type\": \"multiple_choice\"}',81,48,'2025-11-27 13:50:55'),(2458,8,20,76,'speed_down','{\"new_speed\": 0.75, \"old_speed\": 1}',58,826,'2025-12-09 13:50:55'),(2459,8,20,77,'quiz_attempt','{\"quiz_type\": \"multiple_choice\"}',16,191,'2025-11-23 13:50:55'),(2460,8,20,74,'chapter_complete','{\"completion_rate\": 100}',101,583,'2025-12-03 13:50:55'),(2461,8,20,76,'focus_lost','{\"lost_at_position\": 500}',23,997,'2025-12-01 13:50:55'),(2462,8,20,74,'quiz_attempt','{\"quiz_type\": \"multiple_choice\"}',41,301,'2025-11-12 13:50:55'),(2463,8,20,74,'quiz_attempt','{\"quiz_type\": \"multiple_choice\"}',79,182,'2025-12-08 13:50:55'),(2464,8,20,77,'discussion','{\"discussion_type\": \"comment\"}',119,137,'2025-11-13 13:50:55'),(2465,8,20,74,'play','{\"action\": \"start\"}',1,347,'2025-11-23 13:50:55'),(2466,8,20,74,'replay','{\"replay_duration\": 60}',83,812,'2025-11-18 13:50:55'),(2467,8,20,76,'replay','{\"replay_duration\": 60}',109,223,'2025-11-23 13:50:55'),(2468,8,20,76,'discussion','{\"discussion_type\": \"comment\"}',112,1154,'2025-11-26 13:50:55'),(2469,8,20,74,'focus_lost','{\"lost_at_position\": 500}',89,312,'2025-12-10 13:50:55'),(2470,8,20,76,'question_ask','{\"question_type\": \"text\"}',17,944,'2025-11-16 13:50:55'),(2471,8,20,75,'discussion','{\"discussion_type\": \"comment\"}',19,770,'2025-11-12 13:50:55'),(2472,8,20,77,'play','{\"action\": \"start\"}',43,175,'2025-11-15 13:50:55'),(2473,8,20,75,'chapter_complete','{\"completion_rate\": 100}',24,962,'2025-11-22 13:50:55'),(2474,8,20,77,'speed_up','{\"new_speed\": 1.5, \"old_speed\": 1}',74,939,'2025-11-20 13:50:55'),(2475,8,20,75,'speed_down','{\"new_speed\": 0.75, \"old_speed\": 1}',103,1194,'2025-12-09 13:50:55'),(2476,8,20,75,'speed_up','{\"new_speed\": 1.5, \"old_speed\": 1}',48,736,'2025-12-08 13:50:55'),(2477,8,20,76,'replay','{\"replay_duration\": 60}',65,768,'2025-12-02 13:50:55'),(2478,8,20,77,'question_ask','{\"question_type\": \"text\"}',67,616,'2025-11-20 13:50:55'),(2479,8,20,76,'pause','{\"reason\": \"user\"}',97,516,'2025-11-18 13:50:55'),(2480,8,20,77,'speed_up','{\"new_speed\": 1.5, \"old_speed\": 1}',118,17,'2025-11-23 13:50:55'),(2481,8,20,75,'pause','{\"reason\": \"user\"}',2,959,'2025-12-10 13:50:55'),(2482,8,20,75,'bookmark','{\"bookmark_position\": 300}',96,1062,'2025-11-16 13:50:55'),(2483,8,20,77,'seek_backward','{\"rewind_duration\": 15}',22,336,'2025-11-30 13:50:55'),(2484,8,20,77,'speed_down','{\"new_speed\": 0.75, \"old_speed\": 1}',52,72,'2025-11-28 13:50:55'),(2485,8,20,74,'resource_download','{\"resource_type\": \"pdf\"}',51,555,'2025-12-08 13:50:55'),(2486,8,20,75,'speed_down','{\"new_speed\": 0.75, \"old_speed\": 1}',82,85,'2025-11-23 13:50:55'),(2487,8,20,75,'replay','{\"replay_duration\": 60}',9,340,'2025-12-04 13:50:55'),(2488,8,20,76,'quiz_attempt','{\"quiz_type\": \"multiple_choice\"}',44,893,'2025-11-15 13:50:55'),(2489,8,20,74,'question_ask','{\"question_type\": \"text\"}',87,283,'2025-12-08 13:50:55'),(2490,8,20,75,'discussion','{\"discussion_type\": \"comment\"}',113,321,'2025-12-07 13:50:55'),(2491,8,20,76,'pause','{\"reason\": \"user\"}',95,378,'2025-12-09 13:50:55'),(2492,8,20,75,'discussion','{\"discussion_type\": \"comment\"}',72,117,'2025-12-07 13:50:55'),(2493,8,20,77,'question_ask','{\"question_type\": \"text\"}',6,102,'2025-11-29 13:50:55'),(2494,8,20,77,'play','{\"action\": \"start\"}',66,1098,'2025-11-21 13:50:55'),(2495,8,20,75,'chapter_complete','{\"completion_rate\": 100}',70,626,'2025-11-14 13:50:55'),(2496,8,20,74,'seek_forward','{\"skip_duration\": 30}',42,1098,'2025-12-02 13:50:55'),(2497,8,20,75,'play','{\"action\": \"start\"}',90,128,'2025-12-02 13:50:55'),(2498,8,20,77,'play','{\"action\": \"start\"}',31,262,'2025-11-15 13:50:55'),(2499,8,20,77,'quiz_attempt','{\"quiz_type\": \"multiple_choice\"}',36,1028,'2025-12-02 13:50:55'),(2500,8,20,77,'seek_forward','{\"skip_duration\": 30}',38,750,'2025-12-10 13:50:55'),(2501,8,20,76,'seek_backward','{\"rewind_duration\": 15}',84,1189,'2025-11-27 13:50:55'),(2502,8,20,74,'speed_up','{\"new_speed\": 1.5, \"old_speed\": 1}',95,1187,'2025-11-13 13:50:55'),(2503,8,20,76,'bookmark','{\"bookmark_position\": 300}',101,379,'2025-11-16 13:50:55'),(2504,8,20,77,'speed_down','{\"new_speed\": 0.75, \"old_speed\": 1}',20,329,'2025-11-24 13:50:55'),(2505,9,20,76,'seek_forward','{\"skip_duration\": 30}',57,305,'2025-11-26 13:50:55'),(2506,9,20,76,'play','{\"action\": \"start\"}',47,610,'2025-12-01 13:50:55'),(2507,9,20,76,'replay','{\"replay_duration\": 60}',31,1067,'2025-12-06 13:50:55'),(2508,9,20,77,'resource_download','{\"resource_type\": \"pdf\"}',49,2,'2025-11-25 13:50:55'),(2509,9,20,76,'seek_backward','{\"rewind_duration\": 15}',84,1067,'2025-11-20 13:50:55'),(2510,9,20,77,'chapter_complete','{\"completion_rate\": 100}',37,384,'2025-12-03 13:50:55'),(2511,9,20,75,'pause','{\"reason\": \"user\"}',72,146,'2025-11-18 13:50:55'),(2512,9,20,77,'seek_backward','{\"rewind_duration\": 15}',80,1016,'2025-11-23 13:50:55'),(2513,9,20,75,'play','{\"action\": \"start\"}',79,486,'2025-11-25 13:50:55'),(2514,9,20,76,'speed_up','{\"new_speed\": 1.5, \"old_speed\": 1}',19,11,'2025-11-29 13:50:55'),(2515,9,20,77,'focus_regain','{\"focus_lost_duration\": 30000}',59,1183,'2025-11-20 13:50:55'),(2516,9,20,74,'question_ask','{\"question_type\": \"text\"}',19,842,'2025-11-16 13:50:55'),(2517,9,20,77,'seek_forward','{\"skip_duration\": 30}',83,1181,'2025-11-13 13:50:55'),(2518,9,20,74,'seek_forward','{\"skip_duration\": 30}',77,1159,'2025-11-19 13:50:55'),(2519,9,20,76,'chapter_complete','{\"completion_rate\": 100}',1,334,'2025-12-09 13:50:55'),(2520,9,20,75,'speed_up','{\"new_speed\": 1.5, \"old_speed\": 1}',37,1070,'2025-12-05 13:50:55'),(2521,9,20,75,'focus_lost','{\"lost_at_position\": 500}',47,46,'2025-11-28 13:50:55'),(2522,9,20,76,'focus_lost','{\"lost_at_position\": 500}',67,115,'2025-12-02 13:50:55'),(2523,9,20,74,'note_taking','{\"note_type\": \"text\", \"note_length\": 50}',31,670,'2025-11-22 13:50:55'),(2524,9,20,75,'pause','{\"reason\": \"user\"}',73,466,'2025-12-01 13:50:55'),(2525,9,20,76,'seek_backward','{\"rewind_duration\": 15}',71,470,'2025-11-12 13:50:55'),(2526,9,20,74,'focus_regain','{\"focus_lost_duration\": 30000}',79,73,'2025-11-15 13:50:55'),(2527,9,20,75,'speed_up','{\"new_speed\": 1.5, \"old_speed\": 1}',57,297,'2025-11-26 13:50:55'),(2528,9,20,77,'seek_backward','{\"rewind_duration\": 15}',43,692,'2025-12-02 13:50:55'),(2529,9,20,76,'bookmark','{\"bookmark_position\": 300}',90,989,'2025-11-29 13:50:55'),(2530,9,20,74,'bookmark','{\"bookmark_position\": 300}',112,104,'2025-12-10 13:50:55'),(2531,9,20,74,'resource_download','{\"resource_type\": \"pdf\"}',80,112,'2025-12-10 13:50:55'),(2532,9,20,76,'pause','{\"reason\": \"user\"}',47,1068,'2025-11-26 13:50:55'),(2533,9,20,75,'replay','{\"replay_duration\": 60}',1,919,'2025-11-27 13:50:55'),(2534,9,20,75,'question_ask','{\"question_type\": \"text\"}',4,328,'2025-11-24 13:50:55'),(2535,9,20,77,'quiz_attempt','{\"quiz_type\": \"multiple_choice\"}',26,730,'2025-11-17 13:50:55'),(2536,9,20,77,'bookmark','{\"bookmark_position\": 300}',102,1032,'2025-11-28 13:50:55'),(2537,9,20,77,'pause','{\"reason\": \"user\"}',14,255,'2025-11-28 13:50:55'),(2538,9,20,76,'replay','{\"replay_duration\": 60}',92,600,'2025-11-30 13:50:55'),(2539,9,20,77,'question_ask','{\"question_type\": \"text\"}',104,1106,'2025-11-30 13:50:55'),(2540,9,20,74,'seek_backward','{\"rewind_duration\": 15}',12,536,'2025-12-01 13:50:55'),(2541,9,20,75,'speed_down','{\"new_speed\": 0.75, \"old_speed\": 1}',107,1029,'2025-11-15 13:50:55'),(2542,9,20,77,'seek_forward','{\"skip_duration\": 30}',39,357,'2025-11-29 13:50:55'),(2543,9,20,77,'note_taking','{\"note_type\": \"text\", \"note_length\": 50}',56,1142,'2025-12-04 13:50:55'),(2544,9,20,77,'focus_lost','{\"lost_at_position\": 500}',85,80,'2025-11-28 13:50:55'),(2545,9,20,76,'speed_down','{\"new_speed\": 0.75, \"old_speed\": 1}',119,707,'2025-11-16 13:50:55'),(2546,9,20,77,'play','{\"action\": \"start\"}',23,810,'2025-11-30 13:50:55'),(2547,9,20,77,'quiz_attempt','{\"quiz_type\": \"multiple_choice\"}',114,948,'2025-12-02 13:50:55'),(2548,9,20,74,'bookmark','{\"bookmark_position\": 300}',14,816,'2025-11-14 13:50:55'),(2549,9,20,77,'chapter_complete','{\"completion_rate\": 100}',92,446,'2025-12-08 13:50:55'),(2550,9,20,76,'play','{\"action\": \"start\"}',38,1197,'2025-11-19 13:50:55'),(2551,9,20,76,'resource_download','{\"resource_type\": \"pdf\"}',60,384,'2025-12-11 13:50:55'),(2552,9,20,74,'play','{\"action\": \"start\"}',35,205,'2025-11-23 13:50:55'),(2553,9,20,76,'replay','{\"replay_duration\": 60}',58,508,'2025-11-29 13:50:55'),(2554,9,20,74,'play','{\"action\": \"start\"}',49,384,'2025-12-08 13:50:55'),(2555,9,20,77,'discussion','{\"discussion_type\": \"comment\"}',50,215,'2025-11-26 13:50:55'),(2556,9,20,75,'speed_down','{\"new_speed\": 0.75, \"old_speed\": 1}',72,782,'2025-11-12 13:50:55'),(2557,9,20,74,'quiz_attempt','{\"quiz_type\": \"multiple_choice\"}',22,398,'2025-11-27 13:50:55'),(2558,9,20,74,'replay','{\"replay_duration\": 60}',102,877,'2025-11-30 13:50:55'),(2559,9,20,75,'focus_regain','{\"focus_lost_duration\": 30000}',37,384,'2025-12-07 13:50:55'),(2560,9,20,75,'speed_up','{\"new_speed\": 1.5, \"old_speed\": 1}',78,10,'2025-11-30 13:50:55'),(2561,9,20,77,'pause','{\"reason\": \"user\"}',102,1037,'2025-12-09 13:50:56'),(2562,9,20,76,'discussion','{\"discussion_type\": \"comment\"}',119,257,'2025-11-13 13:50:56'),(2563,9,20,75,'speed_down','{\"new_speed\": 0.75, \"old_speed\": 1}',34,988,'2025-12-07 13:50:56'),(2564,9,20,75,'question_ask','{\"question_type\": \"text\"}',35,138,'2025-11-20 13:50:56'),(2565,9,20,76,'chapter_complete','{\"completion_rate\": 100}',85,210,'2025-12-07 13:50:56'),(2566,9,20,77,'seek_backward','{\"rewind_duration\": 15}',106,441,'2025-11-26 13:50:56'),(2567,9,20,74,'replay','{\"replay_duration\": 60}',75,153,'2025-11-30 13:50:56'),(2568,9,20,74,'bookmark','{\"bookmark_position\": 300}',90,798,'2025-11-14 13:50:56'),(2569,9,20,74,'seek_forward','{\"skip_duration\": 30}',12,867,'2025-12-01 13:50:56'),(2570,9,20,75,'replay','{\"replay_duration\": 60}',91,936,'2025-12-03 13:50:56'),(2571,9,20,75,'play','{\"action\": \"start\"}',95,143,'2025-12-06 13:50:56'),(2572,9,20,75,'bookmark','{\"bookmark_position\": 300}',43,879,'2025-11-13 13:50:56'),(2573,9,20,74,'quiz_attempt','{\"quiz_type\": \"multiple_choice\"}',97,160,'2025-12-10 13:50:56'),(2574,9,20,77,'speed_down','{\"new_speed\": 0.75, \"old_speed\": 1}',76,29,'2025-11-29 13:50:56'),(2575,9,20,74,'speed_down','{\"new_speed\": 0.75, \"old_speed\": 1}',55,569,'2025-11-15 13:50:56'),(2576,9,20,76,'resource_download','{\"resource_type\": \"pdf\"}',15,377,'2025-12-03 13:50:56'),(2577,9,20,75,'resource_download','{\"resource_type\": \"pdf\"}',99,706,'2025-11-19 13:50:56'),(2578,9,20,74,'chapter_complete','{\"completion_rate\": 100}',108,620,'2025-12-06 13:50:56'),(2579,9,20,76,'bookmark','{\"bookmark_position\": 300}',1,720,'2025-12-03 13:50:56'),(2580,9,20,75,'speed_up','{\"new_speed\": 1.5, \"old_speed\": 1}',50,788,'2025-12-10 13:50:56'),(2581,9,20,74,'quiz_attempt','{\"quiz_type\": \"multiple_choice\"}',14,635,'2025-12-07 13:50:56'),(2582,9,20,76,'question_ask','{\"question_type\": \"text\"}',104,816,'2025-11-25 13:50:56'),(2583,9,20,75,'note_taking','{\"note_type\": \"text\", \"note_length\": 50}',6,1196,'2025-11-17 13:50:56'),(2584,10,20,74,'seek_backward','{\"rewind_duration\": 15}',113,125,'2025-12-06 13:50:56'),(2585,10,20,75,'replay','{\"replay_duration\": 60}',110,197,'2025-11-19 13:50:56'),(2586,10,20,75,'seek_forward','{\"skip_duration\": 30}',38,906,'2025-11-27 13:50:56'),(2587,10,20,77,'replay','{\"replay_duration\": 60}',11,912,'2025-11-29 13:50:56'),(2588,10,20,76,'speed_up','{\"new_speed\": 1.5, \"old_speed\": 1}',22,427,'2025-11-27 13:50:56'),(2589,10,20,76,'replay','{\"replay_duration\": 60}',39,869,'2025-11-28 13:50:56'),(2590,10,20,77,'seek_forward','{\"skip_duration\": 30}',43,1004,'2025-11-13 13:50:56'),(2591,10,20,74,'pause','{\"reason\": \"user\"}',34,245,'2025-12-10 13:50:56'),(2592,10,20,74,'replay','{\"replay_duration\": 60}',112,784,'2025-11-12 13:50:56'),(2593,10,20,74,'discussion','{\"discussion_type\": \"comment\"}',57,814,'2025-12-10 13:50:56'),(2594,10,20,74,'note_taking','{\"note_type\": \"text\", \"note_length\": 50}',27,859,'2025-12-03 13:50:56'),(2595,10,20,77,'speed_up','{\"new_speed\": 1.5, \"old_speed\": 1}',20,1155,'2025-12-06 13:50:56'),(2596,10,20,76,'replay','{\"replay_duration\": 60}',60,896,'2025-11-27 13:50:56'),(2597,10,20,76,'resource_download','{\"resource_type\": \"pdf\"}',32,519,'2025-12-02 13:50:56'),(2598,10,20,75,'play','{\"action\": \"start\"}',116,382,'2025-11-28 13:50:56'),(2599,10,20,75,'bookmark','{\"bookmark_position\": 300}',26,601,'2025-11-30 13:50:56'),(2600,10,20,76,'quiz_attempt','{\"quiz_type\": \"multiple_choice\"}',97,559,'2025-11-15 13:50:56'),(2601,10,20,74,'focus_regain','{\"focus_lost_duration\": 30000}',56,1,'2025-12-11 13:50:56'),(2602,10,20,75,'pause','{\"reason\": \"user\"}',116,967,'2025-11-17 13:50:56'),(2603,10,20,76,'question_ask','{\"question_type\": \"text\"}',14,1108,'2025-12-11 13:50:56'),(2604,10,20,77,'quiz_attempt','{\"quiz_type\": \"multiple_choice\"}',57,389,'2025-11-30 13:50:56'),(2605,10,20,74,'replay','{\"replay_duration\": 60}',38,92,'2025-11-15 13:50:56'),(2606,10,20,74,'seek_forward','{\"skip_duration\": 30}',8,61,'2025-12-07 13:50:56'),(2607,10,20,77,'seek_forward','{\"skip_duration\": 30}',16,27,'2025-11-15 13:50:56'),(2608,10,20,76,'pause','{\"reason\": \"user\"}',62,753,'2025-11-27 13:50:56'),(2609,10,20,74,'pause','{\"reason\": \"user\"}',16,10,'2025-12-11 13:50:56'),(2610,10,20,75,'chapter_complete','{\"completion_rate\": 100}',93,737,'2025-11-14 13:50:56'),(2611,10,20,75,'bookmark','{\"bookmark_position\": 300}',17,930,'2025-11-18 13:50:56'),(2612,10,20,74,'bookmark','{\"bookmark_position\": 300}',16,642,'2025-11-27 13:50:56'),(2613,10,20,74,'focus_lost','{\"lost_at_position\": 500}',47,558,'2025-11-19 13:50:56'),(2614,10,20,74,'seek_backward','{\"rewind_duration\": 15}',117,566,'2025-12-04 13:50:56'),(2615,10,20,74,'pause','{\"reason\": \"user\"}',14,185,'2025-11-16 13:50:56'),(2616,10,20,74,'replay','{\"replay_duration\": 60}',2,858,'2025-12-01 13:50:56'),(2617,10,20,75,'discussion','{\"discussion_type\": \"comment\"}',21,168,'2025-12-11 13:50:56'),(2618,10,20,77,'focus_regain','{\"focus_lost_duration\": 30000}',110,738,'2025-11-23 13:50:56'),(2619,10,20,76,'resource_download','{\"resource_type\": \"pdf\"}',4,50,'2025-11-17 13:50:56'),(2620,10,20,75,'discussion','{\"discussion_type\": \"comment\"}',110,1017,'2025-11-28 13:50:56'),(2621,10,20,76,'question_ask','{\"question_type\": \"text\"}',102,955,'2025-12-09 13:50:56'),(2622,10,20,76,'speed_up','{\"new_speed\": 1.5, \"old_speed\": 1}',56,1063,'2025-12-09 13:50:56'),(2623,10,20,77,'quiz_attempt','{\"quiz_type\": \"multiple_choice\"}',17,1155,'2025-11-13 13:50:56'),(2624,10,20,75,'note_taking','{\"note_type\": \"text\", \"note_length\": 50}',53,1035,'2025-11-14 13:50:56'),(2625,10,20,76,'play','{\"action\": \"start\"}',40,1143,'2025-11-14 13:50:56'),(2626,10,20,74,'resource_download','{\"resource_type\": \"pdf\"}',77,999,'2025-11-17 13:50:56'),(2627,10,20,76,'speed_up','{\"new_speed\": 1.5, \"old_speed\": 1}',60,98,'2025-12-01 13:50:56'),(2628,10,20,75,'seek_forward','{\"skip_duration\": 30}',51,703,'2025-11-17 13:50:56'),(2629,10,20,75,'quiz_attempt','{\"quiz_type\": \"multiple_choice\"}',13,198,'2025-11-23 13:50:56'),(2630,10,20,75,'speed_down','{\"new_speed\": 0.75, \"old_speed\": 1}',118,247,'2025-11-30 13:50:56'),(2631,10,20,77,'chapter_complete','{\"completion_rate\": 100}',41,456,'2025-12-06 13:50:56'),(2632,10,20,75,'play','{\"action\": \"start\"}',8,291,'2025-12-09 13:50:56'),(2633,10,20,76,'seek_backward','{\"rewind_duration\": 15}',94,638,'2025-11-19 13:50:56'),(2634,10,20,77,'replay','{\"replay_duration\": 60}',97,629,'2025-11-12 13:50:56'),(2635,10,20,76,'speed_up','{\"new_speed\": 1.5, \"old_speed\": 1}',70,285,'2025-11-18 13:50:56'),(2636,10,20,74,'question_ask','{\"question_type\": \"text\"}',0,804,'2025-11-13 13:50:56'),(2637,10,20,76,'speed_down','{\"new_speed\": 0.75, \"old_speed\": 1}',59,768,'2025-11-27 13:50:56'),(2638,10,20,77,'focus_regain','{\"focus_lost_duration\": 30000}',48,97,'2025-12-09 13:50:56'),(2639,10,20,76,'quiz_attempt','{\"quiz_type\": \"multiple_choice\"}',69,385,'2025-12-10 13:50:56'),(2640,10,20,77,'resource_download','{\"resource_type\": \"pdf\"}',43,137,'2025-11-30 13:50:56'),(2641,10,20,75,'seek_backward','{\"rewind_duration\": 15}',71,299,'2025-12-04 13:50:56'),(2642,10,20,77,'note_taking','{\"note_type\": \"text\", \"note_length\": 50}',100,980,'2025-11-29 13:50:56'),(2643,11,20,75,'pause','{\"reason\": \"user\"}',80,598,'2025-12-07 13:50:56'),(2644,11,20,77,'speed_up','{\"new_speed\": 1.5, \"old_speed\": 1}',111,615,'2025-12-04 13:50:56'),(2645,11,20,75,'quiz_attempt','{\"quiz_type\": \"multiple_choice\"}',115,316,'2025-12-10 13:50:56'),(2646,11,20,77,'question_ask','{\"question_type\": \"text\"}',67,796,'2025-11-26 13:50:56'),(2647,11,20,75,'resource_download','{\"resource_type\": \"pdf\"}',49,948,'2025-11-12 13:50:56'),(2648,11,20,75,'seek_forward','{\"skip_duration\": 30}',27,488,'2025-11-14 13:50:56'),(2649,11,20,74,'question_ask','{\"question_type\": \"text\"}',62,478,'2025-11-21 13:50:56'),(2650,11,20,75,'speed_down','{\"new_speed\": 0.75, \"old_speed\": 1}',110,158,'2025-12-06 13:50:56'),(2651,11,20,75,'focus_regain','{\"focus_lost_duration\": 30000}',60,195,'2025-11-20 13:50:56'),(2652,11,20,77,'quiz_attempt','{\"quiz_type\": \"multiple_choice\"}',102,836,'2025-11-30 13:50:56'),(2653,11,20,75,'bookmark','{\"bookmark_position\": 300}',30,454,'2025-12-01 13:50:56'),(2654,11,20,75,'note_taking','{\"note_type\": \"text\", \"note_length\": 50}',52,467,'2025-11-26 13:50:56'),(2655,11,20,74,'speed_down','{\"new_speed\": 0.75, \"old_speed\": 1}',80,922,'2025-11-20 13:50:56'),(2656,11,20,75,'quiz_attempt','{\"quiz_type\": \"multiple_choice\"}',93,647,'2025-12-05 13:50:56'),(2657,11,20,76,'note_taking','{\"note_type\": \"text\", \"note_length\": 50}',56,564,'2025-12-05 13:50:56'),(2658,11,20,76,'bookmark','{\"bookmark_position\": 300}',34,1183,'2025-11-29 13:50:56'),(2659,11,20,77,'replay','{\"replay_duration\": 60}',112,390,'2025-11-25 13:50:56'),(2660,11,20,74,'resource_download','{\"resource_type\": \"pdf\"}',23,151,'2025-12-06 13:50:56'),(2661,11,20,77,'play','{\"action\": \"start\"}',44,854,'2025-11-19 13:50:56'),(2662,11,20,77,'seek_backward','{\"rewind_duration\": 15}',30,880,'2025-11-20 13:50:56'),(2663,11,20,77,'pause','{\"reason\": \"user\"}',22,576,'2025-11-26 13:50:56'),(2664,11,20,77,'focus_regain','{\"focus_lost_duration\": 30000}',74,63,'2025-12-08 13:50:56'),(2665,11,20,75,'note_taking','{\"note_type\": \"text\", \"note_length\": 50}',11,868,'2025-11-21 13:50:56'),(2666,11,20,75,'note_taking','{\"note_type\": \"text\", \"note_length\": 50}',3,595,'2025-12-09 13:50:56'),(2667,11,20,74,'replay','{\"replay_duration\": 60}',6,281,'2025-11-30 13:50:56'),(2668,11,20,76,'question_ask','{\"question_type\": \"text\"}',94,515,'2025-12-04 13:50:56'),(2669,11,20,77,'speed_up','{\"new_speed\": 1.5, \"old_speed\": 1}',7,931,'2025-12-10 13:50:56'),(2670,11,20,75,'bookmark','{\"bookmark_position\": 300}',71,1109,'2025-11-13 13:50:56'),(2671,11,20,75,'quiz_attempt','{\"quiz_type\": \"multiple_choice\"}',102,1120,'2025-12-11 13:50:56'),(2672,11,20,77,'speed_up','{\"new_speed\": 1.5, \"old_speed\": 1}',104,1195,'2025-11-17 13:50:56'),(2673,11,20,76,'speed_up','{\"new_speed\": 1.5, \"old_speed\": 1}',12,838,'2025-11-16 13:50:56'),(2674,11,20,74,'replay','{\"replay_duration\": 60}',99,486,'2025-12-02 13:50:56'),(2675,11,20,76,'resource_download','{\"resource_type\": \"pdf\"}',30,1019,'2025-12-04 13:50:56'),(2676,11,20,77,'bookmark','{\"bookmark_position\": 300}',111,1119,'2025-11-30 13:50:57'),(2677,11,20,74,'bookmark','{\"bookmark_position\": 300}',41,804,'2025-11-20 13:50:57'),(2678,11,20,75,'chapter_complete','{\"completion_rate\": 100}',79,624,'2025-11-20 13:50:57'),(2679,11,20,76,'bookmark','{\"bookmark_position\": 300}',72,123,'2025-11-23 13:50:57'),(2680,11,20,76,'seek_backward','{\"rewind_duration\": 15}',49,905,'2025-12-10 13:50:57'),(2681,11,20,76,'speed_up','{\"new_speed\": 1.5, \"old_speed\": 1}',41,279,'2025-12-07 13:50:57'),(2682,11,20,76,'speed_down','{\"new_speed\": 0.75, \"old_speed\": 1}',28,547,'2025-12-11 13:50:57'),(2683,11,20,75,'play','{\"action\": \"start\"}',38,822,'2025-12-02 13:50:57'),(2684,11,20,77,'bookmark','{\"bookmark_position\": 300}',33,1151,'2025-11-19 13:50:57'),(2685,11,20,74,'chapter_complete','{\"completion_rate\": 100}',45,635,'2025-11-12 13:50:57'),(2686,11,20,76,'quiz_attempt','{\"quiz_type\": \"multiple_choice\"}',83,377,'2025-12-05 13:50:57'),(2687,11,20,77,'quiz_attempt','{\"quiz_type\": \"multiple_choice\"}',98,855,'2025-11-27 13:50:57'),(2688,11,20,74,'discussion','{\"discussion_type\": \"comment\"}',57,638,'2025-12-09 13:50:57'),(2689,11,20,75,'chapter_complete','{\"completion_rate\": 100}',104,258,'2025-12-04 13:50:57'),(2690,11,20,76,'focus_lost','{\"lost_at_position\": 500}',95,376,'2025-11-14 13:50:57'),(2691,11,20,74,'focus_regain','{\"focus_lost_duration\": 30000}',114,1077,'2025-12-11 13:50:57'),(2692,11,20,75,'replay','{\"replay_duration\": 60}',92,339,'2025-11-13 13:50:57'),(2693,11,20,77,'seek_backward','{\"rewind_duration\": 15}',103,69,'2025-11-23 13:50:57'),(2694,11,20,74,'speed_up','{\"new_speed\": 1.5, \"old_speed\": 1}',63,309,'2025-11-19 13:50:57'),(2695,11,20,75,'bookmark','{\"bookmark_position\": 300}',11,804,'2025-11-21 13:50:57'),(2696,11,20,77,'play','{\"action\": \"start\"}',16,952,'2025-11-14 13:50:57'),(2697,11,20,74,'seek_backward','{\"rewind_duration\": 15}',99,812,'2025-11-27 13:50:57'),(2698,11,20,74,'discussion','{\"discussion_type\": \"comment\"}',11,969,'2025-11-14 13:50:57'),(2699,11,20,74,'seek_backward','{\"rewind_duration\": 15}',118,321,'2025-11-17 13:50:57'),(2700,11,20,74,'pause','{\"reason\": \"user\"}',106,908,'2025-11-25 13:50:57'),(2701,11,20,76,'discussion','{\"discussion_type\": \"comment\"}',106,286,'2025-12-09 13:50:57'),(2702,11,20,74,'play','{\"action\": \"start\"}',19,1176,'2025-12-01 13:50:57'),(2703,11,20,76,'speed_up','{\"new_speed\": 1.5, \"old_speed\": 1}',1,244,'2025-11-23 13:50:57'),(2704,11,20,74,'focus_lost','{\"lost_at_position\": 500}',1,135,'2025-12-11 13:50:57'),(2705,11,20,74,'note_taking','{\"note_type\": \"text\", \"note_length\": 50}',33,827,'2025-11-26 13:50:57'),(2706,11,20,75,'seek_backward','{\"rewind_duration\": 15}',13,850,'2025-12-08 13:50:57'),(2707,11,20,77,'speed_up','{\"new_speed\": 1.5, \"old_speed\": 1}',87,937,'2025-11-13 13:50:57'),(2708,11,20,77,'focus_regain','{\"focus_lost_duration\": 30000}',110,1162,'2025-11-29 13:50:57'),(2709,11,20,74,'chapter_complete','{\"completion_rate\": 100}',21,1179,'2025-12-01 13:50:57'),(2710,11,20,76,'resource_download','{\"resource_type\": \"pdf\"}',42,807,'2025-11-20 13:50:57'),(2711,11,20,77,'play','{\"action\": \"start\"}',4,362,'2025-11-12 13:50:57'),(2712,11,20,75,'discussion','{\"discussion_type\": \"comment\"}',69,309,'2025-11-19 13:50:57'),(2713,11,20,74,'speed_down','{\"new_speed\": 0.75, \"old_speed\": 1}',14,972,'2025-12-04 13:50:57'),(2714,11,20,76,'play','{\"action\": \"start\"}',79,360,'2025-11-22 13:50:57'),(2715,15,21,78,'focus_lost','{\"lost_at_position\": 500}',7,292,'2025-12-01 13:50:57'),(2716,15,21,78,'focus_lost','{\"lost_at_position\": 500}',49,431,'2025-11-19 13:50:57'),(2717,15,21,78,'chapter_complete','{\"completion_rate\": 100}',75,173,'2025-12-11 13:50:57'),(2718,15,21,78,'play','{\"action\": \"start\"}',27,942,'2025-11-21 13:50:57'),(2719,15,21,78,'replay','{\"replay_duration\": 60}',98,119,'2025-12-07 13:50:57'),(2720,15,21,78,'chapter_complete','{\"completion_rate\": 100}',14,1086,'2025-12-02 13:50:57'),(2721,15,21,78,'bookmark','{\"bookmark_position\": 300}',31,523,'2025-11-22 13:50:57'),(2722,15,21,78,'play','{\"action\": \"start\"}',38,1168,'2025-11-24 13:50:57'),(2723,15,21,78,'speed_up','{\"new_speed\": 1.5, \"old_speed\": 1}',76,192,'2025-11-28 13:50:57'),(2724,15,21,78,'seek_backward','{\"rewind_duration\": 15}',6,987,'2025-12-03 13:50:57'),(2725,15,21,78,'seek_forward','{\"skip_duration\": 30}',31,935,'2025-12-03 13:50:57'),(2726,15,21,78,'quiz_attempt','{\"quiz_type\": \"multiple_choice\"}',75,104,'2025-11-15 13:50:57'),(2727,15,21,78,'replay','{\"replay_duration\": 60}',106,993,'2025-11-26 13:50:57'),(2728,15,21,78,'bookmark','{\"bookmark_position\": 300}',65,772,'2025-12-10 13:50:57'),(2729,15,21,78,'note_taking','{\"note_type\": \"text\", \"note_length\": 50}',59,926,'2025-12-04 13:50:57'),(2730,15,21,78,'chapter_complete','{\"completion_rate\": 100}',113,893,'2025-11-18 13:50:57'),(2731,15,21,78,'replay','{\"replay_duration\": 60}',72,291,'2025-12-08 13:50:57'),(2732,15,21,78,'seek_forward','{\"skip_duration\": 30}',27,971,'2025-12-06 13:50:57'),(2733,15,21,78,'focus_regain','{\"focus_lost_duration\": 30000}',27,527,'2025-11-17 13:50:57'),(2734,15,21,78,'note_taking','{\"note_type\": \"text\", \"note_length\": 50}',42,493,'2025-11-21 13:50:57'),(2735,15,21,78,'pause','{\"reason\": \"user\"}',76,695,'2025-11-20 13:50:57'),(2736,15,21,78,'speed_down','{\"new_speed\": 0.75, \"old_speed\": 1}',12,118,'2025-12-09 13:50:57'),(2737,15,21,78,'chapter_complete','{\"completion_rate\": 100}',103,652,'2025-12-04 13:50:57'),(2738,15,21,78,'play','{\"action\": \"start\"}',58,860,'2025-11-21 13:50:57'),(2739,15,21,78,'focus_lost','{\"lost_at_position\": 500}',77,142,'2025-12-09 13:50:57'),(2740,15,21,78,'discussion','{\"discussion_type\": \"comment\"}',32,876,'2025-11-16 13:50:57'),(2741,15,21,78,'discussion','{\"discussion_type\": \"comment\"}',28,1002,'2025-11-25 13:50:57'),(2742,15,21,78,'discussion','{\"discussion_type\": \"comment\"}',14,1103,'2025-11-22 13:50:57'),(2743,15,21,78,'question_ask','{\"question_type\": \"text\"}',82,835,'2025-12-02 13:50:57'),(2744,15,21,78,'focus_regain','{\"focus_lost_duration\": 30000}',4,430,'2025-12-06 13:50:57'),(2745,15,21,78,'bookmark','{\"bookmark_position\": 300}',76,31,'2025-11-18 13:50:57'),(2746,15,21,78,'resource_download','{\"resource_type\": \"pdf\"}',55,287,'2025-11-22 13:50:57'),(2747,15,21,78,'replay','{\"replay_duration\": 60}',96,1014,'2025-11-13 13:50:57'),(2748,15,21,78,'question_ask','{\"question_type\": \"text\"}',71,1142,'2025-12-07 13:50:57'),(2749,15,21,78,'speed_up','{\"new_speed\": 1.5, \"old_speed\": 1}',117,599,'2025-11-15 13:50:57'),(2750,15,21,78,'seek_forward','{\"skip_duration\": 30}',82,110,'2025-11-30 13:50:57'),(2751,15,21,78,'discussion','{\"discussion_type\": \"comment\"}',77,105,'2025-11-29 13:50:57'),(2752,15,21,78,'pause','{\"reason\": \"user\"}',42,934,'2025-12-02 13:50:57'),(2753,15,21,78,'discussion','{\"discussion_type\": \"comment\"}',72,691,'2025-11-27 13:50:57'),(2754,15,21,78,'question_ask','{\"question_type\": \"text\"}',16,879,'2025-12-01 13:50:57'),(2755,15,21,78,'seek_backward','{\"rewind_duration\": 15}',26,1184,'2025-11-15 13:50:57'),(2756,15,21,78,'quiz_attempt','{\"quiz_type\": \"multiple_choice\"}',18,148,'2025-11-27 13:50:57'),(2757,15,21,78,'replay','{\"replay_duration\": 60}',83,83,'2025-11-13 13:50:57'),(2758,15,21,78,'quiz_attempt','{\"quiz_type\": \"multiple_choice\"}',65,487,'2025-11-26 13:50:57'),(2759,15,21,78,'resource_download','{\"resource_type\": \"pdf\"}',30,854,'2025-11-24 13:50:57'),(2760,15,21,78,'seek_forward','{\"skip_duration\": 30}',68,461,'2025-11-30 13:50:57'),(2761,15,21,78,'play','{\"action\": \"start\"}',86,259,'2025-12-11 13:50:57'),(2762,15,21,78,'play','{\"action\": \"start\"}',71,492,'2025-11-21 13:50:57'),(2763,15,21,78,'note_taking','{\"note_type\": \"text\", \"note_length\": 50}',97,417,'2025-12-10 13:50:57'),(2764,15,21,78,'focus_regain','{\"focus_lost_duration\": 30000}',75,1027,'2025-12-05 13:50:57'),(2765,15,21,78,'question_ask','{\"question_type\": \"text\"}',69,1063,'2025-12-01 13:50:57'),(2766,15,21,78,'resource_download','{\"resource_type\": \"pdf\"}',61,552,'2025-11-15 13:50:57'),(2767,15,21,78,'speed_down','{\"new_speed\": 0.75, \"old_speed\": 1}',84,267,'2025-11-16 13:50:57'),(2768,15,21,78,'focus_regain','{\"focus_lost_duration\": 30000}',33,682,'2025-11-26 13:50:57'),(2769,15,21,78,'chapter_complete','{\"completion_rate\": 100}',62,463,'2025-11-12 13:50:57'),(2770,15,21,78,'speed_up','{\"new_speed\": 1.5, \"old_speed\": 1}',99,869,'2025-12-03 13:50:57'),(2771,15,21,78,'play','{\"action\": \"start\"}',11,467,'2025-11-21 13:50:57'),(2772,15,21,78,'bookmark','{\"bookmark_position\": 300}',67,548,'2025-11-14 13:50:57'),(2773,15,21,78,'quiz_attempt','{\"quiz_type\": \"multiple_choice\"}',102,803,'2025-11-22 13:50:57'),(2774,15,21,78,'note_taking','{\"note_type\": \"text\", \"note_length\": 50}',35,1179,'2025-11-13 13:50:57'),(2775,15,21,78,'replay','{\"replay_duration\": 60}',82,40,'2025-12-08 13:50:57'),(2776,15,21,78,'focus_regain','{\"focus_lost_duration\": 30000}',56,764,'2025-12-02 13:50:57'),(2777,15,21,78,'chapter_complete','{\"completion_rate\": 100}',25,952,'2025-12-03 13:50:57'),(2778,15,21,78,'pause','{\"reason\": \"user\"}',44,1154,'2025-11-14 13:50:57'),(2779,15,21,78,'speed_down','{\"new_speed\": 0.75, \"old_speed\": 1}',95,350,'2025-11-30 13:50:57'),(2780,15,21,78,'bookmark','{\"bookmark_position\": 300}',76,153,'2025-11-30 13:50:57'),(2781,14,21,78,'quiz_attempt','{\"quiz_type\": \"multiple_choice\"}',71,536,'2025-11-29 13:50:57'),(2782,14,21,78,'pause','{\"reason\": \"user\"}',41,1144,'2025-11-16 13:50:57'),(2783,14,21,78,'seek_backward','{\"rewind_duration\": 15}',67,503,'2025-11-24 13:50:57'),(2784,14,21,78,'focus_lost','{\"lost_at_position\": 500}',85,992,'2025-11-27 13:50:57'),(2785,14,21,78,'pause','{\"reason\": \"user\"}',101,616,'2025-12-06 13:50:57'),(2786,14,21,78,'play','{\"action\": \"start\"}',119,1089,'2025-11-29 13:50:57'),(2787,14,21,78,'resource_download','{\"resource_type\": \"pdf\"}',74,258,'2025-11-17 13:50:57'),(2788,14,21,78,'note_taking','{\"note_type\": \"text\", \"note_length\": 50}',36,1048,'2025-12-06 13:50:57'),(2789,14,21,78,'question_ask','{\"question_type\": \"text\"}',23,1073,'2025-12-11 13:50:57'),(2790,14,21,78,'bookmark','{\"bookmark_position\": 300}',44,512,'2025-11-24 13:50:57'),(2791,14,21,78,'note_taking','{\"note_type\": \"text\", \"note_length\": 50}',5,335,'2025-12-09 13:50:57'),(2792,14,21,78,'seek_forward','{\"skip_duration\": 30}',118,309,'2025-12-03 13:50:58'),(2793,14,21,78,'quiz_attempt','{\"quiz_type\": \"multiple_choice\"}',47,426,'2025-12-10 13:50:58'),(2794,14,21,78,'discussion','{\"discussion_type\": \"comment\"}',2,1010,'2025-12-10 13:50:58'),(2795,14,21,78,'replay','{\"replay_duration\": 60}',19,159,'2025-11-20 13:50:58'),(2796,14,21,78,'quiz_attempt','{\"quiz_type\": \"multiple_choice\"}',1,1083,'2025-11-27 13:50:58'),(2797,14,21,78,'seek_backward','{\"rewind_duration\": 15}',8,211,'2025-11-29 13:50:58'),(2798,14,21,78,'speed_up','{\"new_speed\": 1.5, \"old_speed\": 1}',93,332,'2025-11-21 13:50:58'),(2799,14,21,78,'chapter_complete','{\"completion_rate\": 100}',86,788,'2025-11-22 13:50:58'),(2800,14,21,78,'note_taking','{\"note_type\": \"text\", \"note_length\": 50}',80,327,'2025-11-14 13:50:58'),(2801,14,21,78,'quiz_attempt','{\"quiz_type\": \"multiple_choice\"}',60,529,'2025-11-19 13:50:58'),(2802,14,21,78,'quiz_attempt','{\"quiz_type\": \"multiple_choice\"}',32,100,'2025-11-21 13:50:58'),(2803,14,21,78,'seek_backward','{\"rewind_duration\": 15}',97,68,'2025-12-09 13:50:58'),(2804,14,21,78,'bookmark','{\"bookmark_position\": 300}',88,23,'2025-11-14 13:50:58'),(2805,14,21,78,'seek_backward','{\"rewind_duration\": 15}',44,413,'2025-11-26 13:50:58'),(2806,14,21,78,'seek_backward','{\"rewind_duration\": 15}',12,1104,'2025-11-13 13:50:58'),(2807,14,21,78,'question_ask','{\"question_type\": \"text\"}',101,1060,'2025-11-19 13:50:58'),(2808,14,21,78,'discussion','{\"discussion_type\": \"comment\"}',109,948,'2025-12-07 13:50:58'),(2809,14,21,78,'speed_down','{\"new_speed\": 0.75, \"old_speed\": 1}',30,965,'2025-12-04 13:50:58'),(2810,14,21,78,'discussion','{\"discussion_type\": \"comment\"}',74,917,'2025-11-18 13:50:58'),(2811,14,21,78,'resource_download','{\"resource_type\": \"pdf\"}',70,304,'2025-12-11 13:50:58'),(2812,14,21,78,'chapter_complete','{\"completion_rate\": 100}',84,978,'2025-11-29 13:50:58'),(2813,14,21,78,'quiz_attempt','{\"quiz_type\": \"multiple_choice\"}',33,976,'2025-12-06 13:50:58'),(2814,14,21,78,'speed_down','{\"new_speed\": 0.75, \"old_speed\": 1}',66,619,'2025-12-02 13:50:58'),(2815,14,21,78,'play','{\"action\": \"start\"}',81,430,'2025-11-27 13:50:58'),(2816,14,21,78,'seek_backward','{\"rewind_duration\": 15}',54,1116,'2025-11-24 13:50:58'),(2817,14,21,78,'resource_download','{\"resource_type\": \"pdf\"}',33,830,'2025-12-09 13:50:58'),(2818,14,21,78,'quiz_attempt','{\"quiz_type\": \"multiple_choice\"}',109,162,'2025-11-27 13:50:58'),(2819,14,21,78,'chapter_complete','{\"completion_rate\": 100}',37,663,'2025-12-11 13:50:58'),(2820,14,21,78,'note_taking','{\"note_type\": \"text\", \"note_length\": 50}',23,42,'2025-11-21 13:50:58'),(2821,14,21,78,'focus_regain','{\"focus_lost_duration\": 30000}',89,267,'2025-12-06 13:50:58'),(2822,14,21,78,'discussion','{\"discussion_type\": \"comment\"}',35,86,'2025-12-06 13:50:58'),(2823,14,21,78,'resource_download','{\"resource_type\": \"pdf\"}',51,807,'2025-11-26 13:50:58'),(2824,14,21,78,'seek_backward','{\"rewind_duration\": 15}',18,254,'2025-12-04 13:50:58'),(2825,14,21,78,'question_ask','{\"question_type\": \"text\"}',65,196,'2025-11-18 13:50:58'),(2826,14,21,78,'discussion','{\"discussion_type\": \"comment\"}',60,608,'2025-12-01 13:50:58'),(2827,14,21,78,'seek_backward','{\"rewind_duration\": 15}',95,1028,'2025-11-20 13:50:58'),(2828,14,21,78,'note_taking','{\"note_type\": \"text\", \"note_length\": 50}',64,508,'2025-12-03 13:50:58'),(2829,14,21,78,'seek_backward','{\"rewind_duration\": 15}',14,901,'2025-11-28 13:50:58'),(2830,14,21,78,'seek_forward','{\"skip_duration\": 30}',23,99,'2025-12-11 13:50:58'),(2831,14,21,78,'seek_backward','{\"rewind_duration\": 15}',86,893,'2025-12-04 13:50:58'),(2832,14,21,78,'play','{\"action\": \"start\"}',4,448,'2025-11-22 13:50:58'),(2833,14,21,78,'chapter_complete','{\"completion_rate\": 100}',49,818,'2025-11-12 13:50:58'),(2834,14,21,78,'play','{\"action\": \"start\"}',8,964,'2025-12-09 13:50:58'),(2835,14,21,78,'resource_download','{\"resource_type\": \"pdf\"}',28,544,'2025-11-22 13:50:58'),(2836,14,21,78,'focus_regain','{\"focus_lost_duration\": 30000}',101,187,'2025-12-04 13:50:58'),(2837,14,21,78,'seek_backward','{\"rewind_duration\": 15}',16,772,'2025-11-15 13:50:58'),(2838,14,21,78,'resource_download','{\"resource_type\": \"pdf\"}',16,214,'2025-11-14 13:50:58'),(2839,14,21,78,'speed_down','{\"new_speed\": 0.75, \"old_speed\": 1}',9,1117,'2025-12-02 13:50:58'),(2840,14,21,78,'resource_download','{\"resource_type\": \"pdf\"}',115,1019,'2025-11-13 13:50:58'),(2841,14,21,78,'chapter_complete','{\"completion_rate\": 100}',45,290,'2025-11-25 13:50:58'),(2842,14,21,78,'resource_download','{\"resource_type\": \"pdf\"}',51,104,'2025-11-24 13:50:58'),(2843,14,21,78,'resource_download','{\"resource_type\": \"pdf\"}',6,686,'2025-11-28 13:50:58'),(2844,14,21,78,'focus_lost','{\"lost_at_position\": 500}',85,1140,'2025-11-23 13:50:58'),(2845,14,21,78,'discussion','{\"discussion_type\": \"comment\"}',54,185,'2025-12-04 13:50:58'),(2846,14,21,78,'replay','{\"replay_duration\": 60}',28,830,'2025-11-20 13:50:58'),(2847,14,21,78,'replay','{\"replay_duration\": 60}',95,680,'2025-11-23 13:50:58'),(2848,14,21,78,'speed_down','{\"new_speed\": 0.75, \"old_speed\": 1}',21,691,'2025-12-07 13:50:58'),(2849,14,21,78,'note_taking','{\"note_type\": \"text\", \"note_length\": 50}',78,464,'2025-11-19 13:50:58'),(2850,14,21,78,'question_ask','{\"question_type\": \"text\"}',59,742,'2025-11-30 13:50:58'),(2851,14,21,78,'seek_forward','{\"skip_duration\": 30}',102,918,'2025-11-21 13:50:58'),(2852,14,21,78,'resource_download','{\"resource_type\": \"pdf\"}',11,485,'2025-11-15 13:50:58'),(2853,14,21,78,'note_taking','{\"note_type\": \"text\", \"note_length\": 50}',117,643,'2025-11-18 13:50:58'),(2854,6,21,78,'bookmark','{\"bookmark_position\": 300}',73,906,'2025-12-06 13:50:58'),(2855,6,21,78,'speed_down','{\"new_speed\": 0.75, \"old_speed\": 1}',70,87,'2025-11-25 13:50:58'),(2856,6,21,78,'replay','{\"replay_duration\": 60}',40,1100,'2025-12-02 13:50:58'),(2857,6,21,78,'quiz_attempt','{\"quiz_type\": \"multiple_choice\"}',11,243,'2025-11-18 13:50:58'),(2858,6,21,78,'resource_download','{\"resource_type\": \"pdf\"}',28,809,'2025-11-25 13:50:58'),(2859,6,21,78,'speed_down','{\"new_speed\": 0.75, \"old_speed\": 1}',81,914,'2025-12-08 13:50:58'),(2860,6,21,78,'seek_backward','{\"rewind_duration\": 15}',9,505,'2025-11-21 13:50:58'),(2861,6,21,78,'pause','{\"reason\": \"user\"}',40,1059,'2025-11-28 13:50:58'),(2862,6,21,78,'speed_up','{\"new_speed\": 1.5, \"old_speed\": 1}',74,502,'2025-12-03 13:50:58'),(2863,6,21,78,'quiz_attempt','{\"quiz_type\": \"multiple_choice\"}',18,437,'2025-11-28 13:50:58'),(2864,6,21,78,'seek_backward','{\"rewind_duration\": 15}',87,1184,'2025-11-26 13:50:58'),(2865,6,21,78,'speed_down','{\"new_speed\": 0.75, \"old_speed\": 1}',56,273,'2025-11-13 13:50:58'),(2866,6,21,78,'replay','{\"replay_duration\": 60}',95,407,'2025-11-21 13:50:58'),(2867,6,21,78,'speed_up','{\"new_speed\": 1.5, \"old_speed\": 1}',8,348,'2025-12-06 13:50:58'),(2868,6,21,78,'discussion','{\"discussion_type\": \"comment\"}',93,558,'2025-12-10 13:50:58'),(2869,6,21,78,'pause','{\"reason\": \"user\"}',51,965,'2025-11-18 13:50:58'),(2870,6,21,78,'seek_backward','{\"rewind_duration\": 15}',105,903,'2025-11-12 13:50:58'),(2871,6,21,78,'focus_regain','{\"focus_lost_duration\": 30000}',14,1019,'2025-12-01 13:50:58'),(2872,6,21,78,'speed_down','{\"new_speed\": 0.75, \"old_speed\": 1}',97,795,'2025-11-27 13:50:58'),(2873,6,21,78,'chapter_complete','{\"completion_rate\": 100}',68,583,'2025-12-11 13:50:58'),(2874,6,21,78,'focus_regain','{\"focus_lost_duration\": 30000}',77,45,'2025-11-19 13:50:58'),(2875,6,21,78,'speed_down','{\"new_speed\": 0.75, \"old_speed\": 1}',98,444,'2025-12-04 13:50:58'),(2876,6,21,78,'focus_regain','{\"focus_lost_duration\": 30000}',68,1179,'2025-11-29 13:50:58'),(2877,6,21,78,'resource_download','{\"resource_type\": \"pdf\"}',24,439,'2025-11-16 13:50:58'),(2878,6,21,78,'speed_down','{\"new_speed\": 0.75, \"old_speed\": 1}',91,534,'2025-12-04 13:50:58'),(2879,6,21,78,'discussion','{\"discussion_type\": \"comment\"}',51,919,'2025-11-19 13:50:58'),(2880,6,21,78,'chapter_complete','{\"completion_rate\": 100}',57,940,'2025-11-20 13:50:58'),(2881,6,21,78,'resource_download','{\"resource_type\": \"pdf\"}',81,202,'2025-12-07 13:50:58'),(2882,6,21,78,'chapter_complete','{\"completion_rate\": 100}',77,641,'2025-11-24 13:50:58'),(2883,6,21,78,'pause','{\"reason\": \"user\"}',71,868,'2025-12-01 13:50:58'),(2884,6,21,78,'resource_download','{\"resource_type\": \"pdf\"}',49,234,'2025-12-07 13:50:58'),(2885,6,21,78,'focus_lost','{\"lost_at_position\": 500}',102,955,'2025-11-30 13:50:58'),(2886,6,21,78,'speed_up','{\"new_speed\": 1.5, \"old_speed\": 1}',59,917,'2025-12-07 13:50:58'),(2887,6,21,78,'question_ask','{\"question_type\": \"text\"}',31,1106,'2025-11-14 13:50:58'),(2888,6,21,78,'focus_regain','{\"focus_lost_duration\": 30000}',38,619,'2025-11-21 13:50:58'),(2889,6,21,78,'focus_lost','{\"lost_at_position\": 500}',67,775,'2025-11-28 13:50:58'),(2890,6,21,78,'note_taking','{\"note_type\": \"text\", \"note_length\": 50}',76,991,'2025-12-09 13:50:58'),(2891,6,21,78,'play','{\"action\": \"start\"}',88,948,'2025-11-25 13:50:58'),(2892,6,21,78,'speed_down','{\"new_speed\": 0.75, \"old_speed\": 1}',65,360,'2025-11-19 13:50:58'),(2893,6,21,78,'bookmark','{\"bookmark_position\": 300}',34,970,'2025-11-27 13:50:58'),(2894,6,21,78,'speed_down','{\"new_speed\": 0.75, \"old_speed\": 1}',112,276,'2025-12-03 13:50:58'),(2895,6,21,78,'question_ask','{\"question_type\": \"text\"}',40,1182,'2025-11-19 13:50:58'),(2896,6,21,78,'replay','{\"replay_duration\": 60}',83,621,'2025-11-22 13:50:59'),(2897,6,21,78,'seek_backward','{\"rewind_duration\": 15}',56,286,'2025-11-18 13:50:59'),(2898,6,21,78,'resource_download','{\"resource_type\": \"pdf\"}',66,303,'2025-11-20 13:50:59'),(2899,6,21,78,'note_taking','{\"note_type\": \"text\", \"note_length\": 50}',103,1170,'2025-11-30 13:50:59'),(2900,6,21,78,'chapter_complete','{\"completion_rate\": 100}',21,105,'2025-11-29 13:50:59'),(2901,6,21,78,'pause','{\"reason\": \"user\"}',18,496,'2025-12-10 13:50:59'),(2902,6,21,78,'bookmark','{\"bookmark_position\": 300}',56,681,'2025-11-17 13:50:59'),(2903,6,21,78,'seek_forward','{\"skip_duration\": 30}',91,312,'2025-11-19 13:50:59'),(2904,6,21,78,'discussion','{\"discussion_type\": \"comment\"}',100,495,'2025-12-06 13:50:59'),(2905,6,21,78,'bookmark','{\"bookmark_position\": 300}',77,957,'2025-11-23 13:50:59'),(2906,6,21,78,'resource_download','{\"resource_type\": \"pdf\"}',117,792,'2025-11-21 13:50:59'),(2907,6,21,78,'discussion','{\"discussion_type\": \"comment\"}',29,752,'2025-11-17 13:50:59'),(2908,6,21,78,'seek_backward','{\"rewind_duration\": 15}',112,984,'2025-11-19 13:50:59'),(2909,6,21,78,'note_taking','{\"note_type\": \"text\", \"note_length\": 50}',79,546,'2025-11-21 13:50:59'),(2910,6,21,78,'discussion','{\"discussion_type\": \"comment\"}',54,1191,'2025-11-26 13:50:59'),(2911,6,21,78,'bookmark','{\"bookmark_position\": 300}',119,848,'2025-11-27 13:50:59'),(2912,6,21,78,'speed_up','{\"new_speed\": 1.5, \"old_speed\": 1}',73,102,'2025-12-04 13:50:59'),(2913,6,21,78,'quiz_attempt','{\"quiz_type\": \"multiple_choice\"}',22,1151,'2025-11-24 13:50:59'),(2914,6,21,78,'question_ask','{\"question_type\": \"text\"}',20,848,'2025-12-08 13:50:59'),(2915,6,21,78,'bookmark','{\"bookmark_position\": 300}',35,138,'2025-11-22 13:50:59'),(2916,6,21,78,'pause','{\"reason\": \"user\"}',36,647,'2025-11-15 13:50:59'),(2917,6,21,78,'seek_backward','{\"rewind_duration\": 15}',33,214,'2025-11-23 13:50:59'),(2918,6,21,78,'chapter_complete','{\"completion_rate\": 100}',103,974,'2025-12-03 13:50:59'),(2919,6,21,78,'resource_download','{\"resource_type\": \"pdf\"}',103,381,'2025-11-21 13:50:59'),(2920,6,21,78,'seek_forward','{\"skip_duration\": 30}',42,64,'2025-11-17 13:50:59'),(2921,6,21,78,'chapter_complete','{\"completion_rate\": 100}',68,31,'2025-12-09 13:50:59'),(2922,6,21,78,'chapter_complete','{\"completion_rate\": 100}',44,580,'2025-11-21 13:50:59'),(2923,6,21,78,'play','{\"action\": \"start\"}',61,723,'2025-11-16 13:50:59'),(2924,6,21,78,'speed_down','{\"new_speed\": 0.75, \"old_speed\": 1}',104,467,'2025-11-24 13:50:59'),(2925,6,21,78,'seek_forward','{\"skip_duration\": 30}',87,1048,'2025-11-20 13:50:59'),(2926,6,21,78,'quiz_attempt','{\"quiz_type\": \"multiple_choice\"}',95,923,'2025-11-15 13:50:59'),(2927,6,21,78,'pause','{\"reason\": \"user\"}',94,888,'2025-12-07 13:50:59'),(2928,6,21,78,'speed_down','{\"new_speed\": 0.75, \"old_speed\": 1}',95,427,'2025-12-04 13:50:59'),(2929,6,21,78,'bookmark','{\"bookmark_position\": 300}',27,960,'2025-12-02 13:50:59'),(2930,6,21,78,'note_taking','{\"note_type\": \"text\", \"note_length\": 50}',23,1173,'2025-11-22 13:50:59'),(2931,6,21,78,'bookmark','{\"bookmark_position\": 300}',88,28,'2025-12-10 13:50:59'),(2932,6,21,78,'bookmark','{\"bookmark_position\": 300}',26,1112,'2025-12-06 13:50:59'),(2933,6,21,78,'speed_down','{\"new_speed\": 0.75, \"old_speed\": 1}',23,31,'2025-12-02 13:50:59'),(2934,6,21,78,'seek_forward','{\"skip_duration\": 30}',67,459,'2025-11-12 13:50:59'),(2935,6,21,78,'speed_up','{\"new_speed\": 1.5, \"old_speed\": 1}',113,138,'2025-12-07 13:50:59'),(2936,6,21,78,'seek_backward','{\"rewind_duration\": 15}',101,120,'2025-11-14 13:50:59'),(2937,6,21,78,'focus_regain','{\"focus_lost_duration\": 30000}',18,680,'2025-11-25 13:50:59'),(2938,6,21,78,'discussion','{\"discussion_type\": \"comment\"}',57,488,'2025-12-01 13:50:59'),(2939,6,21,78,'resource_download','{\"resource_type\": \"pdf\"}',93,1026,'2025-12-08 13:50:59'),(2940,6,21,78,'focus_regain','{\"focus_lost_duration\": 30000}',36,778,'2025-12-07 13:50:59'),(2941,6,21,78,'play','{\"action\": \"start\"}',72,875,'2025-11-26 13:50:59'),(2942,6,21,78,'chapter_complete','{\"completion_rate\": 100}',33,42,'2025-12-11 13:50:59'),(2943,6,21,78,'question_ask','{\"question_type\": \"text\"}',12,491,'2025-12-02 13:50:59'),(2944,6,21,78,'discussion','{\"discussion_type\": \"comment\"}',98,467,'2025-11-30 13:50:59'),(2945,6,21,78,'speed_up','{\"new_speed\": 1.5, \"old_speed\": 1}',7,1029,'2025-11-13 13:50:59'),(2946,6,21,78,'speed_down','{\"new_speed\": 0.75, \"old_speed\": 1}',12,199,'2025-12-06 13:50:59'),(2947,6,21,78,'speed_down','{\"new_speed\": 0.75, \"old_speed\": 1}',31,139,'2025-11-27 13:50:59'),(2948,6,21,78,'speed_down','{\"new_speed\": 0.75, \"old_speed\": 1}',42,686,'2025-11-17 13:50:59'),(2949,6,21,78,'question_ask','{\"question_type\": \"text\"}',105,799,'2025-12-08 13:50:59'),(2950,6,21,78,'seek_forward','{\"skip_duration\": 30}',71,633,'2025-12-03 13:50:59'),(2951,7,21,78,'speed_down','{\"new_speed\": 0.75, \"old_speed\": 1}',85,589,'2025-11-23 13:50:59'),(2952,7,21,78,'chapter_complete','{\"completion_rate\": 100}',8,269,'2025-11-23 13:50:59'),(2953,7,21,78,'quiz_attempt','{\"quiz_type\": \"multiple_choice\"}',74,1072,'2025-11-30 13:50:59'),(2954,7,21,78,'focus_regain','{\"focus_lost_duration\": 30000}',29,769,'2025-12-11 13:50:59'),(2955,7,21,78,'note_taking','{\"note_type\": \"text\", \"note_length\": 50}',88,599,'2025-12-06 13:50:59'),(2956,7,21,78,'note_taking','{\"note_type\": \"text\", \"note_length\": 50}',38,1133,'2025-12-06 13:50:59'),(2957,7,21,78,'speed_up','{\"new_speed\": 1.5, \"old_speed\": 1}',74,656,'2025-12-08 13:50:59'),(2958,7,21,78,'chapter_complete','{\"completion_rate\": 100}',61,179,'2025-12-03 13:50:59'),(2959,7,21,78,'pause','{\"reason\": \"user\"}',64,577,'2025-11-14 13:50:59'),(2960,7,21,78,'seek_forward','{\"skip_duration\": 30}',99,370,'2025-12-01 13:50:59'),(2961,7,21,78,'question_ask','{\"question_type\": \"text\"}',111,205,'2025-11-13 13:50:59'),(2962,7,21,78,'bookmark','{\"bookmark_position\": 300}',114,136,'2025-12-11 13:50:59'),(2963,7,21,78,'focus_lost','{\"lost_at_position\": 500}',47,905,'2025-12-04 13:50:59'),(2964,7,21,78,'note_taking','{\"note_type\": \"text\", \"note_length\": 50}',34,1170,'2025-11-29 13:50:59'),(2965,7,21,78,'focus_regain','{\"focus_lost_duration\": 30000}',87,1111,'2025-12-01 13:50:59'),(2966,7,21,78,'speed_down','{\"new_speed\": 0.75, \"old_speed\": 1}',83,201,'2025-11-12 13:50:59'),(2967,7,21,78,'seek_forward','{\"skip_duration\": 30}',18,234,'2025-12-08 13:50:59'),(2968,7,21,78,'resource_download','{\"resource_type\": \"pdf\"}',59,189,'2025-11-22 13:50:59'),(2969,7,21,78,'resource_download','{\"resource_type\": \"pdf\"}',36,827,'2025-11-18 13:50:59'),(2970,7,21,78,'resource_download','{\"resource_type\": \"pdf\"}',38,680,'2025-11-17 13:50:59'),(2971,7,21,78,'speed_up','{\"new_speed\": 1.5, \"old_speed\": 1}',91,722,'2025-11-21 13:50:59'),(2972,7,21,78,'chapter_complete','{\"completion_rate\": 100}',80,636,'2025-11-17 13:50:59'),(2973,7,21,78,'focus_regain','{\"focus_lost_duration\": 30000}',4,1048,'2025-12-08 13:50:59'),(2974,7,21,78,'chapter_complete','{\"completion_rate\": 100}',6,184,'2025-12-04 13:50:59'),(2975,7,21,78,'seek_backward','{\"rewind_duration\": 15}',29,551,'2025-11-20 13:50:59'),(2976,7,21,78,'focus_lost','{\"lost_at_position\": 500}',8,681,'2025-12-01 13:50:59'),(2977,7,21,78,'focus_lost','{\"lost_at_position\": 500}',15,412,'2025-11-29 13:50:59'),(2978,7,21,78,'quiz_attempt','{\"quiz_type\": \"multiple_choice\"}',62,836,'2025-12-11 13:50:59'),(2979,7,21,78,'focus_regain','{\"focus_lost_duration\": 30000}',54,314,'2025-11-24 13:50:59'),(2980,7,21,78,'discussion','{\"discussion_type\": \"comment\"}',18,720,'2025-11-12 13:50:59'),(2981,7,21,78,'discussion','{\"discussion_type\": \"comment\"}',16,23,'2025-12-02 13:50:59'),(2982,7,21,78,'pause','{\"reason\": \"user\"}',94,502,'2025-12-03 13:50:59'),(2983,7,21,78,'resource_download','{\"resource_type\": \"pdf\"}',71,275,'2025-12-05 13:50:59'),(2984,7,21,78,'chapter_complete','{\"completion_rate\": 100}',28,81,'2025-11-30 13:50:59'),(2985,7,21,78,'bookmark','{\"bookmark_position\": 300}',30,78,'2025-12-01 13:50:59'),(2986,7,21,78,'resource_download','{\"resource_type\": \"pdf\"}',46,793,'2025-11-12 13:50:59'),(2987,7,21,78,'pause','{\"reason\": \"user\"}',1,175,'2025-12-10 13:50:59'),(2988,7,21,78,'seek_forward','{\"skip_duration\": 30}',49,1144,'2025-12-05 13:50:59'),(2989,7,21,78,'speed_up','{\"new_speed\": 1.5, \"old_speed\": 1}',8,585,'2025-12-09 13:50:59'),(2990,7,21,78,'discussion','{\"discussion_type\": \"comment\"}',55,196,'2025-12-06 13:50:59'),(2991,7,21,78,'question_ask','{\"question_type\": \"text\"}',102,441,'2025-12-07 13:50:59'),(2992,7,21,78,'question_ask','{\"question_type\": \"text\"}',68,82,'2025-12-03 13:50:59'),(2993,7,21,78,'pause','{\"reason\": \"user\"}',105,1009,'2025-12-11 13:50:59'),(2994,7,21,78,'play','{\"action\": \"start\"}',78,158,'2025-11-23 13:50:59'),(2995,7,21,78,'question_ask','{\"question_type\": \"text\"}',77,336,'2025-12-06 13:50:59'),(2996,7,21,78,'quiz_attempt','{\"quiz_type\": \"multiple_choice\"}',39,203,'2025-11-17 13:50:59'),(2997,7,21,78,'discussion','{\"discussion_type\": \"comment\"}',51,424,'2025-12-10 13:50:59'),(2998,7,21,78,'speed_up','{\"new_speed\": 1.5, \"old_speed\": 1}',40,469,'2025-12-11 13:50:59'),(2999,7,21,78,'note_taking','{\"note_type\": \"text\", \"note_length\": 50}',71,1136,'2025-12-03 13:50:59'),(3000,7,21,78,'pause','{\"reason\": \"user\"}',90,206,'2025-11-23 13:50:59'),(3001,7,21,78,'play','{\"action\": \"start\"}',10,607,'2025-11-17 13:50:59'),(3002,7,21,78,'pause','{\"reason\": \"user\"}',42,122,'2025-11-15 13:50:59'),(3003,7,21,78,'focus_regain','{\"focus_lost_duration\": 30000}',68,689,'2025-12-03 13:51:00'),(3004,7,21,78,'seek_forward','{\"skip_duration\": 30}',0,540,'2025-12-04 13:51:00'),(3005,7,21,78,'chapter_complete','{\"completion_rate\": 100}',44,438,'2025-11-12 13:51:00'),(3006,7,21,78,'quiz_attempt','{\"quiz_type\": \"multiple_choice\"}',24,667,'2025-12-09 13:51:00'),(3007,7,21,78,'discussion','{\"discussion_type\": \"comment\"}',57,442,'2025-11-28 13:51:00'),(3008,7,21,78,'bookmark','{\"bookmark_position\": 300}',91,879,'2025-11-22 13:51:00'),(3009,7,21,78,'question_ask','{\"question_type\": \"text\"}',20,818,'2025-12-04 13:51:00'),(3010,7,21,78,'discussion','{\"discussion_type\": \"comment\"}',18,218,'2025-11-26 13:51:00'),(3011,7,21,78,'seek_forward','{\"skip_duration\": 30}',101,122,'2025-12-11 13:51:00'),(3012,7,21,78,'discussion','{\"discussion_type\": \"comment\"}',48,585,'2025-11-20 13:51:00'),(3013,7,21,78,'note_taking','{\"note_type\": \"text\", \"note_length\": 50}',2,303,'2025-12-01 13:51:00'),(3014,7,21,78,'quiz_attempt','{\"quiz_type\": \"multiple_choice\"}',16,788,'2025-11-16 13:51:00'),(3015,7,21,78,'speed_up','{\"new_speed\": 1.5, \"old_speed\": 1}',49,383,'2025-11-28 13:51:00'),(3016,7,21,78,'seek_forward','{\"skip_duration\": 30}',32,700,'2025-11-22 13:51:00'),(3017,7,21,78,'replay','{\"replay_duration\": 60}',48,694,'2025-12-01 13:51:00'),(3018,7,21,78,'pause','{\"reason\": \"user\"}',52,626,'2025-12-06 13:51:00'),(3019,7,21,78,'speed_down','{\"new_speed\": 0.75, \"old_speed\": 1}',66,86,'2025-11-26 13:51:00'),(3020,7,21,78,'speed_down','{\"new_speed\": 0.75, \"old_speed\": 1}',30,599,'2025-11-19 13:51:00'),(3021,7,21,78,'question_ask','{\"question_type\": \"text\"}',67,1162,'2025-12-07 13:51:00'),(3022,7,21,78,'seek_backward','{\"rewind_duration\": 15}',7,269,'2025-12-01 13:51:00'),(3023,7,21,78,'bookmark','{\"bookmark_position\": 300}',19,362,'2025-11-19 13:51:00'),(3024,7,21,78,'play','{\"action\": \"start\"}',30,669,'2025-11-12 13:51:00'),(3025,7,21,78,'quiz_attempt','{\"quiz_type\": \"multiple_choice\"}',80,720,'2025-11-22 13:51:00'),(3026,7,21,78,'note_taking','{\"note_type\": \"text\", \"note_length\": 50}',19,820,'2025-11-23 13:51:00'),(3027,7,21,78,'question_ask','{\"question_type\": \"text\"}',79,207,'2025-12-06 13:51:00'),(3028,7,21,78,'seek_forward','{\"skip_duration\": 30}',37,206,'2025-12-07 13:51:00'),(3029,7,21,78,'resource_download','{\"resource_type\": \"pdf\"}',85,1159,'2025-11-18 13:51:00'),(3030,7,21,78,'quiz_attempt','{\"quiz_type\": \"multiple_choice\"}',67,264,'2025-11-12 13:51:00'),(3031,7,21,78,'note_taking','{\"note_type\": \"text\", \"note_length\": 50}',58,597,'2025-12-11 13:51:00'),(3032,7,21,78,'speed_up','{\"new_speed\": 1.5, \"old_speed\": 1}',109,143,'2025-11-29 13:51:00'),(3033,7,21,78,'seek_forward','{\"skip_duration\": 30}',56,450,'2025-12-01 13:51:00'),(3034,7,21,78,'speed_down','{\"new_speed\": 0.75, \"old_speed\": 1}',32,63,'2025-11-24 13:51:00'),(3035,7,21,78,'seek_backward','{\"rewind_duration\": 15}',100,989,'2025-11-24 13:51:00'),(3036,7,21,78,'note_taking','{\"note_type\": \"text\", \"note_length\": 50}',109,1167,'2025-11-28 13:51:00'),(3037,7,21,78,'chapter_complete','{\"completion_rate\": 100}',87,808,'2025-11-26 13:51:00'),(3038,7,21,78,'bookmark','{\"bookmark_position\": 300}',7,936,'2025-11-28 13:51:00'),(3039,7,21,78,'play','{\"action\": \"start\"}',28,677,'2025-11-25 13:51:00'),(3040,8,21,78,'seek_backward','{\"rewind_duration\": 15}',104,405,'2025-12-10 13:51:00'),(3041,8,21,78,'speed_down','{\"new_speed\": 0.75, \"old_speed\": 1}',5,669,'2025-11-21 13:51:00'),(3042,8,21,78,'question_ask','{\"question_type\": \"text\"}',28,911,'2025-11-27 13:51:00'),(3043,8,21,78,'resource_download','{\"resource_type\": \"pdf\"}',45,869,'2025-11-15 13:51:00'),(3044,8,21,78,'chapter_complete','{\"completion_rate\": 100}',11,1027,'2025-11-22 13:51:00'),(3045,8,21,78,'bookmark','{\"bookmark_position\": 300}',17,641,'2025-12-11 13:51:00'),(3046,8,21,78,'pause','{\"reason\": \"user\"}',49,744,'2025-11-21 13:51:00'),(3047,8,21,78,'seek_backward','{\"rewind_duration\": 15}',78,515,'2025-11-14 13:51:00'),(3048,8,21,78,'discussion','{\"discussion_type\": \"comment\"}',26,873,'2025-12-02 13:51:00'),(3049,8,21,78,'speed_up','{\"new_speed\": 1.5, \"old_speed\": 1}',70,39,'2025-11-28 13:51:00'),(3050,8,21,78,'discussion','{\"discussion_type\": \"comment\"}',40,1137,'2025-11-14 13:51:00'),(3051,8,21,78,'focus_regain','{\"focus_lost_duration\": 30000}',21,668,'2025-11-27 13:51:00'),(3052,8,21,78,'speed_up','{\"new_speed\": 1.5, \"old_speed\": 1}',69,246,'2025-11-19 13:51:00'),(3053,8,21,78,'bookmark','{\"bookmark_position\": 300}',114,703,'2025-11-28 13:51:00'),(3054,8,21,78,'note_taking','{\"note_type\": \"text\", \"note_length\": 50}',20,1123,'2025-12-01 13:51:00'),(3055,8,21,78,'focus_lost','{\"lost_at_position\": 500}',52,673,'2025-11-20 13:51:00'),(3056,8,21,78,'replay','{\"replay_duration\": 60}',49,264,'2025-11-30 13:51:00'),(3057,8,21,78,'chapter_complete','{\"completion_rate\": 100}',37,396,'2025-11-30 13:51:00'),(3058,8,21,78,'note_taking','{\"note_type\": \"text\", \"note_length\": 50}',87,124,'2025-12-03 13:51:00'),(3059,8,21,78,'speed_up','{\"new_speed\": 1.5, \"old_speed\": 1}',89,1067,'2025-11-29 13:51:00'),(3060,8,21,78,'speed_up','{\"new_speed\": 1.5, \"old_speed\": 1}',85,928,'2025-11-22 13:51:00'),(3061,8,21,78,'focus_lost','{\"lost_at_position\": 500}',11,320,'2025-11-13 13:51:00'),(3062,8,21,78,'pause','{\"reason\": \"user\"}',109,937,'2025-12-08 13:51:00'),(3063,8,21,78,'pause','{\"reason\": \"user\"}',52,821,'2025-11-25 13:51:00'),(3064,8,21,78,'discussion','{\"discussion_type\": \"comment\"}',57,626,'2025-12-10 13:51:00'),(3065,8,21,78,'focus_lost','{\"lost_at_position\": 500}',96,838,'2025-11-14 13:51:00'),(3066,8,21,78,'bookmark','{\"bookmark_position\": 300}',110,1017,'2025-12-02 13:51:00'),(3067,8,21,78,'speed_up','{\"new_speed\": 1.5, \"old_speed\": 1}',65,500,'2025-12-05 13:51:00'),(3068,8,21,78,'play','{\"action\": \"start\"}',74,739,'2025-11-17 13:51:00'),(3069,8,21,78,'replay','{\"replay_duration\": 60}',98,200,'2025-11-25 13:51:00'),(3070,8,21,78,'focus_regain','{\"focus_lost_duration\": 30000}',109,340,'2025-11-22 13:51:00'),(3071,8,21,78,'seek_forward','{\"skip_duration\": 30}',57,313,'2025-11-30 13:51:00'),(3072,8,21,78,'seek_forward','{\"skip_duration\": 30}',34,71,'2025-12-08 13:51:00'),(3073,8,21,78,'note_taking','{\"note_type\": \"text\", \"note_length\": 50}',34,698,'2025-12-07 13:51:00'),(3074,8,21,78,'focus_lost','{\"lost_at_position\": 500}',56,436,'2025-11-18 13:51:00'),(3075,8,21,78,'question_ask','{\"question_type\": \"text\"}',28,39,'2025-11-25 13:51:00'),(3076,8,21,78,'focus_lost','{\"lost_at_position\": 500}',33,260,'2025-11-15 13:51:00'),(3077,8,21,78,'focus_regain','{\"focus_lost_duration\": 30000}',44,1019,'2025-11-22 13:51:00'),(3078,8,21,78,'speed_up','{\"new_speed\": 1.5, \"old_speed\": 1}',50,946,'2025-12-07 13:51:00'),(3079,8,21,78,'discussion','{\"discussion_type\": \"comment\"}',98,288,'2025-12-11 13:51:00'),(3080,8,21,78,'quiz_attempt','{\"quiz_type\": \"multiple_choice\"}',60,920,'2025-11-26 13:51:00'),(3081,8,21,78,'play','{\"action\": \"start\"}',104,925,'2025-11-17 13:51:00'),(3082,8,21,78,'discussion','{\"discussion_type\": \"comment\"}',90,278,'2025-11-13 13:51:00'),(3083,8,21,78,'play','{\"action\": \"start\"}',5,780,'2025-11-15 13:51:00'),(3084,8,21,78,'play','{\"action\": \"start\"}',67,311,'2025-11-14 13:51:00'),(3085,8,21,78,'resource_download','{\"resource_type\": \"pdf\"}',2,791,'2025-12-07 13:51:00'),(3086,8,21,78,'focus_lost','{\"lost_at_position\": 500}',25,280,'2025-12-07 13:51:00'),(3087,8,21,78,'resource_download','{\"resource_type\": \"pdf\"}',74,133,'2025-12-09 13:51:00'),(3088,8,21,78,'resource_download','{\"resource_type\": \"pdf\"}',113,965,'2025-11-30 13:51:00'),(3089,8,21,78,'quiz_attempt','{\"quiz_type\": \"multiple_choice\"}',95,807,'2025-11-24 13:51:00'),(3090,8,21,78,'quiz_attempt','{\"quiz_type\": \"multiple_choice\"}',30,126,'2025-11-23 13:51:00'),(3091,8,21,78,'quiz_attempt','{\"quiz_type\": \"multiple_choice\"}',71,646,'2025-11-29 13:51:00'),(3092,8,21,78,'pause','{\"reason\": \"user\"}',68,363,'2025-12-08 13:51:00'),(3093,8,21,78,'chapter_complete','{\"completion_rate\": 100}',79,388,'2025-12-09 13:51:00'),(3094,8,21,78,'focus_regain','{\"focus_lost_duration\": 30000}',66,21,'2025-11-29 13:51:00'),(3095,8,21,78,'seek_backward','{\"rewind_duration\": 15}',56,154,'2025-12-02 13:51:00'),(3096,8,21,78,'focus_lost','{\"lost_at_position\": 500}',21,738,'2025-12-09 13:51:00'),(3097,9,21,78,'replay','{\"replay_duration\": 60}',7,718,'2025-11-18 13:51:00'),(3098,9,21,78,'focus_lost','{\"lost_at_position\": 500}',47,224,'2025-11-17 13:51:00'),(3099,9,21,78,'focus_regain','{\"focus_lost_duration\": 30000}',73,384,'2025-11-25 13:51:00'),(3100,9,21,78,'note_taking','{\"note_type\": \"text\", \"note_length\": 50}',101,1137,'2025-12-05 13:51:00'),(3101,9,21,78,'chapter_complete','{\"completion_rate\": 100}',19,446,'2025-11-21 13:51:00'),(3102,9,21,78,'resource_download','{\"resource_type\": \"pdf\"}',76,123,'2025-11-23 13:51:00'),(3103,9,21,78,'resource_download','{\"resource_type\": \"pdf\"}',44,615,'2025-12-06 13:51:01'),(3104,9,21,78,'seek_forward','{\"skip_duration\": 30}',78,368,'2025-12-02 13:51:01'),(3105,9,21,78,'focus_regain','{\"focus_lost_duration\": 30000}',55,611,'2025-11-22 13:51:01'),(3106,9,21,78,'speed_down','{\"new_speed\": 0.75, \"old_speed\": 1}',6,330,'2025-11-23 13:51:01'),(3107,9,21,78,'quiz_attempt','{\"quiz_type\": \"multiple_choice\"}',118,904,'2025-12-03 13:51:01'),(3108,9,21,78,'speed_down','{\"new_speed\": 0.75, \"old_speed\": 1}',68,1003,'2025-11-13 13:51:01'),(3109,9,21,78,'bookmark','{\"bookmark_position\": 300}',48,781,'2025-11-26 13:51:01'),(3110,9,21,78,'speed_down','{\"new_speed\": 0.75, \"old_speed\": 1}',61,702,'2025-12-08 13:51:01'),(3111,9,21,78,'replay','{\"replay_duration\": 60}',97,469,'2025-11-22 13:51:01'),(3112,9,21,78,'pause','{\"reason\": \"user\"}',9,298,'2025-12-03 13:51:01'),(3113,9,21,78,'replay','{\"replay_duration\": 60}',83,526,'2025-11-15 13:51:01'),(3114,9,21,78,'pause','{\"reason\": \"user\"}',64,1047,'2025-12-02 13:51:01'),(3115,9,21,78,'chapter_complete','{\"completion_rate\": 100}',12,1170,'2025-11-30 13:51:01'),(3116,9,21,78,'focus_regain','{\"focus_lost_duration\": 30000}',41,406,'2025-11-26 13:51:01'),(3117,9,21,78,'note_taking','{\"note_type\": \"text\", \"note_length\": 50}',107,170,'2025-12-07 13:51:01'),(3118,9,21,78,'quiz_attempt','{\"quiz_type\": \"multiple_choice\"}',54,201,'2025-12-11 13:51:01'),(3119,9,21,78,'note_taking','{\"note_type\": \"text\", \"note_length\": 50}',86,695,'2025-11-28 13:51:01'),(3120,9,21,78,'question_ask','{\"question_type\": \"text\"}',15,207,'2025-11-27 13:51:01'),(3121,9,21,78,'focus_regain','{\"focus_lost_duration\": 30000}',99,79,'2025-11-24 13:51:01'),(3122,9,21,78,'focus_lost','{\"lost_at_position\": 500}',51,1069,'2025-12-05 13:51:01'),(3123,9,21,78,'bookmark','{\"bookmark_position\": 300}',78,10,'2025-12-06 13:51:01'),(3124,9,21,78,'seek_backward','{\"rewind_duration\": 15}',25,824,'2025-12-10 13:51:01'),(3125,9,21,78,'seek_forward','{\"skip_duration\": 30}',83,101,'2025-11-29 13:51:01'),(3126,9,21,78,'play','{\"action\": \"start\"}',112,226,'2025-12-03 13:51:01'),(3127,9,21,78,'question_ask','{\"question_type\": \"text\"}',84,1079,'2025-11-17 13:51:01'),(3128,9,21,78,'question_ask','{\"question_type\": \"text\"}',76,766,'2025-12-11 13:51:01'),(3129,9,21,78,'focus_lost','{\"lost_at_position\": 500}',99,834,'2025-11-25 13:51:01'),(3130,9,21,78,'pause','{\"reason\": \"user\"}',63,973,'2025-11-13 13:51:01'),(3131,9,21,78,'discussion','{\"discussion_type\": \"comment\"}',0,806,'2025-11-23 13:51:01'),(3132,9,21,78,'seek_backward','{\"rewind_duration\": 15}',91,999,'2025-11-15 13:51:01'),(3133,9,21,78,'discussion','{\"discussion_type\": \"comment\"}',89,257,'2025-11-16 13:51:01'),(3134,9,21,78,'focus_lost','{\"lost_at_position\": 500}',15,1144,'2025-11-29 13:51:01'),(3135,9,21,78,'seek_backward','{\"rewind_duration\": 15}',2,963,'2025-11-13 13:51:01'),(3136,9,21,78,'seek_backward','{\"rewind_duration\": 15}',44,1024,'2025-11-17 13:51:01'),(3137,9,21,78,'focus_regain','{\"focus_lost_duration\": 30000}',44,606,'2025-12-10 13:51:01'),(3138,9,21,78,'quiz_attempt','{\"quiz_type\": \"multiple_choice\"}',45,483,'2025-11-27 13:51:01'),(3139,9,21,78,'play','{\"action\": \"start\"}',110,1028,'2025-12-02 13:51:01'),(3140,9,21,78,'quiz_attempt','{\"quiz_type\": \"multiple_choice\"}',50,246,'2025-12-04 13:51:01'),(3141,9,21,78,'resource_download','{\"resource_type\": \"pdf\"}',12,568,'2025-11-15 13:51:01'),(3142,9,21,78,'focus_regain','{\"focus_lost_duration\": 30000}',54,971,'2025-11-25 13:51:01'),(3143,9,21,78,'play','{\"action\": \"start\"}',62,850,'2025-11-29 13:51:01'),(3144,9,21,78,'chapter_complete','{\"completion_rate\": 100}',5,432,'2025-11-26 13:51:01'),(3145,9,21,78,'note_taking','{\"note_type\": \"text\", \"note_length\": 50}',57,99,'2025-11-28 13:51:01'),(3146,9,21,78,'bookmark','{\"bookmark_position\": 300}',6,48,'2025-11-27 13:51:01'),(3147,10,21,78,'discussion','{\"discussion_type\": \"comment\"}',36,1114,'2025-12-05 13:51:01'),(3148,10,21,78,'speed_down','{\"new_speed\": 0.75, \"old_speed\": 1}',3,615,'2025-11-22 13:51:01'),(3149,10,21,78,'note_taking','{\"note_type\": \"text\", \"note_length\": 50}',113,1035,'2025-11-14 13:51:01'),(3150,10,21,78,'focus_regain','{\"focus_lost_duration\": 30000}',11,1,'2025-12-06 13:51:01'),(3151,10,21,78,'note_taking','{\"note_type\": \"text\", \"note_length\": 50}',96,83,'2025-11-14 13:51:01'),(3152,10,21,78,'note_taking','{\"note_type\": \"text\", \"note_length\": 50}',108,736,'2025-11-20 13:51:01'),(3153,10,21,78,'bookmark','{\"bookmark_position\": 300}',2,569,'2025-11-13 13:51:01'),(3154,10,21,78,'chapter_complete','{\"completion_rate\": 100}',5,434,'2025-11-15 13:51:01'),(3155,10,21,78,'resource_download','{\"resource_type\": \"pdf\"}',21,193,'2025-11-24 13:51:01'),(3156,10,21,78,'quiz_attempt','{\"quiz_type\": \"multiple_choice\"}',59,146,'2025-11-28 13:51:01'),(3157,10,21,78,'note_taking','{\"note_type\": \"text\", \"note_length\": 50}',113,937,'2025-12-07 13:51:01'),(3158,10,21,78,'focus_lost','{\"lost_at_position\": 500}',118,557,'2025-11-16 13:51:01'),(3159,10,21,78,'chapter_complete','{\"completion_rate\": 100}',13,1065,'2025-12-04 13:51:01'),(3160,10,21,78,'resource_download','{\"resource_type\": \"pdf\"}',4,93,'2025-12-06 13:51:01'),(3161,10,21,78,'bookmark','{\"bookmark_position\": 300}',30,1185,'2025-11-28 13:51:01'),(3162,10,21,78,'discussion','{\"discussion_type\": \"comment\"}',64,1169,'2025-11-18 13:51:01'),(3163,10,21,78,'pause','{\"reason\": \"user\"}',104,559,'2025-12-08 13:51:01'),(3164,10,21,78,'resource_download','{\"resource_type\": \"pdf\"}',50,773,'2025-12-10 13:51:01'),(3165,10,21,78,'speed_up','{\"new_speed\": 1.5, \"old_speed\": 1}',93,1127,'2025-12-05 13:51:01'),(3166,10,21,78,'discussion','{\"discussion_type\": \"comment\"}',19,967,'2025-11-20 13:51:01'),(3167,10,21,78,'pause','{\"reason\": \"user\"}',23,304,'2025-11-21 13:51:01'),(3168,10,21,78,'seek_backward','{\"rewind_duration\": 15}',77,392,'2025-11-27 13:51:01'),(3169,10,21,78,'chapter_complete','{\"completion_rate\": 100}',47,899,'2025-11-22 13:51:01'),(3170,10,21,78,'seek_forward','{\"skip_duration\": 30}',25,1031,'2025-11-22 13:51:01'),(3171,10,21,78,'play','{\"action\": \"start\"}',58,1117,'2025-11-22 13:51:01'),(3172,10,21,78,'replay','{\"replay_duration\": 60}',73,273,'2025-12-09 13:51:01'),(3173,10,21,78,'seek_backward','{\"rewind_duration\": 15}',23,1064,'2025-12-06 13:51:01'),(3174,10,21,78,'focus_lost','{\"lost_at_position\": 500}',31,889,'2025-11-14 13:51:01'),(3175,10,21,78,'resource_download','{\"resource_type\": \"pdf\"}',12,211,'2025-12-07 13:51:01'),(3176,10,21,78,'play','{\"action\": \"start\"}',75,240,'2025-11-16 13:51:01'),(3177,10,21,78,'seek_forward','{\"skip_duration\": 30}',11,1058,'2025-11-21 13:51:01'),(3178,10,21,78,'speed_down','{\"new_speed\": 0.75, \"old_speed\": 1}',92,578,'2025-12-11 13:51:01'),(3179,10,21,78,'focus_regain','{\"focus_lost_duration\": 30000}',100,142,'2025-11-23 13:51:01'),(3180,10,21,78,'seek_forward','{\"skip_duration\": 30}',34,809,'2025-11-13 13:51:01'),(3181,10,21,78,'speed_up','{\"new_speed\": 1.5, \"old_speed\": 1}',106,325,'2025-11-28 13:51:01'),(3182,10,21,78,'speed_up','{\"new_speed\": 1.5, \"old_speed\": 1}',87,755,'2025-11-16 13:51:01'),(3183,10,21,78,'play','{\"action\": \"start\"}',28,882,'2025-12-10 13:51:01'),(3184,10,21,78,'quiz_attempt','{\"quiz_type\": \"multiple_choice\"}',49,1151,'2025-12-07 13:51:01'),(3185,10,21,78,'play','{\"action\": \"start\"}',105,246,'2025-11-16 13:51:01'),(3186,10,21,78,'question_ask','{\"question_type\": \"text\"}',85,460,'2025-11-27 13:51:01'),(3187,10,21,78,'quiz_attempt','{\"quiz_type\": \"multiple_choice\"}',25,281,'2025-11-25 13:51:01'),(3188,10,21,78,'focus_regain','{\"focus_lost_duration\": 30000}',72,222,'2025-11-13 13:51:01'),(3189,10,21,78,'focus_regain','{\"focus_lost_duration\": 30000}',60,228,'2025-11-22 13:51:01'),(3190,10,21,78,'question_ask','{\"question_type\": \"text\"}',108,57,'2025-11-28 13:51:01'),(3191,10,21,78,'pause','{\"reason\": \"user\"}',73,1161,'2025-11-19 13:51:01'),(3192,10,21,78,'speed_up','{\"new_speed\": 1.5, \"old_speed\": 1}',15,545,'2025-11-20 13:51:01'),(3193,10,21,78,'play','{\"action\": \"start\"}',118,1012,'2025-11-12 13:51:01'),(3194,10,21,78,'seek_backward','{\"rewind_duration\": 15}',21,652,'2025-12-03 13:51:01'),(3195,10,21,78,'focus_lost','{\"lost_at_position\": 500}',25,1142,'2025-12-01 13:51:01'),(3196,10,21,78,'speed_up','{\"new_speed\": 1.5, \"old_speed\": 1}',105,1029,'2025-12-08 13:51:01'),(3197,10,21,78,'speed_up','{\"new_speed\": 1.5, \"old_speed\": 1}',87,315,'2025-11-14 13:51:01'),(3198,10,21,78,'focus_lost','{\"lost_at_position\": 500}',115,25,'2025-11-13 13:51:01'),(3199,10,21,78,'bookmark','{\"bookmark_position\": 300}',65,949,'2025-11-27 13:51:01'),(3200,10,21,78,'seek_backward','{\"rewind_duration\": 15}',43,2,'2025-12-07 13:51:01'),(3201,10,21,78,'seek_backward','{\"rewind_duration\": 15}',48,27,'2025-12-03 13:51:01'),(3202,10,21,78,'focus_regain','{\"focus_lost_duration\": 30000}',4,342,'2025-11-30 13:51:01'),(3203,10,21,78,'seek_backward','{\"rewind_duration\": 15}',46,406,'2025-12-05 13:51:01'),(3204,11,21,78,'speed_up','{\"new_speed\": 1.5, \"old_speed\": 1}',79,135,'2025-11-20 13:51:01'),(3205,11,21,78,'speed_down','{\"new_speed\": 0.75, \"old_speed\": 1}',107,135,'2025-12-06 13:51:01'),(3206,11,21,78,'discussion','{\"discussion_type\": \"comment\"}',39,1036,'2025-12-03 13:51:01'),(3207,11,21,78,'question_ask','{\"question_type\": \"text\"}',8,654,'2025-11-18 13:51:01'),(3208,11,21,78,'quiz_attempt','{\"quiz_type\": \"multiple_choice\"}',27,191,'2025-11-26 13:51:01'),(3209,11,21,78,'play','{\"action\": \"start\"}',17,940,'2025-12-02 13:51:01'),(3210,11,21,78,'bookmark','{\"bookmark_position\": 300}',21,948,'2025-12-03 13:51:02'),(3211,11,21,78,'resource_download','{\"resource_type\": \"pdf\"}',28,292,'2025-11-13 13:51:02'),(3212,11,21,78,'question_ask','{\"question_type\": \"text\"}',88,693,'2025-12-07 13:51:02'),(3213,11,21,78,'replay','{\"replay_duration\": 60}',112,481,'2025-12-06 13:51:02'),(3214,11,21,78,'replay','{\"replay_duration\": 60}',27,538,'2025-11-12 13:51:02'),(3215,11,21,78,'discussion','{\"discussion_type\": \"comment\"}',22,545,'2025-11-22 13:51:02'),(3216,11,21,78,'resource_download','{\"resource_type\": \"pdf\"}',61,28,'2025-12-02 13:51:02'),(3217,11,21,78,'focus_lost','{\"lost_at_position\": 500}',13,381,'2025-11-25 13:51:02'),(3218,11,21,78,'speed_up','{\"new_speed\": 1.5, \"old_speed\": 1}',32,684,'2025-11-30 13:51:02'),(3219,11,21,78,'pause','{\"reason\": \"user\"}',85,238,'2025-11-21 13:51:02'),(3220,11,21,78,'focus_regain','{\"focus_lost_duration\": 30000}',12,1180,'2025-11-13 13:51:02'),(3221,11,21,78,'speed_down','{\"new_speed\": 0.75, \"old_speed\": 1}',42,42,'2025-11-15 13:51:02'),(3222,11,21,78,'seek_backward','{\"rewind_duration\": 15}',75,591,'2025-11-16 13:51:02'),(3223,11,21,78,'resource_download','{\"resource_type\": \"pdf\"}',5,1073,'2025-11-18 13:51:02'),(3224,11,21,78,'note_taking','{\"note_type\": \"text\", \"note_length\": 50}',6,738,'2025-11-29 13:51:02'),(3225,11,21,78,'focus_regain','{\"focus_lost_duration\": 30000}',89,715,'2025-12-09 13:51:02'),(3226,11,21,78,'seek_backward','{\"rewind_duration\": 15}',113,1010,'2025-12-06 13:51:02'),(3227,11,21,78,'play','{\"action\": \"start\"}',0,656,'2025-11-17 13:51:02'),(3228,11,21,78,'discussion','{\"discussion_type\": \"comment\"}',2,550,'2025-12-05 13:51:02'),(3229,11,21,78,'quiz_attempt','{\"quiz_type\": \"multiple_choice\"}',13,1175,'2025-12-02 13:51:02'),(3230,11,21,78,'chapter_complete','{\"completion_rate\": 100}',59,161,'2025-12-04 13:51:02'),(3231,11,21,78,'seek_backward','{\"rewind_duration\": 15}',58,184,'2025-12-06 13:51:02'),(3232,11,21,78,'replay','{\"replay_duration\": 60}',119,976,'2025-11-26 13:51:02'),(3233,11,21,78,'speed_up','{\"new_speed\": 1.5, \"old_speed\": 1}',52,591,'2025-11-21 13:51:02'),(3234,11,21,78,'play','{\"action\": \"start\"}',63,517,'2025-11-16 13:51:02'),(3235,11,21,78,'bookmark','{\"bookmark_position\": 300}',18,903,'2025-12-06 13:51:02'),(3236,11,21,78,'speed_up','{\"new_speed\": 1.5, \"old_speed\": 1}',57,5,'2025-12-03 13:51:02'),(3237,11,21,78,'quiz_attempt','{\"quiz_type\": \"multiple_choice\"}',87,532,'2025-11-21 13:51:02'),(3238,11,21,78,'question_ask','{\"question_type\": \"text\"}',98,72,'2025-11-21 13:51:02'),(3239,11,21,78,'bookmark','{\"bookmark_position\": 300}',104,1006,'2025-12-04 13:51:02'),(3240,11,21,78,'question_ask','{\"question_type\": \"text\"}',102,938,'2025-12-06 13:51:02'),(3241,11,21,78,'discussion','{\"discussion_type\": \"comment\"}',34,1076,'2025-11-12 13:51:02'),(3242,11,21,78,'focus_regain','{\"focus_lost_duration\": 30000}',58,334,'2025-12-02 13:51:02'),(3243,11,21,78,'quiz_attempt','{\"quiz_type\": \"multiple_choice\"}',107,420,'2025-12-11 13:51:02'),(3244,11,21,78,'note_taking','{\"note_type\": \"text\", \"note_length\": 50}',92,386,'2025-11-29 13:51:02'),(3245,11,21,78,'focus_lost','{\"lost_at_position\": 500}',102,172,'2025-11-30 13:51:02'),(3246,11,21,78,'chapter_complete','{\"completion_rate\": 100}',89,1169,'2025-11-13 13:51:02'),(3247,11,21,78,'replay','{\"replay_duration\": 60}',40,267,'2025-11-23 13:51:02'),(3248,11,21,78,'resource_download','{\"resource_type\": \"pdf\"}',24,27,'2025-11-17 13:51:02'),(3249,11,21,78,'focus_regain','{\"focus_lost_duration\": 30000}',107,888,'2025-12-11 13:51:02'),(3250,11,21,78,'discussion','{\"discussion_type\": \"comment\"}',35,944,'2025-11-18 13:51:02'),(3251,11,21,78,'focus_lost','{\"lost_at_position\": 500}',79,23,'2025-11-23 13:51:02'),(3252,11,21,78,'replay','{\"replay_duration\": 60}',48,1059,'2025-12-09 13:51:02'),(3253,11,21,78,'seek_forward','{\"skip_duration\": 30}',88,1099,'2025-11-27 13:51:02'),(3254,11,21,78,'seek_backward','{\"rewind_duration\": 15}',9,1104,'2025-12-07 13:51:02'),(3255,11,21,78,'replay','{\"replay_duration\": 60}',92,266,'2025-11-20 13:51:02'),(3256,11,21,78,'focus_lost','{\"lost_at_position\": 500}',73,6,'2025-12-03 13:51:02'),(3257,14,3,9,'play','{\"action\": \"start\", \"device\": \"PC\", \"video_title\": \"短对话真题练习1\"}',0,0,'2025-12-15 02:00:00'),(3258,14,3,9,'pause','{\"reason\": \"记笔记\", \"note_topic\": \"连读规则\", \"pause_position\": 180}',0,180,'2025-12-15 02:03:00'),(3259,14,3,9,'note_taking','{\"keywords\": [\"连读\", \"弱读\"], \"note_type\": \"听力技巧\", \"note_length\": 150}',120,200,'2025-12-15 02:05:00'),(3260,14,3,9,'bookmark','{\"note\": \"重要解题技巧：注意时间表达\", \"bookmark_position\": 320}',0,320,'2025-12-15 02:08:00'),(3261,14,3,10,'play','{\"action\": \"start\", \"device\": \"Mobile\", \"video_title\": \"长对话真题练习\"}',0,0,'2025-12-16 06:00:00'),(3262,14,3,10,'speed_up','{\"reason\": \"复习已掌握内容\", \"new_speed\": 1.25, \"old_speed\": 1}',0,300,'2025-12-16 06:05:00'),(3263,14,3,10,'replay','{\"reason\": \"没听清楚对话\", \"end_position\": 540, \"start_position\": 450, \"replay_duration\": 90}',0,540,'2025-12-16 06:10:00'),(3264,14,3,11,'play','{\"action\": \"start\", \"device\": \"PC\", \"video_title\": \"短文听力训练\"}',0,0,'2025-12-17 01:00:00'),(3265,14,3,11,'focus_lost','{\"reason\": \"手机通知干扰\", \"duration_seconds\": 120, \"lost_at_position\": 400}',0,400,'2025-12-17 01:06:40'),(3266,14,3,11,'focus_regain','{\"regain_at_position\": 400, \"focus_lost_duration\": 120}',0,400,'2025-12-17 01:08:40'),(3267,14,3,12,'play','{\"action\": \"start\", \"video_title\": \"听力技巧总结\"}',0,0,'2025-12-18 08:30:00'),(3268,14,3,12,'seek_backward','{\"reason\": \"重听技巧\", \"to_position\": 120, \"from_position\": 150, \"rewind_duration\": 30}',0,120,'2025-12-18 08:32:30'),(3269,14,3,12,'quiz_attempt','{\"score\": 85, \"quiz_type\": \"听力测试\", \"questions_count\": 20}',300,200,'2025-12-18 08:35:00'),(3270,14,3,12,'chapter_complete','{\"total_time\": 1800, \"achievement\": \"完成所有听力练习\", \"completion_rate\": 100}',0,600,'2025-12-18 09:00:00'),(3271,101,3,9,'play','{\"action\": \"start\", \"video_title\": \"短对话真题练习1\"}',0,0,'2025-12-18 02:00:00'),(3272,101,3,9,'note_taking','{\"note_type\": \"词汇积累\", \"note_length\": 80}',90,150,'2025-12-18 02:02:30'),(3273,102,3,10,'play','{\"action\": \"start\", \"video_title\": \"长对话真题练习\"}',0,0,'2025-12-19 06:00:00'),(3274,102,3,10,'discussion','{\"question\": \"如何提高长对话的理解速度？\", \"discussion_type\": \"提问\"}',180,250,'2025-12-19 06:04:00'),(3275,103,3,11,'play','{\"action\": \"start\", \"video_title\": \"短文听力训练\"}',0,0,'2025-12-20 01:00:00'),(3276,103,3,11,'resource_download','{\"size\": \"2.3MB\", \"resource_name\": \"听力词汇表.pdf\", \"resource_type\": \"pdf\"}',0,350,'2025-12-20 01:05:50');
/*!40000 ALTER TABLE `learning_behaviors` ENABLE KEYS */;

--
-- Table structure for table `learning_detail`
--

DROP TABLE IF EXISTS `learning_detail`;
/*!40101 SET @saved_cs_client     = @@character_set_client */;
/*!50503 SET character_set_client = utf8mb4 */;
CREATE TABLE `learning_detail` (
  `learn_id` bigint NOT NULL AUTO_INCREMENT,
  `user_id` int NOT NULL,
  `course_id` int NOT NULL,
  `video_id` int NOT NULL,
  `learn_time` datetime DEFAULT CURRENT_TIMESTAMP,
  `learn_duration` int NOT NULL,
  `play_speed` decimal(3,2) DEFAULT '1.00',
  `pause_count` int DEFAULT '0',
  `complete_rate` decimal(5,2) DEFAULT '0.00',
  `current_position` int DEFAULT '0',
  PRIMARY KEY (`learn_id`),
  KEY `video_id` (`video_id`),
  KEY `idx_user_video` (`user_id`,`video_id`),
  KEY `idx_learn_time` (`learn_time`),
  KEY `idx_course` (`course_id`),
  CONSTRAINT `learning_detail_ibfk_1` FOREIGN KEY (`user_id`) REFERENCES `user` (`user_id`),
  CONSTRAINT `learning_detail_ibfk_2` FOREIGN KEY (`course_id`) REFERENCES `course` (`course_id`),
  CONSTRAINT `learning_detail_ibfk_3` FOREIGN KEY (`video_id`) REFERENCES `course_video` (`video_id`)
) ENGINE=InnoDB AUTO_INCREMENT=195 DEFAULT CHARSET=utf8mb4 COLLATE=utf8mb4_unicode_ci;
/*!40101 SET character_set_client = @saved_cs_client */;

--
-- Dumping data for table `learning_detail`
--

/*!40000 ALTER TABLE `learning_detail` DISABLE KEYS */;
INSERT INTO `learning_detail` VALUES (1,6,1,1,'2025-11-29 10:00:00',900,1.00,0,100.00,900),(2,6,1,2,'2025-11-29 11:00:00',720,1.00,0,100.00,720),(3,6,1,3,'2025-11-29 12:00:00',600,1.00,1,50.00,600),(4,6,9,27,'2025-11-29 14:00:00',600,1.00,0,100.00,600),(5,7,2,8,'2025-11-29 09:00:00',600,1.00,0,100.00,600),(6,7,2,9,'2025-11-29 10:00:00',720,1.00,0,100.00,720),(7,7,4,19,'2025-11-29 13:00:00',300,1.00,2,33.33,300),(8,8,3,14,'2025-11-29 08:00:00',900,1.00,0,100.00,900),(9,8,3,15,'2025-11-29 09:30:00',900,1.00,1,100.00,900),(10,8,6,23,'2025-11-29 15:00:00',400,1.00,0,37.04,400),(11,9,7,25,'2025-11-29 10:00:00',1200,1.00,0,80.00,1200),(12,9,7,25,'2025-11-29 12:00:00',1080,1.00,1,72.00,1080),(13,9,5,21,'2025-11-29 16:00:00',300,1.00,0,41.67,300),(14,10,8,26,'2025-11-29 11:00:00',600,1.00,0,66.67,600),(15,10,8,26,'2025-11-29 13:00:00',900,1.00,0,100.00,900),(16,10,10,33,'2025-11-29 17:00:00',800,1.00,2,74.07,800),(17,14,5,22,'2025-12-01 13:14:18',395,1.00,0,47.00,395),(18,14,5,22,'2025-12-01 13:14:19',467,1.00,0,55.56,467),(19,14,2,8,'2025-12-01 21:13:56',148,1.00,0,24.72,148),(20,14,2,8,'2025-12-01 21:53:16',156,0.75,0,26.03,156),(21,14,2,8,'2025-12-02 10:28:32',164,1.00,0,27.31,164),(22,14,2,11,'2025-12-02 10:28:37',184,1.00,0,27.95,184),(23,14,2,11,'2025-12-02 10:28:47',193,1.00,0,29.25,193),(24,14,2,11,'2025-12-02 10:28:57',202,1.00,0,30.56,202),(25,14,2,11,'2025-12-02 10:29:07',210,1.00,0,31.87,210),(26,14,2,11,'2025-12-02 10:29:17',219,1.00,0,33.17,219),(27,14,2,11,'2025-12-02 10:29:27',228,1.00,0,34.48,228),(28,14,2,11,'2025-12-02 10:29:38',236,1.00,0,35.78,236),(29,14,2,8,'2025-12-04 11:17:32',285,1.00,0,47.47,285),(30,14,2,8,'2025-12-04 11:17:35',422,1.00,0,70.28,422),(31,14,1,1,'2025-11-29 13:53:28',900,1.00,0,100.00,900),(32,14,1,2,'2025-11-30 13:53:28',720,1.25,1,100.00,720),(33,14,2,8,'2025-12-01 13:53:28',600,0.75,0,100.00,600),(34,14,2,9,'2025-12-02 13:53:28',720,1.00,0,100.00,720),(35,14,3,14,'2025-12-03 13:53:28',900,1.50,0,100.00,900),(36,14,5,21,'2025-12-04 13:53:28',720,1.25,2,100.00,720),(37,14,1,3,'2025-12-04 13:53:28',1200,2.00,1,50.00,600),(38,14,2,9,'2025-12-04 14:11:17',720,1.00,0,100.00,720),(39,14,2,9,'2025-12-04 14:11:18',720,1.00,0,100.00,720),(40,14,2,9,'2025-12-04 14:11:24',5,1.00,0,0.65,5),(41,14,2,9,'2025-12-04 14:11:28',121,1.00,0,16.84,121),(42,14,2,9,'2025-12-04 14:11:35',282,1.00,0,39.23,282),(43,14,2,9,'2025-12-04 14:43:41',332,1.00,0,46.05,332),(44,14,2,9,'2025-12-04 14:43:45',412,1.00,0,57.28,412),(45,14,2,9,'2025-12-04 14:43:50',511,1.00,0,71.04,511),(46,14,2,9,'2025-12-04 14:43:52',583,1.00,0,80.95,583),(47,14,2,10,'2025-12-04 14:46:51',212,1.00,0,39.20,212),(48,14,2,10,'2025-12-04 14:46:55',414,1.00,0,76.76,414),(49,14,3,14,'2025-12-04 14:48:04',900,1.00,0,100.00,900),(50,14,3,14,'2025-12-04 14:48:05',900,1.00,0,100.00,900),(51,14,3,14,'2025-12-04 14:48:11',5,1.00,0,0.55,5),(52,14,3,14,'2025-12-04 14:48:18',231,1.00,0,25.69,231),(53,14,3,14,'2025-12-04 14:48:21',439,1.00,0,48.75,439),(54,14,5,21,'2025-12-05 23:54:54',720,1.00,0,100.00,720),(55,14,5,21,'2025-12-05 23:55:05',1,1.00,0,0.11,1),(56,14,5,21,'2025-12-05 23:55:54',8,1.00,0,1.18,8),(57,14,5,21,'2025-12-05 23:56:48',16,1.00,0,2.25,16),(58,14,3,14,'2025-12-09 08:04:09',448,0.75,0,49.77,448),(59,14,3,14,'2025-12-09 08:04:54',458,1.00,0,50.86,458),(60,14,3,14,'2025-12-09 08:04:59',467,1.25,0,51.91,467),(61,14,3,14,'2025-12-09 08:05:04',477,1.00,0,52.95,477),(62,14,2,9,'2025-12-09 09:12:53',591,1.25,0,82.13,591),(63,14,2,8,'2025-12-09 09:13:25',429,1.00,0,71.55,429),(64,14,2,8,'2025-12-09 09:13:30',437,1.00,0,72.81,437),(65,14,2,9,'2025-12-09 09:13:58',601,1.50,0,83.41,601),(66,14,2,9,'2025-12-09 09:14:08',609,1.00,0,84.62,609),(67,14,7,25,'2025-12-09 10:38:19',16,1.00,0,1.07,16),(68,14,6,23,'2025-12-09 11:27:59',88,1.00,0,8.17,88),(161,14,6,23,'2025-12-15 19:47:21',1,1.00,0,1.23,13),(162,14,6,23,'2025-12-15 19:47:33',1,1.00,0,2.47,27),(163,14,6,23,'2025-12-15 19:47:45',1,1.00,0,3.68,40),(164,116,6,23,'2025-12-16 10:53:39',12,1.00,0,69.27,748),(165,116,6,24,'2025-12-16 10:53:50',10,1.00,0,54.78,657),(166,14,6,23,'2025-12-20 18:57:58',1,1.25,0,1.06,11),(167,14,6,23,'2025-12-20 20:15:37',6,1.00,0,35.69,385),(168,14,6,23,'2025-12-20 20:24:26',1,1.00,0,1.02,11),(169,14,6,23,'2025-12-20 20:24:36',1,1.00,0,2.04,22),(170,14,6,23,'2025-12-20 20:24:46',1,1.00,0,3.06,33),(171,14,6,23,'2025-12-20 20:24:57',1,1.00,0,4.08,44),(172,14,6,23,'2025-12-20 20:25:07',1,1.75,0,5.11,55),(173,14,6,23,'2025-12-20 20:47:27',1,1.00,0,1.06,11),(174,14,6,23,'2025-12-20 20:47:33',1,0.50,0,2.08,22),(175,14,6,24,'2025-12-20 20:54:29',1,1.00,0,2.10,25),(176,14,3,14,'2025-12-22 23:26:14',1,1.50,0,1.05,9),(177,14,3,14,'2025-12-22 23:26:33',1,0.75,0,1.09,10),(178,14,3,14,'2025-12-22 23:26:42',1,1.00,0,2.10,19),(179,14,3,15,'2025-12-22 23:26:57',7,1.00,0,50.10,451),(180,14,3,15,'2025-12-22 23:27:02',7,1.00,0,52.85,476),(181,14,3,15,'2025-12-22 23:27:07',8,1.00,0,55.61,501),(182,14,3,14,'2025-12-22 23:27:09',8,1.00,0,55.61,501),(183,14,3,14,'2025-12-23 00:38:54',1,1.50,0,1.05,9),(184,14,3,14,'2025-12-23 00:39:18',1,0.75,0,1.07,10),(185,14,3,14,'2025-12-23 00:39:27',1,1.50,0,2.11,19),(186,14,3,14,'2025-12-23 00:44:16',1,0.75,0,1.08,10),(187,14,3,14,'2025-12-23 00:44:26',1,1.00,0,2.11,19),(188,14,3,14,'2025-12-23 00:46:29',1,1.00,0,1.08,10),(189,14,3,14,'2025-12-23 00:47:05',1,1.00,0,1.07,10),(190,14,3,14,'2025-12-23 00:47:14',1,1.00,0,2.10,19),(191,14,3,14,'2025-12-23 00:47:25',1,1.00,0,3.15,28),(192,14,3,14,'2025-12-23 00:47:35',1,1.00,0,4.20,38),(193,14,3,14,'2025-12-23 00:47:45',1,1.00,0,5.25,47),(194,14,3,14,'2025-12-23 00:47:55',1,1.00,0,6.31,57);
/*!40000 ALTER TABLE `learning_detail` ENABLE KEYS */;

--
-- Table structure for table `learning_session`
--

DROP TABLE IF EXISTS `learning_session`;
/*!40101 SET @saved_cs_client     = @@character_set_client */;
/*!50503 SET character_set_client = utf8mb4 */;
CREATE TABLE `learning_session` (
  `id` bigint NOT NULL AUTO_INCREMENT,
  `user_id` int NOT NULL,
  `course_id` int NOT NULL,
  `chapter_id` int DEFAULT NULL,
  `video_id` int DEFAULT NULL,
  `focus_duration` int NOT NULL COMMENT '专注时长(秒)',
  `focus_score` decimal(5,2) DEFAULT NULL COMMENT '专注度评分',
  `session_type` enum('video','quiz','practice','review','reading','discussion') CHARACTER SET utf8mb4 COLLATE utf8mb4_unicode_ci DEFAULT 'video' COMMENT '学习类型',
  `start_time` timestamp NULL DEFAULT NULL COMMENT '开始时间',
  `end_time` timestamp NULL DEFAULT NULL COMMENT '结束时间',
  `created_at` timestamp NULL DEFAULT CURRENT_TIMESTAMP,
  PRIMARY KEY (`id`),
  KEY `idx_user` (`user_id`),
  KEY `idx_course` (`course_id`),
  KEY `idx_chapter` (`chapter_id`),
  KEY `idx_video` (`video_id`),
  KEY `idx_time` (`start_time`,`end_time`),
  KEY `idx_type` (`session_type`),
  CONSTRAINT `fk_learning_session_chapter` FOREIGN KEY (`chapter_id`) REFERENCES `course_chapter` (`chapter_id`) ON DELETE SET NULL,
  CONSTRAINT `fk_learning_session_course` FOREIGN KEY (`course_id`) REFERENCES `course` (`course_id`) ON DELETE CASCADE,
  CONSTRAINT `fk_learning_session_user` FOREIGN KEY (`user_id`) REFERENCES `user` (`user_id`) ON DELETE CASCADE,
  CONSTRAINT `fk_learning_session_video` FOREIGN KEY (`video_id`) REFERENCES `course_video` (`video_id`) ON DELETE SET NULL
) ENGINE=InnoDB DEFAULT CHARSET=utf8mb4 COLLATE=utf8mb4_unicode_ci COMMENT='学习会话记录表';
/*!40101 SET character_set_client = @saved_cs_client */;

--
-- Dumping data for table `learning_session`
--

/*!40000 ALTER TABLE `learning_session` DISABLE KEYS */;
/*!40000 ALTER TABLE `learning_session` ENABLE KEYS */;

--
-- Table structure for table `learning_style`
--

DROP TABLE IF EXISTS `learning_style`;
/*!40101 SET @saved_cs_client     = @@character_set_client */;
/*!50503 SET character_set_client = utf8mb4 */;
CREATE TABLE `learning_style` (
  `id` int NOT NULL AUTO_INCREMENT,
  `user_id` int NOT NULL,
  `learning_style_type` varchar(50) CHARACTER SET utf8mb4 COLLATE utf8mb4_unicode_ci DEFAULT NULL COMMENT '学习风格类型',
  `style_score` json DEFAULT NULL COMMENT '各项风格得分',
  `analysis_date` date DEFAULT NULL COMMENT '分析日期',
  `created_at` timestamp NULL DEFAULT CURRENT_TIMESTAMP,
  `updated_at` timestamp NULL DEFAULT CURRENT_TIMESTAMP ON UPDATE CURRENT_TIMESTAMP,
  PRIMARY KEY (`id`),
  KEY `idx_user_date` (`user_id`,`analysis_date`),
  KEY `idx_user_type` (`user_id`,`learning_style_type`),
  CONSTRAINT `fk_learning_style_user` FOREIGN KEY (`user_id`) REFERENCES `user` (`user_id`) ON DELETE CASCADE
) ENGINE=InnoDB DEFAULT CHARSET=utf8mb4 COLLATE=utf8mb4_unicode_ci COMMENT='学生学习风格表';
/*!40101 SET character_set_client = @saved_cs_client */;

--
-- Dumping data for table `learning_style`
--

/*!40000 ALTER TABLE `learning_style` DISABLE KEYS */;
/*!40000 ALTER TABLE `learning_style` ENABLE KEYS */;

--
-- Table structure for table `learning_trend_analysis`
--

DROP TABLE IF EXISTS `learning_trend_analysis`;
/*!40101 SET @saved_cs_client     = @@character_set_client */;
/*!50503 SET character_set_client = utf8mb4 */;
CREATE TABLE `learning_trend_analysis` (
  `id` int NOT NULL AUTO_INCREMENT COMMENT '主键ID',
  `teacher_id` int NOT NULL COMMENT '教师ID',
  `analysis_type` varchar(50) CHARACTER SET utf8mb4 COLLATE utf8mb4_unicode_ci NOT NULL COMMENT '分析类型：overall/course-{id}',
  `week_number` int NOT NULL COMMENT '周数',
  `completion_rate` decimal(5,2) NOT NULL COMMENT '完成率 (%)',
  `interaction_rate` decimal(5,2) NOT NULL COMMENT '互动率 (%)',
  `mastery_rate` decimal(5,2) NOT NULL COMMENT '掌握率 (%)',
  `focus_duration` int NOT NULL COMMENT '专注时长 (小时)',
  `created_date` date NOT NULL COMMENT '创建日期',
  `created_at` timestamp NULL DEFAULT CURRENT_TIMESTAMP COMMENT '创建时间',
  `updated_at` timestamp NULL DEFAULT CURRENT_TIMESTAMP COMMENT '更新时间',
  PRIMARY KEY (`id`),
  UNIQUE KEY `uk_teacher_type_week` (`teacher_id`,`analysis_type`,`week_number`) COMMENT '教师-类型-周数唯一约束',
  KEY `idx_teacher_id` (`teacher_id`),
  KEY `idx_analysis_type` (`analysis_type`),
  KEY `idx_created_date` (`created_date`)
) ENGINE=InnoDB AUTO_INCREMENT=31 DEFAULT CHARSET=utf8mb4 COLLATE=utf8mb4_unicode_ci COMMENT='教学数据分析表';
/*!40101 SET character_set_client = @saved_cs_client */;

--
-- Dumping data for table `learning_trend_analysis`
--

/*!40000 ALTER TABLE `learning_trend_analysis` DISABLE KEYS */;
INSERT INTO `learning_trend_analysis` VALUES (1,15,'overall',1,65.00,68.00,62.00,22,'2025-11-25','2025-12-08 08:07:27','2025-12-08 08:07:27'),(2,15,'overall',2,68.00,72.00,65.00,23,'2025-12-02','2025-12-08 08:07:27','2025-12-08 08:07:27'),(3,15,'overall',3,72.00,75.00,68.00,24,'2025-12-09','2025-12-08 08:07:27','2025-12-08 08:07:27'),(4,15,'overall',4,75.00,78.00,72.00,25,'2025-12-16','2025-12-08 08:07:27','2025-12-08 08:07:27'),(5,15,'overall',5,78.00,80.00,75.00,26,'2025-12-23','2025-12-08 08:07:27','2025-12-08 08:07:27'),(6,15,'overall',6,82.00,83.00,79.00,27,'2025-12-30','2025-12-08 08:07:27','2025-12-08 08:07:27'),(7,15,'course-17',1,70.00,65.00,68.00,25,'2025-11-25','2025-12-08 08:07:27','2025-12-08 08:07:27'),(8,15,'course-17',2,72.00,68.00,70.00,26,'2025-12-02','2025-12-08 08:07:27','2025-12-08 08:07:27'),(9,15,'course-17',3,75.00,72.00,73.00,27,'2025-12-09','2025-12-08 08:07:27','2025-12-08 08:07:27'),(10,15,'course-17',4,78.00,75.00,76.00,28,'2025-12-16','2025-12-08 08:07:27','2025-12-08 08:07:27'),(11,15,'course-17',5,82.00,78.00,79.00,29,'2025-12-23','2025-12-08 08:07:27','2025-12-08 08:07:27'),(12,15,'course-17',6,85.00,80.00,82.00,30,'2025-12-30','2025-12-08 08:07:27','2025-12-08 08:07:27'),(13,15,'course-18',1,60.00,65.00,58.00,20,'2025-11-25','2025-12-08 08:07:27','2025-12-08 08:07:27'),(14,15,'course-18',2,65.00,68.00,62.00,21,'2025-12-02','2025-12-08 08:07:27','2025-12-08 08:07:27'),(15,15,'course-18',3,68.00,72.00,65.00,22,'2025-12-09','2025-12-08 08:07:27','2025-12-08 08:07:27'),(16,15,'course-18',4,72.00,75.00,68.00,23,'2025-12-16','2025-12-08 08:07:27','2025-12-08 08:07:27'),(17,15,'course-18',5,75.00,78.00,72.00,24,'2025-12-23','2025-12-08 08:07:27','2025-12-08 08:07:27'),(18,15,'course-18',6,78.00,80.00,75.00,25,'2025-12-30','2025-12-08 08:07:27','2025-12-08 08:07:27'),(19,15,'course-19',1,72.00,75.00,70.00,26,'2025-11-25','2025-12-08 08:07:27','2025-12-08 08:07:27'),(20,15,'course-19',2,75.00,78.00,72.00,27,'2025-12-02','2025-12-08 08:07:27','2025-12-08 08:07:27'),(21,15,'course-19',3,78.00,80.00,75.00,28,'2025-12-09','2025-12-08 08:07:27','2025-12-08 08:07:27'),(22,15,'course-19',4,80.00,82.00,78.00,29,'2025-12-16','2025-12-08 08:07:27','2025-12-08 08:07:27'),(23,15,'course-19',5,82.00,84.00,80.00,30,'2025-12-23','2025-12-08 08:07:27','2025-12-08 08:07:27'),(24,15,'course-19',6,85.00,86.00,82.00,31,'2025-12-30','2025-12-08 08:07:27','2025-12-08 08:07:27'),(25,15,'course-20',1,68.00,70.00,65.00,24,'2025-11-25','2025-12-08 08:07:27','2025-12-08 08:07:27'),(26,15,'course-20',2,70.00,72.00,68.00,25,'2025-12-02','2025-12-08 08:07:27','2025-12-08 08:07:27'),(27,15,'course-20',3,72.00,75.00,70.00,26,'2025-12-09','2025-12-08 08:07:27','2025-12-08 08:07:27'),(28,15,'course-20',4,75.00,78.00,72.00,27,'2025-12-16','2025-12-08 08:07:27','2025-12-08 08:07:27'),(29,15,'course-20',5,78.00,80.00,75.00,28,'2025-12-23','2025-12-08 08:07:27','2025-12-08 08:07:27'),(30,15,'course-20',6,80.00,82.00,78.00,29,'2025-12-30','2025-12-08 08:07:27','2025-12-08 08:07:27');
/*!40000 ALTER TABLE `learning_trend_analysis` ENABLE KEYS */;

--
-- Table structure for table `notification`
--

DROP TABLE IF EXISTS `notification`;
/*!40101 SET @saved_cs_client     = @@character_set_client */;
/*!50503 SET character_set_client = utf8mb4 */;
CREATE TABLE `notification` (
  `notification_id` int NOT NULL AUTO_INCREMENT,
  `user_id` int NOT NULL,
  `type` enum('team_invite','team_join_request','team_join_approved','team_join_rejected','task_assigned','task_reminder','system') CHARACTER SET utf8mb4 COLLATE utf8mb4_unicode_ci NOT NULL,
  `title` varchar(200) CHARACTER SET utf8mb4 COLLATE utf8mb4_unicode_ci NOT NULL,
  `content` text CHARACTER SET utf8mb4 COLLATE utf8mb4_unicode_ci,
  `related_id` int DEFAULT NULL COMMENT '相关ID（如team_id, task_id等）',
  `is_read` tinyint DEFAULT '0',
  `create_time` datetime DEFAULT CURRENT_TIMESTAMP,
  PRIMARY KEY (`notification_id`),
  KEY `idx_user` (`user_id`),
  KEY `idx_type` (`type`),
  KEY `idx_is_read` (`is_read`),
  KEY `idx_create_time` (`create_time`),
  CONSTRAINT `notification_ibfk_1` FOREIGN KEY (`user_id`) REFERENCES `user` (`user_id`) ON DELETE CASCADE
) ENGINE=InnoDB AUTO_INCREMENT=5 DEFAULT CHARSET=utf8mb4 COLLATE=utf8mb4_unicode_ci;
/*!40101 SET character_set_client = @saved_cs_client */;

--
-- Dumping data for table `notification`
--

/*!40000 ALTER TABLE `notification` DISABLE KEYS */;
INSERT INTO `notification` VALUES (1,1,'team_join_request','新的小组加入申请','赵六申请加入您的小组「JavaScript学习小组」',1,0,'2025-12-06 00:02:34'),(2,2,'task_assigned','新任务分配','张三在小组「JavaScript学习小组」中为您分配了任务：练习DOM操作',2,0,'2025-12-06 00:02:34'),(3,2,'task_reminder','任务提醒','张三提醒您完成任务：练习DOM操作',2,1,'2025-12-06 00:02:34'),(4,3,'system','系统通知','欢迎加入学习小组功能！',NULL,1,'2025-12-06 00:02:34');
/*!40000 ALTER TABLE `notification` ENABLE KEYS */;

--
-- Table structure for table `post_comment`
--

DROP TABLE IF EXISTS `post_comment`;
/*!40101 SET @saved_cs_client     = @@character_set_client */;
/*!50503 SET character_set_client = utf8mb4 */;
CREATE TABLE `post_comment` (
  `comment_id` int NOT NULL AUTO_INCREMENT,
  `post_id` int NOT NULL COMMENT '帖子ID',
  `user_id` int NOT NULL COMMENT '评论用户ID',
  `parent_comment_id` int DEFAULT NULL COMMENT '父评论ID（用于回复）',
  `content` text CHARACTER SET utf8mb4 COLLATE utf8mb4_unicode_ci NOT NULL COMMENT '评论内容',
  `comment_type` enum('discussion','answer') CHARACTER SET utf8mb4 COLLATE utf8mb4_unicode_ci NOT NULL DEFAULT 'discussion' COMMENT 'discussion:普通讨论 answer:回答问题',
  `likes_count` int NOT NULL DEFAULT '0' COMMENT '点赞数',
  `is_accepted` tinyint NOT NULL DEFAULT '0' COMMENT '是否被采纳（用于名师答疑和互助学习）',
  `create_time` datetime NOT NULL DEFAULT CURRENT_TIMESTAMP,
  `update_time` datetime NOT NULL DEFAULT CURRENT_TIMESTAMP ON UPDATE CURRENT_TIMESTAMP,
  `deleted_time` datetime DEFAULT NULL COMMENT '软删除时间',
  PRIMARY KEY (`comment_id`),
  KEY `idx_post` (`post_id`),
  KEY `idx_user` (`user_id`),
  KEY `idx_parent` (`parent_comment_id`),
  KEY `idx_type` (`comment_type`),
  KEY `idx_accepted` (`is_accepted`),
  KEY `idx_create_time` (`create_time`),
  CONSTRAINT `post_comment_ibfk_1` FOREIGN KEY (`post_id`) REFERENCES `community_post` (`post_id`) ON DELETE CASCADE,
  CONSTRAINT `post_comment_ibfk_2` FOREIGN KEY (`user_id`) REFERENCES `user` (`user_id`) ON DELETE CASCADE,
  CONSTRAINT `post_comment_ibfk_3` FOREIGN KEY (`parent_comment_id`) REFERENCES `post_comment` (`comment_id`) ON DELETE CASCADE
) ENGINE=InnoDB AUTO_INCREMENT=47 DEFAULT CHARSET=utf8mb4 COLLATE=utf8mb4_unicode_ci COMMENT='帖子评论表';
/*!40101 SET character_set_client = @saved_cs_client */;

--
-- Dumping data for table `post_comment`
--

/*!40000 ALTER TABLE `post_comment` DISABLE KEYS */;
INSERT INTO `post_comment` VALUES (10,13,14,NULL,'test','answer',0,0,'2025-12-16 22:53:24','2025-12-16 22:53:24',NULL),(11,13,14,NULL,'test','answer',0,0,'2025-12-16 22:53:26','2025-12-16 22:53:26',NULL),(12,13,14,NULL,'test','answer',0,0,'2025-12-16 22:53:28','2025-12-16 22:53:28',NULL),(13,13,14,NULL,'test','answer',0,0,'2025-12-16 22:53:29','2025-12-16 22:53:29',NULL),(14,13,14,NULL,'test','answer',0,0,'2025-12-16 22:53:29','2025-12-16 22:53:29',NULL),(22,2,14,NULL,'test','answer',0,0,'2025-12-17 00:31:55','2025-12-17 00:31:55',NULL),(23,2,14,NULL,'test','answer',0,0,'2025-12-17 00:31:58','2025-12-17 00:31:58',NULL),(27,16,14,NULL,'test','answer',0,1,'2025-12-17 10:05:54','2025-12-17 10:06:31',NULL),(35,1,14,NULL,'test','discussion',1,0,'2025-12-20 21:22:07','2025-12-20 21:22:10',NULL);
/*!40000 ALTER TABLE `post_comment` ENABLE KEYS */;

--
-- Table structure for table `post_favorite`
--

DROP TABLE IF EXISTS `post_favorite`;
/*!40101 SET @saved_cs_client     = @@character_set_client */;
/*!50503 SET character_set_client = utf8mb4 */;
CREATE TABLE `post_favorite` (
  `favorite_id` int NOT NULL AUTO_INCREMENT,
  `post_id` int NOT NULL,
  `user_id` int NOT NULL,
  `create_time` datetime NOT NULL DEFAULT CURRENT_TIMESTAMP,
  PRIMARY KEY (`favorite_id`),
  UNIQUE KEY `unique_post_user` (`post_id`,`user_id`),
  KEY `idx_user` (`user_id`),
  CONSTRAINT `post_favorite_ibfk_1` FOREIGN KEY (`post_id`) REFERENCES `community_post` (`post_id`) ON DELETE CASCADE,
  CONSTRAINT `post_favorite_ibfk_2` FOREIGN KEY (`user_id`) REFERENCES `user` (`user_id`) ON DELETE CASCADE
) ENGINE=InnoDB AUTO_INCREMENT=8 DEFAULT CHARSET=utf8mb4 COLLATE=utf8mb4_unicode_ci COMMENT='帖子收藏表';
/*!40101 SET character_set_client = @saved_cs_client */;

--
-- Dumping data for table `post_favorite`
--

/*!40000 ALTER TABLE `post_favorite` DISABLE KEYS */;
INSERT INTO `post_favorite` VALUES (6,4,14,'2025-12-22 23:42:15'),(7,22,14,'2025-12-22 23:47:21');
/*!40000 ALTER TABLE `post_favorite` ENABLE KEYS */;

--
-- Table structure for table `post_like`
--

DROP TABLE IF EXISTS `post_like`;
/*!40101 SET @saved_cs_client     = @@character_set_client */;
/*!50503 SET character_set_client = utf8mb4 */;
CREATE TABLE `post_like` (
  `like_id` int NOT NULL AUTO_INCREMENT,
  `post_id` int NOT NULL,
  `user_id` int NOT NULL,
  `create_time` datetime NOT NULL DEFAULT CURRENT_TIMESTAMP,
  PRIMARY KEY (`like_id`),
  UNIQUE KEY `unique_post_user` (`post_id`,`user_id`),
  KEY `idx_user` (`user_id`),
  CONSTRAINT `post_like_ibfk_1` FOREIGN KEY (`post_id`) REFERENCES `community_post` (`post_id`) ON DELETE CASCADE,
  CONSTRAINT `post_like_ibfk_2` FOREIGN KEY (`user_id`) REFERENCES `user` (`user_id`) ON DELETE CASCADE
) ENGINE=InnoDB AUTO_INCREMENT=16 DEFAULT CHARSET=utf8mb4 COLLATE=utf8mb4_unicode_ci COMMENT='帖子点赞表';
/*!40101 SET character_set_client = @saved_cs_client */;

--
-- Dumping data for table `post_like`
--

/*!40000 ALTER TABLE `post_like` DISABLE KEYS */;
INSERT INTO `post_like` VALUES (2,13,14,'2025-12-16 22:53:10'),(4,16,14,'2025-12-17 10:05:44'),(9,4,14,'2025-12-17 11:04:46'),(11,15,14,'2025-12-20 18:51:24'),(13,2,14,'2025-12-20 20:30:46'),(14,1,14,'2025-12-20 21:57:20'),(15,22,14,'2025-12-22 23:47:19');
/*!40000 ALTER TABLE `post_like` ENABLE KEYS */;

--
-- Table structure for table `qa_answer`
--

DROP TABLE IF EXISTS `qa_answer`;
/*!40101 SET @saved_cs_client     = @@character_set_client */;
/*!50503 SET character_set_client = utf8mb4 */;
CREATE TABLE `qa_answer` (
  `answer_id` int NOT NULL AUTO_INCREMENT,
  `qa_id` int NOT NULL,
  `author_id` int NOT NULL,
  `content` text CHARACTER SET utf8mb4 COLLATE utf8mb4_unicode_ci NOT NULL,
  `is_best_answer` tinyint DEFAULT '0',
  `likes_count` int DEFAULT '0',
  `status` enum('published','deleted') CHARACTER SET utf8mb4 COLLATE utf8mb4_unicode_ci DEFAULT 'published',
  `create_time` datetime DEFAULT CURRENT_TIMESTAMP,
  `update_time` datetime DEFAULT CURRENT_TIMESTAMP ON UPDATE CURRENT_TIMESTAMP,
  PRIMARY KEY (`answer_id`),
  KEY `idx_qa` (`qa_id`),
  KEY `idx_author` (`author_id`),
  CONSTRAINT `qa_answer_ibfk_1` FOREIGN KEY (`qa_id`) REFERENCES `qa_question` (`qa_id`) ON DELETE CASCADE,
  CONSTRAINT `qa_answer_ibfk_2` FOREIGN KEY (`author_id`) REFERENCES `user` (`user_id`) ON DELETE CASCADE
) ENGINE=InnoDB DEFAULT CHARSET=utf8mb4 COLLATE=utf8mb4_unicode_ci;
/*!40101 SET character_set_client = @saved_cs_client */;

--
-- Dumping data for table `qa_answer`
--

/*!40000 ALTER TABLE `qa_answer` DISABLE KEYS */;
/*!40000 ALTER TABLE `qa_answer` ENABLE KEYS */;

--
-- Table structure for table `qa_question`
--

DROP TABLE IF EXISTS `qa_question`;
/*!40101 SET @saved_cs_client     = @@character_set_client */;
/*!50503 SET character_set_client = utf8mb4 */;
CREATE TABLE `qa_question` (
  `qa_id` int NOT NULL AUTO_INCREMENT,
  `title` varchar(200) CHARACTER SET utf8mb4 COLLATE utf8mb4_unicode_ci NOT NULL,
  `content` text CHARACTER SET utf8mb4 COLLATE utf8mb4_unicode_ci NOT NULL,
  `author_id` int NOT NULL,
  `course_id` int DEFAULT NULL,
  `difficulty_level` enum('beginner','intermediate','advanced') CHARACTER SET utf8mb4 COLLATE utf8mb4_unicode_ci DEFAULT NULL,
  `status` enum('open','answered','closed') CHARACTER SET utf8mb4 COLLATE utf8mb4_unicode_ci DEFAULT 'open',
  `views_count` int DEFAULT '0',
  `answers_count` int DEFAULT '0',
  `best_answer_id` int DEFAULT NULL,
  `tags` json DEFAULT NULL,
  `create_time` datetime DEFAULT CURRENT_TIMESTAMP,
  `update_time` datetime DEFAULT CURRENT_TIMESTAMP ON UPDATE CURRENT_TIMESTAMP,
  PRIMARY KEY (`qa_id`),
  KEY `idx_author` (`author_id`),
  KEY `idx_course` (`course_id`),
  KEY `idx_status` (`status`),
  KEY `idx_create_time` (`create_time`),
  CONSTRAINT `qa_question_ibfk_1` FOREIGN KEY (`author_id`) REFERENCES `user` (`user_id`) ON DELETE CASCADE,
  CONSTRAINT `qa_question_ibfk_2` FOREIGN KEY (`course_id`) REFERENCES `course` (`course_id`) ON DELETE SET NULL
) ENGINE=InnoDB DEFAULT CHARSET=utf8mb4 COLLATE=utf8mb4_unicode_ci;
/*!40101 SET character_set_client = @saved_cs_client */;

--
-- Dumping data for table `qa_question`
--

/*!40000 ALTER TABLE `qa_question` DISABLE KEYS */;
/*!40000 ALTER TABLE `qa_question` ENABLE KEYS */;

--
-- Table structure for table `room_member`
--

DROP TABLE IF EXISTS `room_member`;
/*!40101 SET @saved_cs_client     = @@character_set_client */;
/*!50503 SET character_set_client = utf8mb4 */;
CREATE TABLE `room_member` (
  `member_id` int NOT NULL AUTO_INCREMENT,
  `room_id` int NOT NULL,
  `user_id` int NOT NULL,
  `role` enum('member','admin') CHARACTER SET utf8mb4 COLLATE utf8mb4_unicode_ci NOT NULL DEFAULT 'member',
  `join_time` datetime DEFAULT CURRENT_TIMESTAMP,
  `leave_time` datetime DEFAULT NULL,
  `status` enum('active','left') CHARACTER SET utf8mb4 COLLATE utf8mb4_unicode_ci DEFAULT 'active',
  `total_study_time` int DEFAULT '0' COMMENT '总学习时间(分钟)',
  `study_goal` text CHARACTER SET utf8mb4 COLLATE utf8mb4_unicode_ci COMMENT '学习目标',
  `current_task` varchar(255) CHARACTER SET utf8mb4 COLLATE utf8mb4_unicode_ci DEFAULT NULL COMMENT '当前任务',
  PRIMARY KEY (`member_id`),
  UNIQUE KEY `unique_room_user` (`room_id`,`user_id`),
  KEY `idx_room` (`room_id`),
  KEY `idx_user` (`user_id`),
  CONSTRAINT `room_member_ibfk_1` FOREIGN KEY (`room_id`) REFERENCES `study_room` (`room_id`) ON DELETE CASCADE,
  CONSTRAINT `room_member_ibfk_2` FOREIGN KEY (`user_id`) REFERENCES `user` (`user_id`) ON DELETE CASCADE
) ENGINE=InnoDB AUTO_INCREMENT=48 DEFAULT CHARSET=utf8mb4 COLLATE=utf8mb4_unicode_ci;
/*!40101 SET character_set_client = @saved_cs_client */;

--
-- Dumping data for table `room_member`
--

/*!40000 ALTER TABLE `room_member` DISABLE KEYS */;
INSERT INTO `room_member` VALUES (17,2,7,'admin','2025-12-01 09:00:00',NULL,'active',1200,'考研数学130+','复习高数极限'),(18,2,6,'member','2025-12-01 10:30:00',NULL,'active',800,'数学不挂科','做线代习题'),(19,2,9,'member','2025-12-01 14:00:00',NULL,'active',650,'考研上岸','概率论复习'),(20,2,10,'member','2025-12-02 08:00:00',NULL,'active',450,'数学提高20分','高数积分'),(21,2,14,'member','2025-12-03 09:00:00',NULL,'active',320,'期末不挂科','复习导数'),(22,2,101,'member','2025-12-04 10:00:00',NULL,'active',280,'考研数学120+','做真题'),(23,3,8,'admin','2025-12-02 10:00:00',NULL,'active',1500,'六级600+','听力精听'),(24,3,6,'member','2025-12-02 11:00:00',NULL,'active',900,'四级过线','背单词'),(25,3,7,'member','2025-12-02 14:00:00',NULL,'active',750,'六级550+','阅读理解'),(26,3,9,'member','2025-12-03 09:00:00',NULL,'active',600,'四级500+','写作练习'),(27,3,10,'member','2025-12-03 10:00:00',NULL,'active',480,'六级过线','翻译练习'),(28,3,14,'member','2025-12-04 08:00:00',NULL,'active',350,'四级550+','听力训练'),(29,3,102,'member','2025-12-05 10:00:00',NULL,'active',200,'四级过线','做真题'),(30,3,103,'member','2025-12-05 11:00:00',NULL,'active',150,'提高听力','听力练习'),(31,4,6,'admin','2025-12-03 14:00:00',NULL,'active',1100,'掌握Java核心','Spring Boot学习'),(32,4,7,'member','2025-12-03 15:00:00',NULL,'active',800,'Java就业','MyBatis练习'),(33,4,8,'member','2025-12-04 09:00:00',NULL,'active',600,'后端开发','MySQL优化'),(34,4,14,'member','2025-12-06 14:00:00',NULL,'active',180,'Java进阶','多线程学习'),(35,4,104,'member','2025-12-05 11:00:00',NULL,'active',250,'项目实战','做小项目'),(36,5,9,'admin','2025-12-04 08:00:00',NULL,'active',1800,'行测80+申论70+','言语理解'),(37,5,7,'member','2025-12-04 09:00:00',NULL,'active',1200,'上岸','数量关系'),(38,5,8,'member','2025-12-04 10:00:00',NULL,'active',900,'进面试','申论大作文'),(39,5,10,'member','2025-12-05 08:00:00',NULL,'active',700,'行测75+','资料分析'),(40,5,6,'member','2025-12-05 09:00:00',NULL,'active',500,'申论65+','申论小题'),(41,5,14,'member','2025-12-07 08:00:00','2025-12-22 20:08:33','active',200,'行测提高','做真题'),(42,6,10,'admin','2025-12-05 11:00:00',NULL,'active',950,'前端工程师','Vue3项目'),(43,6,6,'member','2025-12-05 12:00:00',NULL,'active',600,'全栈开发','React学习'),(44,6,8,'member','2025-12-06 10:00:00',NULL,'active',400,'前端入门','CSS布局'),(45,6,14,'member','2025-12-17 11:40:20','2025-12-22 23:40:46','active',300,'Vue熟练','组件开发'),(46,6,116,'member','2025-12-16 09:56:58',NULL,'active',0,NULL,NULL),(47,6,15,'member','2025-12-22 18:57:58',NULL,'active',0,NULL,NULL);
/*!40000 ALTER TABLE `room_member` ENABLE KEYS */;

--
-- Table structure for table `room_message`
--

DROP TABLE IF EXISTS `room_message`;
/*!40101 SET @saved_cs_client     = @@character_set_client */;
/*!50503 SET character_set_client = utf8mb4 */;
CREATE TABLE `room_message` (
  `message_id` int NOT NULL AUTO_INCREMENT,
  `room_id` int NOT NULL,
  `user_id` int NOT NULL,
  `content` text CHARACTER SET utf8mb4 COLLATE utf8mb4_unicode_ci NOT NULL,
  `message_type` enum('text','system') CHARACTER SET utf8mb4 COLLATE utf8mb4_unicode_ci DEFAULT 'text',
  `create_time` datetime DEFAULT CURRENT_TIMESTAMP,
  PRIMARY KEY (`message_id`),
  KEY `room_id` (`room_id`),
  KEY `user_id` (`user_id`),
  CONSTRAINT `room_message_ibfk_1` FOREIGN KEY (`room_id`) REFERENCES `study_room` (`room_id`) ON DELETE CASCADE,
  CONSTRAINT `room_message_ibfk_2` FOREIGN KEY (`user_id`) REFERENCES `user` (`user_id`) ON DELETE CASCADE
) ENGINE=InnoDB AUTO_INCREMENT=92 DEFAULT CHARSET=utf8mb4 COLLATE=utf8mb4_unicode_ci;
/*!40101 SET character_set_client = @saved_cs_client */;

--
-- Dumping data for table `room_message`
--

/*!40000 ALTER TABLE `room_message` DISABLE KEYS */;
INSERT INTO `room_message` VALUES (50,2,7,'欢迎大家加入考研数学冲刺室！','text','2025-12-01 09:00:00'),(51,2,6,'谢谢！一起加油考研！','text','2025-12-01 10:35:00'),(52,2,9,'高数极限这块有什么好的复习方法吗？','text','2025-12-01 14:30:00'),(53,2,7,'建议先看张宇的视频，然后做660题','text','2025-12-01 14:35:00'),(54,2,10,'线代用李永乐的讲义效果不错','text','2025-12-02 08:30:00'),(55,2,14,'概率论哪本书比较好？','text','2025-12-03 09:30:00'),(56,2,7,'王式安的概率论讲义很经典','text','2025-12-03 09:35:00'),(57,2,101,'今天做了一套真题，感觉还行','text','2025-12-04 15:00:00'),(58,3,8,'四六级备考室开张啦，欢迎大家！','text','2025-12-02 10:00:00'),(59,3,6,'四级听力太难了，有什么技巧吗？','text','2025-12-02 11:30:00'),(60,3,8,'建议每天精听一篇，注意连读和弱读','text','2025-12-02 11:35:00'),(61,3,7,'六级阅读时间不够用怎么办？','text','2025-12-02 14:30:00'),(62,3,8,'先做仔细阅读，再做信息匹配，最后选词填空','text','2025-12-02 14:35:00'),(63,3,9,'背单词用什么APP比较好？','text','2025-12-03 09:30:00'),(64,3,10,'墨墨背单词不错，可以自定义词书','text','2025-12-03 10:30:00'),(65,3,14,'今天背了200个单词！','text','2025-12-04 18:00:00'),(66,3,102,'坚持就是胜利！','text','2025-12-05 10:30:00'),(67,3,103,'听力精听真的有用，推荐！','text','2025-12-05 15:00:00'),(68,4,6,'Java学习室开始运营，欢迎各位码农！','text','2025-12-03 14:00:00'),(69,4,7,'Spring Boot有什么好的入门教程吗？','text','2025-12-03 15:30:00'),(70,4,6,'推荐B站尚硅谷的教程，讲得很详细','text','2025-12-03 15:35:00'),(71,4,8,'MySQL索引优化有什么技巧？','text','2025-12-04 09:30:00'),(72,4,6,'注意最左前缀原则，避免全表扫描','text','2025-12-04 09:35:00'),(73,4,14,'多线程这块有点难理解','text','2025-12-06 14:30:00'),(74,4,6,'可以先理解线程的生命周期，再学同步机制','text','2025-12-06 14:35:00'),(75,5,9,'公考自习室开张！一起上岸！','text','2025-12-04 08:00:00'),(76,5,7,'行测数量关系太难了','text','2025-12-04 09:30:00'),(77,5,9,'数量关系可以适当放弃难题，保证正确率','text','2025-12-04 09:35:00'),(78,5,8,'申论大作文怎么写才能拿高分？','text','2025-12-04 10:30:00'),(79,5,9,'注意论点明确，论据充分，结构清晰','text','2025-12-04 10:35:00'),(80,5,10,'资料分析有什么速算技巧？','text','2025-12-05 08:30:00'),(81,5,9,'截位直除法和特殊值法很实用','text','2025-12-05 08:35:00'),(82,5,14,'今天做了一套行测真题，正确率65%','text','2025-12-07 18:00:00'),(83,5,9,'继续加油，多做多总结！','text','2025-12-07 18:05:00'),(84,6,10,'前端学习室欢迎大家！','text','2025-12-05 11:00:00'),(85,6,6,'Vue3和Vue2有什么主要区别？','text','2025-12-05 12:30:00'),(86,6,10,'Composition API是最大的变化，更灵活','text','2025-12-05 12:35:00'),(87,6,8,'CSS Flex布局和Grid布局怎么选择？','text','2025-12-06 10:30:00'),(88,6,10,'一维布局用Flex，二维布局用Grid','text','2025-12-06 10:35:00'),(89,6,14,'Vue组件通信有哪些方式？','text','2025-12-06 11:30:00'),(90,6,6,'props/emit、provide/inject、Vuex/Pinia等','text','2025-12-06 11:35:00');
/*!40000 ALTER TABLE `room_message` ENABLE KEYS */;

--
-- Temporary view structure for view `student_behavior_summary`
--

DROP TABLE IF EXISTS `student_behavior_summary`;
/*!50001 DROP VIEW IF EXISTS `student_behavior_summary`*/;
SET @saved_cs_client     = @@character_set_client;
/*!50503 SET character_set_client = utf8mb4 */;
/*!50001 CREATE VIEW `student_behavior_summary` AS SELECT 
 1 AS `user_id`,
 1 AS `user_name`,
 1 AS `enrolled_courses`,
 1 AS `avg_completion_rate`,
 1 AS `avg_mastery_level`,
 1 AS `total_focus_time`,
 1 AS `active_days`,
 1 AS `last_analysis_time`*/;
SET character_set_client = @saved_cs_client;

--
-- Table structure for table `student_course_performance`
--

DROP TABLE IF EXISTS `student_course_performance`;
/*!40101 SET @saved_cs_client     = @@character_set_client */;
/*!50503 SET character_set_client = utf8mb4 */;
CREATE TABLE `student_course_performance` (
  `id` int NOT NULL AUTO_INCREMENT,
  `user_id` int NOT NULL,
  `course_id` int NOT NULL,
  `analysis_period` varchar(20) DEFAULT NULL COMMENT '分析周期: daily/weekly/monthly',
  `completion_rate` decimal(5,2) DEFAULT '0.00' COMMENT '课程完播率(%)',
  `mastery_level` decimal(5,2) DEFAULT '0.00' COMMENT '知识掌握度(%)',
  `efficiency_score` decimal(5,2) DEFAULT '0.00' COMMENT '学习效率指数',
  `avg_focus_duration` int DEFAULT '0' COMMENT '平均专注时长(分钟)',
  `total_study_time` int DEFAULT '0' COMMENT '总学习时间(分钟)',
  `chapter_progress` json DEFAULT NULL COMMENT '章节进度数据',
  `created_at` timestamp NULL DEFAULT CURRENT_TIMESTAMP,
  `updated_at` timestamp NULL DEFAULT CURRENT_TIMESTAMP ON UPDATE CURRENT_TIMESTAMP,
  PRIMARY KEY (`id`),
  KEY `course_id` (`course_id`),
  KEY `idx_user_course` (`user_id`,`course_id`),
  CONSTRAINT `student_course_performance_ibfk_1` FOREIGN KEY (`user_id`) REFERENCES `user` (`user_id`) ON DELETE CASCADE,
  CONSTRAINT `student_course_performance_ibfk_2` FOREIGN KEY (`course_id`) REFERENCES `course` (`course_id`) ON DELETE CASCADE
) ENGINE=InnoDB AUTO_INCREMENT=89 DEFAULT CHARSET=utf8mb4 COLLATE=utf8mb4_0900_ai_ci COMMENT='学生课程表现分析表';
/*!40101 SET character_set_client = @saved_cs_client */;

--
-- Dumping data for table `student_course_performance`
--

/*!40000 ALTER TABLE `student_course_performance` DISABLE KEYS */;
INSERT INTO `student_course_performance` VALUES (1,14,1,'weekly',65.50,70.20,72.80,42,420,'{\"progress_rate\": 60.0, \"total_chapters\": 5, \"completed_chapters\": 3}','2025-12-01 08:53:43','2025-12-01 08:53:43'),(2,14,2,'weekly',45.30,58.70,65.40,30,210,'{\"progress_rate\": 33.3, \"total_chapters\": 3, \"completed_chapters\": 1}','2025-12-01 08:53:43','2025-12-01 08:53:43'),(3,14,3,'weekly',80.20,85.60,88.90,52,380,'{\"progress_rate\": 75.0, \"total_chapters\": 4, \"completed_chapters\": 3}','2025-12-01 08:53:43','2025-12-01 08:53:43'),(4,14,5,'weekly',30.10,45.20,60.30,28,150,'{\"progress_rate\": 33.3, \"total_chapters\": 3, \"completed_chapters\": 1}','2025-12-01 08:53:43','2025-12-01 08:53:43'),(5,101,17,'weekly',93.00,72.00,89.00,49,231,'{\"progress_rate\": 93, \"total_chapters\": 3, \"completed_chapters\": 1}','2025-12-11 13:50:35','2025-12-11 13:50:35'),(6,102,17,'weekly',62.00,98.00,72.00,38,277,'{\"progress_rate\": 62, \"total_chapters\": 5, \"completed_chapters\": 2}','2025-12-11 13:50:35','2025-12-11 13:50:35'),(7,104,17,'weekly',80.00,75.00,73.00,47,186,'{\"progress_rate\": 80, \"total_chapters\": 3, \"completed_chapters\": 3}','2025-12-11 13:50:35','2025-12-11 13:50:35'),(8,10,17,'weekly',74.00,92.00,77.00,24,242,'{\"progress_rate\": 74, \"total_chapters\": 6, \"completed_chapters\": 3}','2025-12-11 13:50:35','2025-12-11 13:50:35'),(9,6,17,'weekly',67.00,87.00,72.00,48,233,'{\"progress_rate\": 67, \"total_chapters\": 7, \"completed_chapters\": 3}','2025-12-11 13:50:35','2025-12-11 13:50:35'),(10,7,17,'weekly',61.00,97.00,88.00,38,309,'{\"progress_rate\": 61, \"total_chapters\": 7, \"completed_chapters\": 3}','2025-12-11 13:50:35','2025-12-11 13:50:35'),(11,8,17,'weekly',95.00,82.00,69.00,38,394,'{\"progress_rate\": 95, \"total_chapters\": 5, \"completed_chapters\": 2}','2025-12-11 13:50:35','2025-12-11 13:50:35'),(12,9,17,'weekly',69.00,80.00,65.00,37,390,'{\"progress_rate\": 69, \"total_chapters\": 6, \"completed_chapters\": 2}','2025-12-11 13:50:35','2025-12-11 13:50:35'),(13,11,17,'weekly',91.00,86.00,81.00,45,134,'{\"progress_rate\": 91, \"total_chapters\": 5, \"completed_chapters\": 1}','2025-12-11 13:50:35','2025-12-11 13:50:35'),(14,12,17,'weekly',77.00,83.00,68.00,45,242,'{\"progress_rate\": 77, \"total_chapters\": 4, \"completed_chapters\": 2}','2025-12-11 13:50:35','2025-12-11 13:50:35'),(15,14,17,'weekly',77.00,85.00,66.00,24,283,'{\"progress_rate\": 77, \"total_chapters\": 5, \"completed_chapters\": 1}','2025-12-11 13:50:35','2025-12-11 13:50:35'),(16,101,18,'weekly',73.00,74.00,69.00,43,244,'{\"progress_rate\": 73, \"total_chapters\": 5, \"completed_chapters\": 3}','2025-12-11 13:50:36','2025-12-11 13:50:36'),(17,103,18,'weekly',81.00,99.00,81.00,47,144,'{\"progress_rate\": 81, \"total_chapters\": 5, \"completed_chapters\": 3}','2025-12-11 13:50:36','2025-12-11 13:50:36'),(18,10,18,'weekly',90.00,86.00,78.00,45,336,'{\"progress_rate\": 90, \"total_chapters\": 6, \"completed_chapters\": 1}','2025-12-11 13:50:36','2025-12-11 13:50:36'),(19,6,18,'weekly',68.00,93.00,72.00,35,175,'{\"progress_rate\": 68, \"total_chapters\": 6, \"completed_chapters\": 3}','2025-12-11 13:50:36','2025-12-11 13:50:36'),(20,7,18,'weekly',65.00,95.00,69.00,44,331,'{\"progress_rate\": 65, \"total_chapters\": 5, \"completed_chapters\": 3}','2025-12-11 13:50:36','2025-12-11 13:50:36'),(21,8,18,'weekly',76.00,78.00,70.00,34,148,'{\"progress_rate\": 76, \"total_chapters\": 5, \"completed_chapters\": 2}','2025-12-11 13:50:36','2025-12-11 13:50:36'),(22,9,18,'weekly',81.00,94.00,69.00,39,362,'{\"progress_rate\": 81, \"total_chapters\": 5, \"completed_chapters\": 2}','2025-12-11 13:50:36','2025-12-11 13:50:36'),(23,102,19,'weekly',78.00,80.00,77.00,25,170,'{\"progress_rate\": 78, \"total_chapters\": 6, \"completed_chapters\": 2}','2025-12-11 13:50:36','2025-12-11 13:50:36'),(24,104,19,'weekly',87.00,76.00,72.00,34,273,'{\"progress_rate\": 87, \"total_chapters\": 4, \"completed_chapters\": 1}','2025-12-11 13:50:36','2025-12-11 13:50:36'),(25,6,19,'weekly',80.00,83.00,68.00,20,168,'{\"progress_rate\": 80, \"total_chapters\": 6, \"completed_chapters\": 1}','2025-12-11 13:50:36','2025-12-11 13:50:36'),(26,7,19,'weekly',80.00,79.00,77.00,48,275,'{\"progress_rate\": 80, \"total_chapters\": 3, \"completed_chapters\": 1}','2025-12-11 13:50:36','2025-12-11 13:50:36'),(27,8,19,'weekly',92.00,87.00,79.00,30,231,'{\"progress_rate\": 92, \"total_chapters\": 7, \"completed_chapters\": 3}','2025-12-11 13:50:36','2025-12-11 13:50:36'),(28,9,19,'weekly',77.00,89.00,80.00,34,320,'{\"progress_rate\": 77, \"total_chapters\": 6, \"completed_chapters\": 3}','2025-12-11 13:50:36','2025-12-11 13:50:36'),(29,10,19,'weekly',94.00,80.00,67.00,22,277,'{\"progress_rate\": 94, \"total_chapters\": 3, \"completed_chapters\": 1}','2025-12-11 13:50:36','2025-12-11 13:50:36'),(30,11,19,'weekly',74.00,88.00,67.00,31,292,'{\"progress_rate\": 74, \"total_chapters\": 5, \"completed_chapters\": 2}','2025-12-11 13:50:36','2025-12-11 13:50:36'),(31,103,20,'weekly',89.00,76.00,74.00,44,248,'{\"progress_rate\": 89, \"total_chapters\": 4, \"completed_chapters\": 1}','2025-12-11 13:50:36','2025-12-11 13:50:36'),(32,106,20,'weekly',70.00,88.00,82.00,32,282,'{\"progress_rate\": 70, \"total_chapters\": 3, \"completed_chapters\": 2}','2025-12-11 13:50:36','2025-12-11 13:50:36'),(33,6,20,'weekly',65.00,89.00,75.00,25,238,'{\"progress_rate\": 65, \"total_chapters\": 5, \"completed_chapters\": 1}','2025-12-11 13:50:36','2025-12-11 13:50:36'),(34,7,20,'weekly',80.00,92.00,79.00,47,310,'{\"progress_rate\": 80, \"total_chapters\": 5, \"completed_chapters\": 2}','2025-12-11 13:50:36','2025-12-11 13:50:36'),(35,8,20,'weekly',86.00,96.00,87.00,22,329,'{\"progress_rate\": 86, \"total_chapters\": 3, \"completed_chapters\": 3}','2025-12-11 13:50:36','2025-12-11 13:50:36'),(36,9,20,'weekly',77.00,78.00,86.00,20,148,'{\"progress_rate\": 77, \"total_chapters\": 3, \"completed_chapters\": 3}','2025-12-11 13:50:36','2025-12-11 13:50:36'),(37,10,20,'weekly',69.00,96.00,73.00,29,320,'{\"progress_rate\": 69, \"total_chapters\": 5, \"completed_chapters\": 1}','2025-12-11 13:50:36','2025-12-11 13:50:36'),(38,11,20,'weekly',96.00,87.00,82.00,44,145,'{\"progress_rate\": 96, \"total_chapters\": 7, \"completed_chapters\": 1}','2025-12-11 13:50:36','2025-12-11 13:50:36'),(47,101,17,'weekly',85.00,80.45,83.70,35,223,'{\"progress_rate\": 85, \"total_chapters\": 4, \"completed_chapters\": 3}','2025-12-11 14:34:06','2025-12-11 14:34:06'),(48,101,18,'weekly',70.00,58.69,100.00,47,275,'{\"progress_rate\": 70, \"total_chapters\": 4, \"completed_chapters\": 2}','2025-12-11 14:34:06','2025-12-11 14:34:06'),(49,102,17,'weekly',90.00,88.43,91.51,43,226,'{\"progress_rate\": 90, \"total_chapters\": 6, \"completed_chapters\": 3}','2025-12-11 14:34:06','2025-12-11 14:34:06'),(50,102,19,'weekly',80.00,80.54,84.37,38,129,'{\"progress_rate\": 80, \"total_chapters\": 3, \"completed_chapters\": 3}','2025-12-11 14:34:06','2025-12-11 14:34:06'),(51,103,18,'weekly',65.00,68.14,100.00,40,300,'{\"progress_rate\": 65, \"total_chapters\": 3, \"completed_chapters\": 2}','2025-12-11 14:34:06','2025-12-11 14:34:06'),(52,103,20,'weekly',75.00,63.89,97.42,49,299,'{\"progress_rate\": 75, \"total_chapters\": 5, \"completed_chapters\": 3}','2025-12-11 14:34:06','2025-12-11 14:34:06'),(53,104,17,'weekly',95.00,91.04,93.26,50,300,'{\"progress_rate\": 95, \"total_chapters\": 3, \"completed_chapters\": 3}','2025-12-11 14:34:06','2025-12-11 14:34:06'),(54,104,19,'weekly',85.00,76.15,80.55,38,203,'{\"progress_rate\": 85, \"total_chapters\": 5, \"completed_chapters\": 3}','2025-12-11 14:34:06','2025-12-11 14:34:06'),(55,10,17,'weekly',92.00,93.55,96.62,44,261,'{\"progress_rate\": 92, \"total_chapters\": 4, \"completed_chapters\": 3}','2025-12-11 14:34:06','2025-12-11 14:34:06'),(56,10,18,'weekly',78.00,76.21,100.00,48,300,'{\"progress_rate\": 78, \"total_chapters\": 7, \"completed_chapters\": 3}','2025-12-11 14:34:06','2025-12-11 14:34:06'),(57,106,20,'weekly',40.00,51.08,100.00,41,286,'{\"progress_rate\": 40, \"total_chapters\": 7, \"completed_chapters\": 1}','2025-12-11 14:34:06','2025-12-11 14:34:06'),(60,6,17,'weekly',71.00,76.23,81.51,36,134,'{\"progress_rate\": 71, \"total_chapters\": 6, \"completed_chapters\": 2}','2025-12-11 14:34:06','2025-12-11 14:34:06'),(61,7,17,'weekly',21.00,21.18,100.00,32,181,'{\"progress_rate\": 21, \"total_chapters\": 6, \"completed_chapters\": 0}','2025-12-11 14:34:06','2025-12-11 14:34:06'),(62,8,17,'weekly',58.00,62.19,82.95,34,159,'{\"progress_rate\": 58, \"total_chapters\": 5, \"completed_chapters\": 2}','2025-12-11 14:34:06','2025-12-11 14:34:06'),(63,9,17,'weekly',28.00,24.33,97.09,35,226,'{\"progress_rate\": 28, \"total_chapters\": 6, \"completed_chapters\": 1}','2025-12-11 14:34:06','2025-12-11 14:34:06'),(64,11,17,'weekly',6.00,11.89,100.00,39,246,'{\"progress_rate\": 6, \"total_chapters\": 5, \"completed_chapters\": 0}','2025-12-11 14:34:06','2025-12-11 14:34:06'),(65,12,17,'weekly',27.00,24.24,75.58,37,152,'{\"progress_rate\": 27, \"total_chapters\": 7, \"completed_chapters\": 1}','2025-12-11 14:34:06','2025-12-11 14:34:06'),(66,14,17,'weekly',92.00,92.54,100.00,31,213,'{\"progress_rate\": 92, \"total_chapters\": 5, \"completed_chapters\": 3}','2025-12-11 14:34:06','2025-12-11 14:34:06'),(67,6,18,'weekly',53.00,50.75,79.70,28,112,'{\"progress_rate\": 53, \"total_chapters\": 5, \"completed_chapters\": 2}','2025-12-11 14:34:06','2025-12-11 14:34:06'),(68,7,18,'weekly',76.00,71.68,100.00,32,232,'{\"progress_rate\": 76, \"total_chapters\": 6, \"completed_chapters\": 3}','2025-12-11 14:34:06','2025-12-11 14:34:06'),(69,8,18,'weekly',97.00,79.86,100.00,43,287,'{\"progress_rate\": 97, \"total_chapters\": 4, \"completed_chapters\": 3}','2025-12-11 14:34:06','2025-12-11 14:34:06'),(70,9,18,'weekly',79.00,78.90,100.00,43,279,'{\"progress_rate\": 79, \"total_chapters\": 7, \"completed_chapters\": 3}','2025-12-11 14:34:06','2025-12-11 14:34:06'),(71,6,19,'weekly',26.00,32.53,99.39,37,181,'{\"progress_rate\": 26, \"total_chapters\": 5, \"completed_chapters\": 1}','2025-12-11 14:34:06','2025-12-11 14:34:06'),(72,7,19,'weekly',26.00,39.49,98.30,47,267,'{\"progress_rate\": 26, \"total_chapters\": 6, \"completed_chapters\": 1}','2025-12-11 14:34:06','2025-12-11 14:34:06'),(73,8,19,'weekly',65.00,55.67,82.01,44,194,'{\"progress_rate\": 65, \"total_chapters\": 4, \"completed_chapters\": 2}','2025-12-11 14:34:06','2025-12-11 14:34:06'),(74,9,19,'weekly',14.00,21.13,100.00,42,223,'{\"progress_rate\": 14, \"total_chapters\": 4, \"completed_chapters\": 0}','2025-12-11 14:34:06','2025-12-11 14:34:06'),(75,10,19,'weekly',65.00,56.94,83.05,42,164,'{\"progress_rate\": 65, \"total_chapters\": 6, \"completed_chapters\": 2}','2025-12-11 14:34:06','2025-12-11 14:34:06'),(76,11,19,'weekly',12.00,21.39,97.99,30,187,'{\"progress_rate\": 12, \"total_chapters\": 6, \"completed_chapters\": 0}','2025-12-11 14:34:06','2025-12-11 14:34:06'),(77,6,20,'weekly',36.00,37.40,87.00,39,264,'{\"progress_rate\": 36, \"total_chapters\": 6, \"completed_chapters\": 1}','2025-12-11 14:34:06','2025-12-11 14:34:06'),(78,7,20,'weekly',28.00,35.92,100.00,48,281,'{\"progress_rate\": 28, \"total_chapters\": 5, \"completed_chapters\": 1}','2025-12-11 14:34:06','2025-12-11 14:34:06'),(79,8,20,'weekly',88.00,84.77,97.74,43,300,'{\"progress_rate\": 88, \"total_chapters\": 7, \"completed_chapters\": 3}','2025-12-11 14:34:06','2025-12-11 14:34:06'),(80,9,20,'weekly',27.00,39.14,100.00,42,285,'{\"progress_rate\": 27, \"total_chapters\": 6, \"completed_chapters\": 1}','2025-12-11 14:34:06','2025-12-11 14:34:06'),(81,10,20,'weekly',10.00,9.87,78.99,29,162,'{\"progress_rate\": 10, \"total_chapters\": 3, \"completed_chapters\": 0}','2025-12-11 14:34:06','2025-12-11 14:34:06'),(82,11,20,'weekly',21.00,34.72,94.02,44,251,'{\"progress_rate\": 21, \"total_chapters\": 7, \"completed_chapters\": 0}','2025-12-11 14:34:06','2025-12-11 14:34:06');
/*!40000 ALTER TABLE `student_course_performance` ENABLE KEYS */;

--
-- Table structure for table `student_focus_analysis`
--

DROP TABLE IF EXISTS `student_focus_analysis`;
/*!40101 SET @saved_cs_client     = @@character_set_client */;
/*!50503 SET character_set_client = utf8mb4 */;
CREATE TABLE `student_focus_analysis` (
  `id` int NOT NULL AUTO_INCREMENT,
  `user_id` int NOT NULL,
  `course_id` int NOT NULL,
  `session_date` date NOT NULL,
  `focus_duration` int DEFAULT '0' COMMENT '专注时长(分钟)',
  `total_duration` int DEFAULT '0' COMMENT '总学习时长(分钟)',
  `focus_rate` decimal(5,2) DEFAULT '0.00' COMMENT '专注率(%)',
  `session_count` int DEFAULT '1' COMMENT '学习次数',
  `created_at` timestamp NULL DEFAULT CURRENT_TIMESTAMP,
  `updated_at` timestamp NULL DEFAULT CURRENT_TIMESTAMP ON UPDATE CURRENT_TIMESTAMP,
  PRIMARY KEY (`id`),
  KEY `course_id` (`course_id`),
  KEY `idx_user_course_date` (`user_id`,`course_id`,`session_date`),
  CONSTRAINT `student_focus_analysis_ibfk_1` FOREIGN KEY (`user_id`) REFERENCES `user` (`user_id`) ON DELETE CASCADE,
  CONSTRAINT `student_focus_analysis_ibfk_2` FOREIGN KEY (`course_id`) REFERENCES `course` (`course_id`) ON DELETE CASCADE
) ENGINE=InnoDB AUTO_INCREMENT=12 DEFAULT CHARSET=utf8mb4 COLLATE=utf8mb4_0900_ai_ci COMMENT='学生专注度分析表';
/*!40101 SET character_set_client = @saved_cs_client */;

--
-- Dumping data for table `student_focus_analysis`
--

/*!40000 ALTER TABLE `student_focus_analysis` DISABLE KEYS */;
INSERT INTO `student_focus_analysis` VALUES (1,14,1,'2025-11-25',45,60,75.00,2,'2025-12-01 08:53:41','2025-12-01 08:53:41'),(2,14,1,'2025-11-26',60,80,75.00,1,'2025-12-01 08:53:41','2025-12-01 08:53:41'),(3,14,1,'2025-11-28',35,50,70.00,1,'2025-12-01 08:53:41','2025-12-01 08:53:41'),(4,14,1,'2025-11-30',55,70,78.60,2,'2025-12-01 08:53:41','2025-12-01 08:53:41'),(5,14,1,'2025-12-01',40,55,72.70,1,'2025-12-01 08:53:41','2025-12-01 08:53:41'),(6,14,2,'2025-11-27',30,45,66.70,1,'2025-12-01 08:53:41','2025-12-01 08:53:41'),(7,14,2,'2025-11-29',25,40,62.50,1,'2025-12-01 08:53:41','2025-12-01 08:53:41'),(8,14,2,'2025-12-01',35,50,70.00,1,'2025-12-01 08:53:41','2025-12-01 08:53:41'),(9,14,3,'2025-11-26',50,65,76.90,1,'2025-12-01 08:53:41','2025-12-01 08:53:41'),(10,14,3,'2025-11-29',60,75,80.00,2,'2025-12-01 08:53:41','2025-12-01 08:53:41'),(11,14,3,'2025-12-01',45,60,75.00,1,'2025-12-01 08:53:41','2025-12-01 08:53:41');
/*!40000 ALTER TABLE `student_focus_analysis` ENABLE KEYS */;

--
-- Table structure for table `student_learning_goal`
--

DROP TABLE IF EXISTS `student_learning_goal`;
/*!40101 SET @saved_cs_client     = @@character_set_client */;
/*!50503 SET character_set_client = utf8mb4 */;
CREATE TABLE `student_learning_goal` (
  `id` int NOT NULL AUTO_INCREMENT,
  `user_id` int NOT NULL,
  `goal_type` varchar(50) DEFAULT NULL COMMENT '目标类型: daily/weekly/monthly/course',
  `goal_content` text NOT NULL,
  `target_value` decimal(10,2) DEFAULT NULL COMMENT '目标数值',
  `current_value` decimal(10,2) DEFAULT '0.00' COMMENT '当前数值',
  `unit` varchar(50) DEFAULT NULL COMMENT '单位',
  `start_date` date NOT NULL,
  `end_date` date NOT NULL,
  `status` varchar(20) DEFAULT 'active' COMMENT '状态: active/completed/expired',
  `progress_rate` decimal(5,2) DEFAULT '0.00' COMMENT '完成进度(%)',
  `created_at` timestamp NULL DEFAULT CURRENT_TIMESTAMP,
  `updated_at` timestamp NULL DEFAULT CURRENT_TIMESTAMP ON UPDATE CURRENT_TIMESTAMP,
  PRIMARY KEY (`id`),
  KEY `idx_user_status` (`user_id`,`status`),
  KEY `idx_dates` (`start_date`,`end_date`),
  CONSTRAINT `student_learning_goal_ibfk_1` FOREIGN KEY (`user_id`) REFERENCES `user` (`user_id`) ON DELETE CASCADE
) ENGINE=InnoDB AUTO_INCREMENT=7 DEFAULT CHARSET=utf8mb4 COLLATE=utf8mb4_0900_ai_ci COMMENT='学生学习目标表';
/*!40101 SET character_set_client = @saved_cs_client */;

--
-- Dumping data for table `student_learning_goal`
--

/*!40000 ALTER TABLE `student_learning_goal` DISABLE KEYS */;
INSERT INTO `student_learning_goal` VALUES (1,14,'daily','每天学习至少2小时',120.00,85.00,'分钟','2025-12-01','2025-12-01','active',70.80,'2025-12-01 08:53:57','2025-12-01 08:53:57'),(2,14,'weekly','完成Java课程第三章',1.00,0.60,'章节','2025-11-29','2025-12-06','active',60.00,'2025-12-01 08:53:57','2025-12-01 08:53:57'),(3,14,'weekly','英语听力练习3小时',180.00,120.00,'分钟','2025-11-28','2025-12-05','active',66.70,'2025-12-01 08:53:57','2025-12-01 08:53:57'),(4,14,'course','Java课程达到80%掌握度',80.00,70.20,'百分比','2025-11-16','2025-12-16','active',87.80,'2025-12-01 08:53:57','2025-12-01 08:53:57'),(5,14,'course','高数课程达到70%掌握度',70.00,58.70,'百分比','2025-11-11','2025-12-11','active',83.90,'2025-12-01 08:53:57','2025-12-01 08:53:57'),(6,14,'monthly','通过2门课程期末测试',2.00,0.00,'门数','2025-11-21','2025-12-21','active',0.00,'2025-12-01 08:53:57','2025-12-01 08:53:57');
/*!40000 ALTER TABLE `student_learning_goal` ENABLE KEYS */;

--
-- Table structure for table `student_learning_log`
--

DROP TABLE IF EXISTS `student_learning_log`;
/*!40101 SET @saved_cs_client     = @@character_set_client */;
/*!50503 SET character_set_client = utf8mb4 */;
CREATE TABLE `student_learning_log` (
  `id` bigint NOT NULL AUTO_INCREMENT,
  `user_id` int NOT NULL,
  `course_id` int DEFAULT NULL,
  `video_id` int DEFAULT NULL,
  `action_type` varchar(50) NOT NULL COMMENT '行为类型: play/pause/seek/complete/search/note/quiz',
  `action_detail` json DEFAULT NULL COMMENT '行为详情',
  `duration_seconds` int DEFAULT '0' COMMENT '行为时长(秒)',
  `timestamp` timestamp(3) NULL DEFAULT CURRENT_TIMESTAMP(3),
  `device_info` varchar(255) DEFAULT NULL COMMENT '设备信息',
  `created_at` timestamp NULL DEFAULT CURRENT_TIMESTAMP,
  PRIMARY KEY (`id`),
  KEY `video_id` (`video_id`),
  KEY `idx_user_action` (`user_id`,`action_type`),
  KEY `idx_timestamp` (`timestamp`),
  KEY `idx_course_video` (`course_id`,`video_id`),
  CONSTRAINT `student_learning_log_ibfk_1` FOREIGN KEY (`user_id`) REFERENCES `user` (`user_id`) ON DELETE CASCADE,
  CONSTRAINT `student_learning_log_ibfk_2` FOREIGN KEY (`course_id`) REFERENCES `course` (`course_id`) ON DELETE SET NULL,
  CONSTRAINT `student_learning_log_ibfk_3` FOREIGN KEY (`video_id`) REFERENCES `course_video` (`video_id`) ON DELETE SET NULL
) ENGINE=InnoDB DEFAULT CHARSET=utf8mb4 COLLATE=utf8mb4_0900_ai_ci COMMENT='学生学习行为日志表';
/*!40101 SET character_set_client = @saved_cs_client */;

--
-- Dumping data for table `student_learning_log`
--

/*!40000 ALTER TABLE `student_learning_log` DISABLE KEYS */;
/*!40000 ALTER TABLE `student_learning_log` ENABLE KEYS */;

--
-- Table structure for table `student_learning_style`
--

DROP TABLE IF EXISTS `student_learning_style`;
/*!40101 SET @saved_cs_client     = @@character_set_client */;
/*!50503 SET character_set_client = utf8mb4 */;
CREATE TABLE `student_learning_style` (
  `id` int NOT NULL AUTO_INCREMENT,
  `user_id` int NOT NULL,
  `analysis_date` date NOT NULL,
  `learning_style_type` varchar(50) DEFAULT NULL COMMENT '学习类型: 视觉型/听觉型/动手型/理论型等',
  `style_score` json DEFAULT NULL COMMENT '各项风格分数',
  `created_at` timestamp NULL DEFAULT CURRENT_TIMESTAMP,
  `updated_at` timestamp NULL DEFAULT CURRENT_TIMESTAMP ON UPDATE CURRENT_TIMESTAMP,
  PRIMARY KEY (`id`),
  KEY `idx_user_date` (`user_id`,`analysis_date`),
  CONSTRAINT `student_learning_style_ibfk_1` FOREIGN KEY (`user_id`) REFERENCES `user` (`user_id`) ON DELETE CASCADE
) ENGINE=InnoDB AUTO_INCREMENT=2 DEFAULT CHARSET=utf8mb4 COLLATE=utf8mb4_0900_ai_ci COMMENT='学生学习风格分析表';
/*!40101 SET character_set_client = @saved_cs_client */;

--
-- Dumping data for table `student_learning_style`
--

/*!40000 ALTER TABLE `student_learning_style` DISABLE KEYS */;
INSERT INTO `student_learning_style` VALUES (1,14,'2025-12-01','动手实践型','{\"visual\": 75.5, \"auditory\": 65.0, \"kinesthetic\": 88.2, \"theoretical\": 62.3}','2025-12-01 08:53:40','2025-12-01 08:53:40');
/*!40000 ALTER TABLE `student_learning_style` ENABLE KEYS */;

--
-- Table structure for table `student_progress`
--

DROP TABLE IF EXISTS `student_progress`;
/*!40101 SET @saved_cs_client     = @@character_set_client */;
/*!50503 SET character_set_client = utf8mb4 */;
CREATE TABLE `student_progress` (
  `id` int NOT NULL AUTO_INCREMENT,
  `user_id` int NOT NULL,
  `course_id` int NOT NULL,
  `progress` decimal(5,2) DEFAULT '0.00' COMMENT '整体进度',
  `completion_rate` decimal(5,2) DEFAULT '0.00' COMMENT '完成率(%)',
  `mastery_level` decimal(5,2) DEFAULT '0.00' COMMENT '掌握程度(%)',
  `efficiency_score` decimal(5,2) DEFAULT '0.00' COMMENT '学习效率指数',
  `avg_focus_duration` int DEFAULT '0' COMMENT '平均专注时长(分钟)',
  `total_learn_duration` int DEFAULT '0' COMMENT '总学习时长(分钟)',
  `last_learn_time` timestamp NULL DEFAULT NULL COMMENT '最后学习时间',
  `created_at` timestamp NULL DEFAULT CURRENT_TIMESTAMP,
  `updated_at` timestamp NULL DEFAULT CURRENT_TIMESTAMP ON UPDATE CURRENT_TIMESTAMP,
  PRIMARY KEY (`id`),
  UNIQUE KEY `unique_user_course` (`user_id`,`course_id`),
  KEY `idx_user` (`user_id`),
  KEY `idx_course` (`course_id`),
  KEY `idx_progress` (`progress`),
  CONSTRAINT `fk_student_progress_course` FOREIGN KEY (`course_id`) REFERENCES `course` (`course_id`) ON DELETE CASCADE,
  CONSTRAINT `fk_student_progress_user` FOREIGN KEY (`user_id`) REFERENCES `user` (`user_id`) ON DELETE CASCADE
) ENGINE=InnoDB DEFAULT CHARSET=utf8mb4 COLLATE=utf8mb4_unicode_ci COMMENT='学生课程进度表';
/*!40101 SET character_set_client = @saved_cs_client */;

--
-- Dumping data for table `student_progress`
--

/*!40000 ALTER TABLE `student_progress` DISABLE KEYS */;
/*!40000 ALTER TABLE `student_progress` ENABLE KEYS */;

--
-- Table structure for table `study_room`
--

DROP TABLE IF EXISTS `study_room`;
/*!40101 SET @saved_cs_client     = @@character_set_client */;
/*!50503 SET character_set_client = utf8mb4 */;
CREATE TABLE `study_room` (
  `room_id` int NOT NULL AUTO_INCREMENT,
  `room_name` varchar(100) CHARACTER SET utf8mb4 COLLATE utf8mb4_unicode_ci NOT NULL,
  `description` text CHARACTER SET utf8mb4 COLLATE utf8mb4_unicode_ci,
  `avatar_url` varchar(255) CHARACTER SET utf8mb4 COLLATE utf8mb4_unicode_ci DEFAULT NULL,
  `creator_id` int NOT NULL,
  `max_participants` int DEFAULT '20',
  `current_participants` int DEFAULT '0',
  `start_time` datetime DEFAULT NULL,
  `end_time` datetime DEFAULT NULL,
  `status` enum('open','closed','active','inactive') CHARACTER SET utf8mb4 COLLATE utf8mb4_unicode_ci DEFAULT 'open',
  `room_type` enum('public','private') CHARACTER SET utf8mb4 COLLATE utf8mb4_unicode_ci DEFAULT 'public',
  `password` varchar(50) CHARACTER SET utf8mb4 COLLATE utf8mb4_unicode_ci DEFAULT NULL,
  `create_time` datetime DEFAULT CURRENT_TIMESTAMP,
  `update_time` datetime DEFAULT CURRENT_TIMESTAMP ON UPDATE CURRENT_TIMESTAMP,
  `tags` json DEFAULT NULL COMMENT '自习室标签',
  `rules` text CHARACTER SET utf8mb4 COLLATE utf8mb4_unicode_ci COMMENT '自习室规则',
  `schedule_time` varchar(50) CHARACTER SET utf8mb4 COLLATE utf8mb4_unicode_ci DEFAULT NULL COMMENT '开放时间',
  PRIMARY KEY (`room_id`),
  KEY `idx_creator` (`creator_id`),
  KEY `idx_status` (`status`),
  KEY `idx_time` (`start_time`,`end_time`),
  CONSTRAINT `study_room_ibfk_1` FOREIGN KEY (`creator_id`) REFERENCES `user` (`user_id`) ON DELETE CASCADE
) ENGINE=InnoDB AUTO_INCREMENT=7 DEFAULT CHARSET=utf8mb4 COLLATE=utf8mb4_unicode_ci;
/*!40101 SET character_set_client = @saved_cs_client */;

--
-- Dumping data for table `study_room`
--

/*!40000 ALTER TABLE `study_room` DISABLE KEYS */;
INSERT INTO `study_room` VALUES (2,'考研数学冲刺室','考研数学专项复习，一起攻克高数、线代、概率论',NULL,7,30,6,NULL,NULL,'open','public',NULL,'2025-12-01 09:00:00','2025-12-09 09:07:55','[\"考研\", \"数学\", \"高数\"]','1.保持安静专注\n2.每小时休息10分钟\n3.互相鼓励，共同进步','8:00-22:00'),(3,'英语四六级备考室','四六级考试冲刺，听力阅读写作全面提升',NULL,8,40,8,NULL,NULL,'open','public',NULL,'2025-12-02 10:00:00','2025-12-09 09:07:55','[\"英语\", \"四级\", \"六级\"]','1.可以小声跟读\n2.分享学习资料\n3.每日打卡','7:00-23:00'),(4,'Java编程学习室','Java从入门到精通，代码实战练习',NULL,6,25,5,NULL,NULL,'open','public',NULL,'2025-12-03 14:00:00','2025-12-09 09:07:55','[\"Java\", \"编程\", \"后端\"]','1.遇到问题可以讨论\n2.分享代码片段\n3.互相code review','9:00-21:00'),(5,'公务员考试自习室','行测申论专项训练，上岸必备',NULL,9,35,6,NULL,NULL,'open','public',NULL,'2025-12-04 08:00:00','2025-12-09 09:07:55','[\"公考\", \"行测\", \"申论\"]','1.真题模拟练习\n2.分享解题技巧\n3.互相监督学习','6:00-24:00'),(6,'前端开发学习室','HTML/CSS/JavaScript/Vue/React学习交流',NULL,10,20,9,NULL,NULL,'open','public',NULL,'2025-12-05 11:00:00','2025-12-22 18:57:58','[\"前端\", \"Vue\", \"React\"]','1.项目实战为主\n2.代码规范讨论\n3.技术分享','10:00-22:00');
/*!40000 ALTER TABLE `study_room` ENABLE KEYS */;

--
-- Table structure for table `study_task`
--

DROP TABLE IF EXISTS `study_task`;
/*!40101 SET @saved_cs_client     = @@character_set_client */;
/*!50503 SET character_set_client = utf8mb4 */;
CREATE TABLE `study_task` (
  `task_id` int NOT NULL AUTO_INCREMENT,
  `room_id` int NOT NULL,
  `user_id` int NOT NULL,
  `title` varchar(200) CHARACTER SET utf8mb4 COLLATE utf8mb4_unicode_ci NOT NULL,
  `category` varchar(50) CHARACTER SET utf8mb4 COLLATE utf8mb4_unicode_ci NOT NULL,
  `description` text CHARACTER SET utf8mb4 COLLATE utf8mb4_unicode_ci,
  `estimated_hours` decimal(5,2) DEFAULT '1.00',
  `start_time` timestamp NULL DEFAULT NULL,
  `completed_time` timestamp NULL DEFAULT NULL,
  `create_time` timestamp NULL DEFAULT CURRENT_TIMESTAMP,
  `update_time` timestamp NULL DEFAULT CURRENT_TIMESTAMP ON UPDATE CURRENT_TIMESTAMP,
  `is_completed` tinyint(1) DEFAULT '0' COMMENT '是否完成：0-未完成，1-已完成',
  PRIMARY KEY (`task_id`),
  KEY `idx_room_user` (`room_id`,`user_id`),
  KEY `idx_create_time` (`create_time`),
  KEY `idx_category` (`category`)
) ENGINE=InnoDB AUTO_INCREMENT=192 DEFAULT CHARSET=utf8mb4 COLLATE=utf8mb4_unicode_ci COMMENT='自习室学习任务表';
/*!40101 SET character_set_client = @saved_cs_client */;

--
-- Dumping data for table `study_task`
--

/*!40000 ALTER TABLE `study_task` DISABLE KEYS */;
INSERT INTO `study_task` VALUES (5,1,14,'完成Java第三章学习','学习任务','学习面向对象编程基础',0.50,'2025-12-06 01:00:00','2025-12-15 12:09:32','2025-12-09 01:08:35','2025-12-15 12:59:19',1),(6,1,105,'复习数据结构','学习任务','复习链表和树的基本操作',1.50,'2025-12-06 01:00:00',NULL,'2025-12-09 01:08:35','2025-12-09 01:08:35',0),(7,1,106,'做算法练习题','练习任务','完成LeetCode 5道题',2.00,'2025-12-06 02:00:00',NULL,'2025-12-09 01:08:35','2025-12-09 01:08:35',0),(8,2,7,'高数极限专题复习','学习任务','复习极限的定义、性质和计算方法',3.00,'2025-12-01 01:00:00','2025-12-01 04:30:00','2025-12-09 01:08:35','2025-12-15 12:59:19',1),(9,2,6,'线性代数矩阵运算','学习任务','复习矩阵的基本运算和性质',2.50,'2025-12-01 02:30:00','2025-12-01 05:00:00','2025-12-09 01:08:35','2025-12-15 12:59:19',1),(10,2,9,'概率论随机变量','学习任务','学习离散和连续随机变量',2.00,'2025-12-01 06:00:00',NULL,'2025-12-09 01:08:35','2025-12-09 01:08:35',0),(11,2,10,'高数积分计算','练习任务','完成20道积分计算题',2.00,'2025-12-02 00:00:00','2025-12-02 02:30:00','2025-12-09 01:08:35','2025-12-15 12:59:19',1),(12,2,14,'导数基础复习','学习任务','复习导数的定义和求导法则',1.50,'2025-12-03 01:00:00',NULL,'2025-12-09 01:08:35','2025-12-09 01:08:35',0),(13,2,101,'做2020年真题','练习任务','完成2020年考研数学真题',3.00,'2025-12-04 02:00:00','2025-12-04 05:30:00','2025-12-09 01:08:35','2025-12-15 12:59:19',1),(14,3,8,'六级听力精听','学习任务','精听2019年6月六级听力',1.50,'2025-12-02 02:00:00','2025-12-02 03:30:00','2025-12-09 01:08:35','2025-12-15 12:59:19',1),(15,3,6,'四级词汇背诵','学习任务','背诵四级核心词汇200个',2.00,'2025-12-02 03:00:00','2025-12-02 05:00:00','2025-12-09 01:08:35','2025-12-15 12:59:19',1),(16,3,7,'六级阅读理解','练习任务','完成3篇六级阅读理解',1.50,'2025-12-02 06:00:00','2025-12-02 07:30:00','2025-12-09 01:08:35','2025-12-15 12:59:19',1),(17,3,9,'四级写作练习','练习任务','写一篇四级作文',1.00,'2025-12-03 01:00:00',NULL,'2025-12-09 01:08:35','2025-12-09 01:08:35',0),(18,3,10,'六级翻译练习','练习任务','完成5段翻译练习',1.00,'2025-12-03 02:00:00','2025-12-03 03:00:00','2025-12-09 01:08:35','2025-12-15 12:59:19',1),(19,3,14,'听力技巧学习','学习任务','学习听力答题技巧',1.00,'2025-12-04 00:00:00','2025-12-04 01:00:00','2025-12-09 01:08:35','2025-12-15 12:59:19',1),(20,3,102,'四级真题模拟','练习任务','完成一套四级真题',2.50,'2025-12-05 02:00:00',NULL,'2025-12-09 01:08:35','2025-12-09 01:08:35',0),(21,4,6,'Spring Boot项目搭建','学习任务','搭建Spring Boot基础项目框架',2.00,'2025-12-03 06:00:00','2025-12-03 08:00:00','2025-12-09 01:08:35','2025-12-15 12:59:19',1),(22,4,7,'MyBatis CRUD操作','练习任务','实现用户表的增删改查',1.50,'2025-12-03 07:00:00','2025-12-03 08:30:00','2025-12-09 01:08:35','2025-12-15 12:59:19',1),(23,4,8,'MySQL索引优化','学习任务','学习索引原理和优化方法',2.00,'2025-12-04 01:00:00',NULL,'2025-12-09 01:08:35','2025-12-09 01:08:35',0),(24,4,14,'多线程基础','学习任务','学习线程创建和生命周期',2.00,'2025-12-06 06:00:00',NULL,'2025-12-09 01:08:35','2025-12-09 01:08:35',0),(25,4,104,'小项目实战','练习任务','完成学生管理系统',3.00,'2025-12-05 03:00:00',NULL,'2025-12-09 01:08:35','2025-12-09 01:08:35',0),(26,5,9,'言语理解专项','学习任务','学习言语理解答题技巧',2.00,'2025-12-04 00:00:00','2025-12-04 02:00:00','2025-12-09 01:08:35','2025-12-15 12:59:19',1),(27,5,7,'数量关系练习','练习任务','完成30道数量关系题',2.00,'2025-12-04 01:00:00',NULL,'2025-12-09 01:08:35','2025-12-09 01:08:35',0),(28,5,8,'申论大作文','练习任务','写一篇申论大作文',1.50,'2025-12-04 02:00:00','2025-12-04 03:30:00','2025-12-09 01:08:35','2025-12-15 12:59:19',1),(29,5,10,'资料分析专项','学习任务','学习资料分析速算技巧',2.00,'2025-12-05 00:00:00','2025-12-05 02:00:00','2025-12-09 01:08:35','2025-12-15 12:59:19',1),(30,5,6,'申论小题练习','练习任务','完成3道申论小题',1.50,'2025-12-05 01:00:00',NULL,'2025-12-09 01:08:35','2025-12-09 01:08:35',0),(31,5,14,'行测真题模拟','练习任务','完成一套行测真题',0.50,'2025-12-07 00:00:00','2025-12-15 15:09:10','2025-12-09 01:08:35','2025-12-15 15:09:10',1),(32,6,10,'Vue3项目实战','学习任务','使用Vue3开发Todo应用',3.00,'2025-12-05 03:00:00',NULL,'2025-12-09 01:08:35','2025-12-09 01:08:35',0),(33,6,6,'React Hooks学习','学习任务','学习useState和useEffect',2.00,'2025-12-05 04:00:00','2025-12-05 06:00:00','2025-12-09 01:08:35','2025-12-15 12:59:19',1),(34,6,8,'CSS Flex布局','学习任务','掌握Flex布局属性',1.50,'2025-12-06 02:00:00','2025-12-06 03:30:00','2025-12-09 01:08:35','2025-12-15 12:59:19',1),(35,6,14,'Vue组件开发','练习任务','开发3个可复用组件',0.50,'2025-12-06 03:00:00',NULL,'2025-12-09 01:08:35','2025-12-22 13:27:55',0),(36,6,10,'Vue Router学习','学习任务','学习路由配置',2.00,'2025-12-16 01:00:00',NULL,'2025-12-15 16:04:48','2025-12-15 16:04:48',0),(37,6,10,'Vuex状态管理','练习任务','实现状态管理',2.50,'2025-12-16 06:00:00',NULL,'2025-12-15 16:04:48','2025-12-15 16:04:48',0),(38,6,10,'组件通信','学习任务','学习组件通信方法',2.00,'2025-12-17 02:00:00',NULL,'2025-12-15 16:04:48','2025-12-15 16:04:48',0),(39,6,10,'项目优化','练习任务','优化项目性能',2.00,'2025-12-17 07:00:00',NULL,'2025-12-15 16:04:48','2025-12-15 16:04:48',0),(40,6,10,'部署上线','学习任务','学习项目部署',1.50,'2025-12-18 01:00:00',NULL,'2025-12-15 16:04:48','2025-12-15 16:04:48',0),(41,6,6,'React Router','学习任务','学习React路由',2.00,'2025-12-16 02:00:00',NULL,'2025-12-15 16:04:48','2025-12-15 16:04:48',0),(42,6,6,'Redux状态管理','练习任务','实现Redux应用',2.50,'2025-12-16 07:00:00',NULL,'2025-12-15 16:04:48','2025-12-15 16:04:48',0),(43,6,6,'自定义Hook','学习任务','学习自定义Hook',2.00,'2025-12-17 03:00:00',NULL,'2025-12-15 16:04:48','2025-12-15 16:04:48',0),(44,6,6,'性能优化','练习任务','优化React应用',2.00,'2025-12-17 08:00:00',NULL,'2025-12-15 16:04:48','2025-12-15 16:04:48',0),(45,6,6,'测试编写','学习任务','学习React测试',1.50,'2025-12-18 02:00:00',NULL,'2025-12-15 16:04:48','2025-12-15 16:04:48',0),(46,6,8,'CSS Grid布局','学习任务','学习Grid布局',2.00,'2025-12-16 03:00:00',NULL,'2025-12-15 16:04:48','2025-12-15 16:04:48',0),(47,6,8,'响应式设计','练习任务','实现响应式页面',2.50,'2025-12-16 08:00:00',NULL,'2025-12-15 16:04:48','2025-12-15 16:04:48',0),(48,6,8,'动画效果','学习任务','学习CSS动画',2.00,'2025-12-17 04:00:00',NULL,'2025-12-15 16:04:48','2025-12-15 16:04:48',0),(49,6,8,'样式优化','练习任务','优化页面样式',2.00,'2025-12-17 09:00:00',NULL,'2025-12-15 16:04:48','2025-12-15 16:04:48',0),(50,6,8,'预处理器','学习任务','学习Sass使用',1.50,'2025-12-18 03:00:00',NULL,'2025-12-15 16:04:48','2025-12-15 16:04:48',0),(51,6,14,'Vue3 Composition API','学习任务','学习组合式API',0.50,'2025-12-16 01:00:00',NULL,'2025-12-15 16:04:48','2025-12-22 13:28:10',0),(52,6,14,'TypeScript集成','练习任务','集成TypeScript',0.50,'2025-12-16 06:00:00','2025-12-22 15:40:33','2025-12-15 16:04:48','2025-12-22 15:40:33',1),(53,6,14,'组件库使用','学习任务','学习Element Plus',2.00,'2025-12-17 02:00:00','2025-12-22 13:28:14','2025-12-15 16:04:48','2025-12-22 13:28:14',1),(54,6,14,'项目实战','练习任务','开发个人项目',3.00,'2025-12-17 07:00:00',NULL,'2025-12-15 16:04:48','2025-12-15 16:04:48',0),(55,6,14,'代码规范','学习任务','学习代码规范',1.50,'2025-12-18 01:00:00',NULL,'2025-12-15 16:04:48','2025-12-15 16:04:48',0),(56,5,9,'判断推理专项','学习任务','学习图形推理方法',2.00,'2025-12-16 01:00:00',NULL,'2025-12-15 16:05:07','2025-12-15 16:05:07',0),(57,5,9,'类比推理练习','练习任务','完成30道类比推理题',1.50,'2025-12-16 06:00:00',NULL,'2025-12-15 16:05:07','2025-12-15 16:05:07',0),(58,5,9,'定义判断','学习任务','学习定义判断技巧',2.00,'2025-12-17 02:00:00',NULL,'2025-12-15 16:05:07','2025-12-15 16:05:07',0),(59,5,9,'逻辑判断','练习任务','完成20道逻辑判断题',2.00,'2025-12-17 07:00:00',NULL,'2025-12-15 16:05:07','2025-12-15 16:05:07',0),(60,5,9,'错题整理','学习任务','整理判断推理错题',1.50,'2025-12-18 01:00:00',NULL,'2025-12-15 16:05:07','2025-12-15 16:05:07',0),(61,5,7,'数量关系技巧','学习任务','学习速算技巧',2.00,'2025-12-16 02:00:00',NULL,'2025-12-15 16:05:07','2025-12-15 16:05:07',0),(62,5,7,'工程问题练习','练习任务','完成15道工程问题',2.50,'2025-12-16 07:00:00',NULL,'2025-12-15 16:05:07','2025-12-15 16:05:07',0),(63,5,7,'行程问题','学习任务','学习行程问题解法',2.00,'2025-12-17 03:00:00',NULL,'2025-12-15 16:05:07','2025-12-15 16:05:07',0),(64,5,7,'利润问题练习','练习任务','完成10道利润问题',2.00,'2025-12-17 08:00:00',NULL,'2025-12-15 16:05:07','2025-12-15 16:05:07',0),(65,5,7,'概率问题','学习任务','学习概率计算技巧',1.50,'2025-12-18 02:00:00',NULL,'2025-12-15 16:05:07','2025-12-15 16:05:07',0),(66,5,8,'申论素材积累','学习任务','积累写作素材',2.00,'2025-12-16 03:00:00',NULL,'2025-12-15 16:05:07','2025-12-15 16:05:07',0),(67,5,8,'议论文写作','练习任务','写一篇议论文',2.50,'2025-12-16 08:00:00',NULL,'2025-12-15 16:05:07','2025-12-15 16:05:07',0),(68,5,8,'公文写作','学习任务','学习公文格式',2.00,'2025-12-17 04:00:00',NULL,'2025-12-15 16:05:07','2025-12-15 16:05:07',0),(69,5,8,'材料分析','练习任务','分析申论材料',2.00,'2025-12-17 09:00:00',NULL,'2025-12-15 16:05:07','2025-12-15 16:05:07',0),(70,5,8,'写作技巧','学习任务','学习论证方法',1.50,'2025-12-18 03:00:00',NULL,'2025-12-15 16:05:07','2025-12-15 16:05:07',0),(71,5,10,'资料分析技巧','学习任务','学习速算方法',2.00,'2025-12-16 01:00:00',NULL,'2025-12-15 16:05:07','2025-12-15 16:05:07',0),(72,5,10,'图表分析练习','练习任务','分析5个统计图表',2.50,'2025-12-16 06:00:00',NULL,'2025-12-15 16:05:07','2025-12-15 16:05:07',0),(73,5,10,'文字材料分析','学习任务','学习文字材料阅读',2.00,'2025-12-17 02:00:00',NULL,'2025-12-15 16:05:07','2025-12-15 16:05:07',0),(74,5,10,'计算练习','练习任务','完成20道计算题',2.00,'2025-12-17 07:00:00',NULL,'2025-12-15 16:05:07','2025-12-15 16:05:07',0),(75,5,10,'综合练习','学习任务','综合应用各种技巧',1.50,'2025-12-18 01:00:00',NULL,'2025-12-15 16:05:07','2025-12-15 16:05:07',0),(76,5,6,'申论阅读','学习任务','阅读申论范文',2.00,'2025-12-16 02:00:00',NULL,'2025-12-15 16:05:07','2025-12-15 16:05:07',0),(77,5,6,'概括题练习','练习任务','完成5道概括题',1.50,'2025-12-16 07:00:00',NULL,'2025-12-15 16:05:07','2025-12-15 16:05:07',0),(78,5,6,'对策题学习','学习任务','学习对策题写法',2.00,'2025-12-17 03:00:00',NULL,'2025-12-15 16:05:07','2025-12-15 16:05:07',0),(79,5,6,'分析题练习','练习任务','完成3道分析题',2.00,'2025-12-17 08:00:00',NULL,'2025-12-15 16:05:07','2025-12-15 16:05:07',0),(80,5,6,'公文练习','学习任务','学习公文写作格式',1.50,'2025-12-18 02:00:00',NULL,'2025-12-15 16:05:07','2025-12-15 16:05:07',0),(81,5,14,'行测模拟二','练习任务','完成第二套模拟题',2.50,'2025-12-16 03:00:00',NULL,'2025-12-15 16:05:07','2025-12-15 16:05:07',0),(82,5,14,'常识判断','学习任务','学习常识知识点',2.00,'2025-12-16 08:00:00',NULL,'2025-12-15 16:05:07','2025-12-15 16:05:07',0),(83,5,14,'言语理解练习','练习任务','完成30道言语题',2.00,'2025-12-17 04:00:00',NULL,'2025-12-15 16:05:07','2025-12-15 16:05:07',0),(84,5,14,'判断推理练习','练习任务','完成25道判断题',2.00,'2025-12-17 09:00:00',NULL,'2025-12-15 16:05:07','2025-12-15 16:05:07',0),(85,5,14,'错题分析','学习任务','分析模拟题错题',1.50,'2025-12-18 03:00:00',NULL,'2025-12-15 16:05:07','2025-12-15 16:05:07',0),(86,4,6,'Spring MVC学习','学习任务','学习Spring MVC框架',2.50,'2025-12-16 01:00:00',NULL,'2025-12-15 16:05:33','2025-12-15 16:05:33',0),(87,4,6,'REST API设计','练习任务','设计用户管理API',2.00,'2025-12-16 06:00:00',NULL,'2025-12-15 16:05:33','2025-12-15 16:05:33',0),(88,4,6,'Spring Security','学习任务','学习权限控制',3.00,'2025-12-17 02:00:00',NULL,'2025-12-15 16:05:33','2025-12-15 16:05:33',0),(89,4,6,'项目部署','练习任务','部署项目到服务器',2.00,'2025-12-17 07:00:00',NULL,'2025-12-15 16:05:33','2025-12-15 16:05:33',0),(90,4,6,'性能优化','学习任务','学习SQL优化技巧',1.50,'2025-12-18 01:00:00',NULL,'2025-12-15 16:05:33','2025-12-15 16:05:33',0),(91,4,7,'MyBatis高级特性','学习任务','学习动态SQL',2.00,'2025-12-16 02:00:00',NULL,'2025-12-15 16:05:33','2025-12-15 16:05:33',0),(92,4,7,'事务管理','练习任务','实现事务控制',2.50,'2025-12-16 07:00:00',NULL,'2025-12-15 16:05:33','2025-12-15 16:05:33',0),(93,4,7,'缓存技术','学习任务','学习Redis缓存',2.00,'2025-12-17 03:00:00',NULL,'2025-12-15 16:05:33','2025-12-15 16:05:33',0),(94,4,7,'接口测试','练习任务','测试API接口',2.00,'2025-12-17 08:00:00',NULL,'2025-12-15 16:05:33','2025-12-15 16:05:33',0),(95,4,7,'代码优化','学习任务','学习代码重构技巧',1.50,'2025-12-18 02:00:00',NULL,'2025-12-15 16:05:33','2025-12-15 16:05:33',0),(96,4,8,'数据库设计','学习任务','学习数据库范式',2.00,'2025-12-16 03:00:00',NULL,'2025-12-15 16:05:33','2025-12-15 16:05:33',0),(97,4,8,'SQL优化练习','练习任务','优化复杂查询语句',2.50,'2025-12-16 08:00:00',NULL,'2025-12-15 16:05:33','2025-12-15 16:05:33',0),(98,4,8,'事务隔离','学习任务','学习事务隔离级别',2.00,'2025-12-17 04:00:00',NULL,'2025-12-15 16:05:33','2025-12-15 16:05:33',0),(99,4,8,'备份恢复','练习任务','练习数据库备份',2.00,'2025-12-17 09:00:00',NULL,'2025-12-15 16:05:33','2025-12-15 16:05:33',0),(100,4,8,'性能监控','学习任务','学习监控数据库性能',1.50,'2025-12-18 03:00:00',NULL,'2025-12-15 16:05:33','2025-12-15 16:05:33',0),(101,4,14,'并发编程','学习任务','学习线程同步',2.00,'2025-12-16 01:00:00',NULL,'2025-12-15 16:05:33','2025-12-15 16:05:33',0),(102,4,14,'线程池练习','练习任务','实现线程池应用',2.50,'2025-12-16 06:00:00',NULL,'2025-12-15 16:05:33','2025-12-15 16:05:33',0),(103,4,14,'锁机制','学习任务','学习各种锁的使用',2.00,'2025-12-17 02:00:00',NULL,'2025-12-15 16:05:33','2025-12-15 16:05:33',0),(104,4,14,'并发测试','练习任务','测试多线程程序',2.00,'2025-12-17 07:00:00',NULL,'2025-12-15 16:05:33','2025-12-15 16:05:33',0),(105,4,14,'性能调优','学习任务','学习JVM调优',1.50,'2025-12-18 01:00:00',NULL,'2025-12-15 16:05:33','2025-12-15 16:05:33',0),(106,4,104,'项目需求分析','学习任务','分析项目需求',2.00,'2025-12-16 02:00:00',NULL,'2025-12-15 16:05:33','2025-12-15 16:05:33',0),(107,4,104,'数据库设计','练习任务','设计项目数据库',2.50,'2025-12-16 07:00:00',NULL,'2025-12-15 16:05:33','2025-12-15 16:05:33',0),(108,4,104,'接口开发','练习任务','开发核心接口',3.00,'2025-12-17 03:00:00',NULL,'2025-12-15 16:05:33','2025-12-15 16:05:33',0),(109,4,104,'前端对接','练习任务','前后端联调',2.00,'2025-12-17 08:00:00',NULL,'2025-12-15 16:05:33','2025-12-15 16:05:33',0),(110,4,104,'项目测试','练习任务','测试项目功能',2.00,'2025-12-18 02:00:00',NULL,'2025-12-15 16:05:33','2025-12-15 16:05:33',0),(111,3,8,'六级阅读精讲','学习任务','学习阅读答题技巧',2.00,'2025-12-16 01:00:00',NULL,'2025-12-15 16:05:51','2025-12-15 16:05:51',0),(112,3,8,'听力模拟练习','练习任务','完成一套听力模拟题',1.50,'2025-12-16 06:00:00',NULL,'2025-12-15 16:05:51','2025-12-15 16:05:51',0),(113,3,8,'写作模板学习','学习任务','学习作文模板结构',2.00,'2025-12-17 02:00:00',NULL,'2025-12-15 16:05:51','2025-12-15 16:05:51',0),(114,3,8,'翻译练习','练习任务','完成10段翻译练习',1.50,'2025-12-17 07:00:00',NULL,'2025-12-15 16:05:51','2025-12-15 16:05:51',0),(115,3,8,'词汇拓展','学习任务','学习高频词汇200个',2.00,'2025-12-18 01:00:00',NULL,'2025-12-15 16:05:51','2025-12-15 16:05:51',0),(116,3,6,'四级听力训练','练习任务','完成一套四级听力题',1.50,'2025-12-16 02:00:00',NULL,'2025-12-15 16:05:51','2025-12-15 16:05:51',0),(117,3,6,'阅读理解技巧','学习任务','学习快速阅读方法',2.00,'2025-12-16 07:00:00',NULL,'2025-12-15 16:05:51','2025-12-15 16:05:51',0),(118,3,6,'写作练习','练习任务','写一篇四级作文',1.50,'2025-12-17 03:00:00',NULL,'2025-12-15 16:05:51','2025-12-15 16:05:51',0),(119,3,6,'语法专项','学习任务','学习重点语法知识',2.00,'2025-12-17 08:00:00',NULL,'2025-12-15 16:05:51','2025-12-15 16:05:51',0),(120,3,6,'模拟测试','练习任务','完成一套模拟题',2.50,'2025-12-18 02:00:00',NULL,'2025-12-15 16:05:51','2025-12-15 16:05:51',0),(121,3,7,'六级词汇背诵','学习任务','背诵六级核心词汇',2.00,'2025-12-16 03:00:00',NULL,'2025-12-15 16:05:51','2025-12-15 16:05:51',0),(122,3,7,'长难句分析','练习任务','分析20个长难句',1.50,'2025-12-16 08:00:00',NULL,'2025-12-15 16:05:51','2025-12-15 16:05:51',0),(123,3,7,'听力技巧','学习任务','学习听力速记方法',2.00,'2025-12-17 04:00:00',NULL,'2025-12-15 16:05:51','2025-12-15 16:05:51',0),(124,3,7,'阅读练习','练习任务','完成3篇阅读理解',1.50,'2025-12-17 09:00:00',NULL,'2025-12-15 16:05:51','2025-12-15 16:05:51',0),(125,3,7,'作文批改','学习任务','修改自己的作文',2.00,'2025-12-18 03:00:00',NULL,'2025-12-15 16:05:51','2025-12-15 16:05:51',0),(126,3,9,'四级翻译训练','练习任务','完成10段翻译练习',1.50,'2025-12-16 01:00:00',NULL,'2025-12-15 16:05:51','2025-12-15 16:05:51',0),(127,3,9,'听力精听','学习任务','精听一篇听力材料',1.50,'2025-12-16 06:00:00',NULL,'2025-12-15 16:05:51','2025-12-15 16:05:51',0),(128,3,9,'写作模板','学习任务','学习作文常用模板',2.00,'2025-12-17 02:00:00',NULL,'2025-12-15 16:05:51','2025-12-15 16:05:51',0),(129,3,9,'词汇测试','练习任务','测试词汇掌握情况',1.50,'2025-12-17 07:00:00',NULL,'2025-12-15 16:05:51','2025-12-15 16:05:51',0),(130,3,9,'模拟考试','练习任务','完成一套模拟题',2.50,'2025-12-18 01:00:00',NULL,'2025-12-15 16:05:51','2025-12-15 16:05:51',0),(131,3,10,'六级写作练习','练习任务','写一篇六级作文',2.00,'2025-12-16 02:00:00',NULL,'2025-12-15 16:05:51','2025-12-15 16:05:51',0),(132,3,10,'翻译技巧','学习任务','学习翻译常用技巧',1.50,'2025-12-16 07:00:00',NULL,'2025-12-15 16:05:51','2025-12-15 16:05:51',0),(133,3,10,'听力训练','练习任务','完成一套听力题',1.50,'2025-12-17 03:00:00',NULL,'2025-12-15 16:05:51','2025-12-15 16:05:51',0),(134,3,10,'阅读技巧','学习任务','学习阅读定位方法',2.00,'2025-12-17 08:00:00',NULL,'2025-12-15 16:05:51','2025-12-15 16:05:51',0),(135,3,10,'词汇复习','学习任务','复习已学词汇',2.00,'2025-12-18 02:00:00',NULL,'2025-12-15 16:05:51','2025-12-15 16:05:51',0),(136,3,14,'听力材料听写','练习任务','听写一篇听力材料',1.50,'2025-12-16 03:00:00',NULL,'2025-12-15 16:05:51','2025-12-15 16:05:51',0),(137,3,14,'口语练习','学习任务','练习英语口语表达',1.00,'2025-12-16 08:00:00',NULL,'2025-12-15 16:05:51','2025-12-15 16:05:51',0),(138,3,14,'语法练习','练习任务','完成语法练习题',1.50,'2025-12-17 04:00:00',NULL,'2025-12-15 16:05:51','2025-12-15 16:05:51',0),(139,3,14,'阅读训练','练习任务','完成2篇阅读理解',1.50,'2025-12-17 09:00:00',NULL,'2025-12-15 16:05:51','2025-12-15 16:05:51',0),(140,3,14,'写作技巧','学习任务','学习作文结构安排',2.00,'2025-12-18 03:00:00',NULL,'2025-12-15 16:05:51','2025-12-15 16:05:51',0),(141,3,102,'四级听力模拟','练习任务','完成一套听力模拟题',1.50,'2025-12-16 01:00:00',NULL,'2025-12-15 16:05:51','2025-12-15 16:05:51',0),(142,3,102,'阅读专项','学习任务','学习阅读解题技巧',2.00,'2025-12-16 06:00:00',NULL,'2025-12-15 16:05:51','2025-12-15 16:05:51',0),(143,3,102,'写作训练','练习任务','写一篇作文',1.50,'2025-12-17 02:00:00',NULL,'2025-12-15 16:05:51','2025-12-15 16:05:51',0),(144,3,102,'翻译练习','练习任务','完成5段翻译',1.50,'2025-12-17 07:00:00',NULL,'2025-12-15 16:05:51','2025-12-15 16:05:51',0),(145,3,102,'真题分析','学习任务','分析近年真题',2.50,'2025-12-18 01:00:00',NULL,'2025-12-15 16:05:51','2025-12-15 16:05:51',0),(146,2,7,'微分方程基础','学习任务','学习一阶微分方程解法',2.50,'2025-12-16 01:00:00',NULL,'2025-12-15 16:06:03','2025-12-15 16:06:03',0),(147,2,7,'极限计算练习','练习任务','完成20道极限计算题',2.00,'2025-12-16 06:00:00',NULL,'2025-12-15 16:06:03','2025-12-15 16:06:03',0),(148,2,7,'多元函数微分','学习任务','学习偏导数和全微分',3.00,'2025-12-17 02:00:00',NULL,'2025-12-15 16:06:03','2025-12-15 16:06:03',0),(149,2,7,'微分中值定理','学习任务','学习罗尔和拉格朗日中值定理',2.00,'2025-12-17 07:00:00',NULL,'2025-12-15 16:06:03','2025-12-15 16:06:03',0),(150,2,7,'数学证明练习','练习任务','完成5道数学证明题',1.50,'2025-12-18 01:00:00',NULL,'2025-12-15 16:06:03','2025-12-15 16:06:03',0),(151,2,6,'向量空间学习','学习任务','学习向量空间的定义和性质',2.00,'2025-12-16 02:00:00',NULL,'2025-12-15 16:06:03','2025-12-15 16:06:03',0),(152,2,6,'矩阵计算练习','练习任务','完成矩阵乘法练习题',2.50,'2025-12-16 07:00:00',NULL,'2025-12-15 16:06:03','2025-12-15 16:06:03',0),(153,2,6,'线性变换学习','学习任务','学习线性变换的性质',2.00,'2025-12-17 03:00:00',NULL,'2025-12-15 16:06:03','2025-12-15 16:06:03',0),(154,2,6,'行列式计算','练习任务','完成10道行列式计算题',2.00,'2025-12-17 08:00:00',NULL,'2025-12-15 16:06:03','2025-12-15 16:06:03',0),(155,2,6,'特征值特征向量','学习任务','学习特征值计算方法',1.50,'2025-12-18 02:00:00',NULL,'2025-12-15 16:06:03','2025-12-15 16:06:03',0),(156,2,9,'概率分布学习','学习任务','学习二项分布和正态分布',2.00,'2025-12-16 03:00:00',NULL,'2025-12-15 16:06:03','2025-12-15 16:06:03',0),(157,2,9,'概率计算练习','练习任务','完成15道概率计算题',2.50,'2025-12-16 08:00:00',NULL,'2025-12-15 16:06:03','2025-12-15 16:06:03',0),(158,2,9,'数学期望学习','学习任务','学习期望的定义和性质',2.00,'2025-12-17 04:00:00',NULL,'2025-12-15 16:06:03','2025-12-15 16:06:03',0),(159,2,9,'方差计算练习','练习任务','完成10道方差计算题',2.00,'2025-12-17 09:00:00',NULL,'2025-12-15 16:06:03','2025-12-15 16:06:03',0),(160,2,9,'大数定律','学习任务','学习大数定律的概念',1.50,'2025-12-18 03:00:00',NULL,'2025-12-15 16:06:03','2025-12-15 16:06:03',0),(161,2,10,'定积分应用','学习任务','学习定积分的几何应用',2.00,'2025-12-16 01:00:00',NULL,'2025-12-15 16:06:03','2025-12-15 16:06:03',0),(162,2,10,'积分计算练习','练习任务','完成20道积分题',2.50,'2025-12-16 06:00:00',NULL,'2025-12-15 16:06:03','2025-12-15 16:06:03',0),(163,2,10,'曲线积分学习','学习任务','学习第一类曲线积分',2.00,'2025-12-17 02:00:00',NULL,'2025-12-15 16:06:03','2025-12-15 16:06:03',0),(164,2,10,'重积分练习','练习任务','完成10道重积分题',2.00,'2025-12-17 07:00:00',NULL,'2025-12-15 16:06:03','2025-12-15 16:06:03',0),(165,2,10,'积分变换学习','学习任务','学习积分换元法',1.50,'2025-12-18 01:00:00',NULL,'2025-12-15 16:06:03','2025-12-15 16:06:03',0),(166,2,14,'导数应用学习','学习任务','学习导数在极值中的应用',0.50,'2025-12-16 02:00:00','2025-12-16 07:15:38','2025-12-15 16:06:03','2025-12-16 07:15:38',1),(167,2,14,'求导练习','练习任务','完成30道求导题',0.50,'2025-12-16 07:00:00','2025-12-16 07:15:39','2025-12-15 16:06:03','2025-12-16 07:15:39',1),(168,2,14,'微分学习','学习任务','学习微分的概念和应用',2.00,'2025-12-17 03:00:00','2025-12-16 07:15:46','2025-12-15 16:06:03','2025-12-16 07:15:46',1),(169,2,14,'隐函数求导','练习任务','完成15道隐函数求导题',2.00,'2025-12-17 08:00:00','2025-12-16 07:16:06','2025-12-15 16:06:03','2025-12-16 07:16:06',1),(170,2,14,'高阶导数','学习任务','学习高阶导数的计算',1.50,'2025-12-18 02:00:00',NULL,'2025-12-15 16:06:03','2025-12-15 16:06:03',0),(171,2,101,'2021年真题','练习任务','完成2021年考研数学真题',3.00,'2025-12-16 03:00:00',NULL,'2025-12-15 16:06:03','2025-12-15 16:06:03',0),(172,2,101,'2022年真题','练习任务','完成2022年考研数学真题',3.00,'2025-12-16 08:00:00',NULL,'2025-12-15 16:06:03','2025-12-15 16:06:03',0),(173,2,101,'模拟题一','练习任务','完成模拟题一',3.00,'2025-12-17 04:00:00',NULL,'2025-12-15 16:06:03','2025-12-15 16:06:03',0),(174,2,101,'模拟题二','练习任务','完成模拟题二',3.00,'2025-12-17 09:00:00',NULL,'2025-12-15 16:06:03','2025-12-15 16:06:03',0),(175,2,101,'错题整理','学习任务','整理近期错题',2.00,'2025-12-18 03:00:00',NULL,'2025-12-15 16:06:03','2025-12-15 16:06:03',0),(176,1,14,'Java集合框架学习','学习任务','学习ArrayList、HashMap等集合类',2.50,'2025-12-16 01:00:00',NULL,'2025-12-15 16:06:11','2025-12-15 16:06:11',0),(177,1,14,'设计模式练习','练习任务','实现单例模式和工厂模式',2.00,'2025-12-16 06:00:00',NULL,'2025-12-15 16:06:11','2025-12-15 16:06:11',0),(178,1,14,'Spring框架入门','学习任务','学习Spring IOC和DI概念',3.00,'2025-12-17 02:00:00',NULL,'2025-12-15 16:06:11','2025-12-15 16:06:11',0),(179,1,14,'Java多线程练习','练习任务','实现生产者消费者模型',2.00,'2025-12-17 07:00:00',NULL,'2025-12-15 16:06:11','2025-12-15 16:06:11',0),(180,1,14,'数据库连接池学习','学习任务','学习Druid连接池配置',1.50,'2025-12-18 01:00:00',NULL,'2025-12-15 16:06:11','2025-12-15 16:06:11',0),(181,1,105,'图算法复习','学习任务','复习DFS和BFS算法',2.00,'2025-12-16 02:00:00',NULL,'2025-12-15 16:06:11','2025-12-15 16:06:11',0),(182,1,105,'动态规划练习','练习任务','完成5道动态规划题目',2.50,'2025-12-16 07:00:00',NULL,'2025-12-15 16:06:11','2025-12-15 16:06:11',0),(183,1,105,'二叉树操作','学习任务','学习二叉树遍历和构建',2.00,'2025-12-17 03:00:00',NULL,'2025-12-15 16:06:11','2025-12-15 16:06:11',0),(184,1,105,'排序算法实现','练习任务','实现快速排序和归并排序',2.00,'2025-12-17 08:00:00',NULL,'2025-12-15 16:06:11','2025-12-15 16:06:11',0),(185,1,105,'哈希表应用','学习任务','学习哈希表原理和应用场景',1.50,'2025-12-18 02:00:00',NULL,'2025-12-15 16:06:11','2025-12-15 16:06:11',0),(186,1,106,'字符串算法练习','练习任务','完成KMP和滑动窗口题目',2.00,'2025-12-16 03:00:00',NULL,'2025-12-15 16:06:11','2025-12-15 16:06:11',0),(187,1,106,'回溯算法学习','学习任务','学习回溯算法框架',2.50,'2025-12-16 08:00:00',NULL,'2025-12-15 16:06:11','2025-12-15 16:06:11',0),(188,1,106,'贪心算法练习','练习任务','完成5道贪心算法题目',2.00,'2025-12-17 04:00:00',NULL,'2025-12-15 16:06:11','2025-12-15 16:06:11',0),(189,1,106,'图论基础学习','学习任务','学习图的基本表示方法',2.00,'2025-12-17 09:00:00',NULL,'2025-12-15 16:06:11','2025-12-15 16:06:11',0),(190,1,106,'算法复杂度分析','学习任务','学习时间复杂度和空间复杂度',1.50,'2025-12-18 03:00:00',NULL,'2025-12-15 16:06:11','2025-12-15 16:06:11',0);
/*!40000 ALTER TABLE `study_task` ENABLE KEYS */;

--
-- Table structure for table `study_team`
--

DROP TABLE IF EXISTS `study_team`;
/*!40101 SET @saved_cs_client     = @@character_set_client */;
/*!50503 SET character_set_client = utf8mb4 */;
CREATE TABLE `study_team` (
  `team_id` int NOT NULL AUTO_INCREMENT,
  `team_name` varchar(100) CHARACTER SET utf8mb4 COLLATE utf8mb4_unicode_ci NOT NULL,
  `description` text CHARACTER SET utf8mb4 COLLATE utf8mb4_unicode_ci,
  `avatar_url` varchar(500) CHARACTER SET utf8mb4 COLLATE utf8mb4_unicode_ci DEFAULT NULL,
  `course_id` int DEFAULT NULL,
  `creator_id` int NOT NULL,
  `max_members` int DEFAULT '2',
  `current_members` int DEFAULT '1',
  `status` enum('active','inactive','full','closed') CHARACTER SET utf8mb4 COLLATE utf8mb4_unicode_ci DEFAULT 'active',
  `tags` json DEFAULT NULL,
  `create_time` datetime DEFAULT CURRENT_TIMESTAMP,
  `update_time` datetime DEFAULT CURRENT_TIMESTAMP ON UPDATE CURRENT_TIMESTAMP,
  PRIMARY KEY (`team_id`),
  KEY `idx_course` (`course_id`),
  KEY `idx_creator` (`creator_id`),
  KEY `idx_status` (`status`),
  CONSTRAINT `study_team_ibfk_1` FOREIGN KEY (`course_id`) REFERENCES `course` (`course_id`) ON DELETE SET NULL,
  CONSTRAINT `study_team_ibfk_2` FOREIGN KEY (`creator_id`) REFERENCES `user` (`user_id`) ON DELETE CASCADE
) ENGINE=InnoDB AUTO_INCREMENT=16 DEFAULT CHARSET=utf8mb4 COLLATE=utf8mb4_unicode_ci;
/*!40101 SET character_set_client = @saved_cs_client */;

--
-- Dumping data for table `study_team`
--

/*!40000 ALTER TABLE `study_team` DISABLE KEYS */;
INSERT INTO `study_team` VALUES (9,'英语六级','一周冲击英语六级加油加油加油',NULL,13,14,2,2,'active','[]','2025-12-08 20:58:00','2025-12-22 23:53:27'),(10,'Python数据分析小组','一起学习Python数据分析，掌握pandas、numpy等工具',NULL,5,6,2,2,'active','[\"Python\", \"数据分析\", \"pandas\"]','2025-12-01 10:00:00','2025-12-08 15:30:00'),(11,'React前端进阶组','深入学习React Hooks、Redux状态管理',NULL,2,7,4,2,'active','[\"React\", \"前端\", \"Hooks\"]','2025-12-02 14:30:00','2025-12-08 16:00:00'),(12,'MySQL数据库学习组','从零开始学习MySQL，掌握SQL语法和数据库设计',NULL,3,8,2,2,'active','[\"MySQL\", \"数据库\", \"SQL\"]','2025-12-03 09:00:00','2025-12-08 18:00:00'),(13,'算法刷题小组','每日一题，LeetCode算法练习，互相讨论解题思路',NULL,NULL,9,2,2,'active','[\"算法\", \"LeetCode\", \"刷题\"]','2025-12-04 20:00:00','2025-12-08 22:00:00'),(14,'TypeScript入门组','学习TypeScript类型系统，提升代码质量',NULL,1,10,2,2,'active','[\"TypeScript\", \"前端\", \"类型\"]','2025-12-05 11:00:00','2025-12-08 12:00:00'),(15,'计算机网络学习组','系统学习计算机网络知识，TCP/IP协议栈',NULL,13,14,2,2,'active','[\"网络\", \"TCP/IP\", \"协议\"]','2025-12-06 08:00:00','2025-12-08 20:00:00');
/*!40000 ALTER TABLE `study_team` ENABLE KEYS */;

--
-- Table structure for table `team_comment`
--

DROP TABLE IF EXISTS `team_comment`;
/*!40101 SET @saved_cs_client     = @@character_set_client */;
/*!50503 SET character_set_client = utf8mb4 */;
CREATE TABLE `team_comment` (
  `comment_id` int NOT NULL AUTO_INCREMENT,
  `team_id` int NOT NULL,
  `user_id` int NOT NULL,
  `content` text CHARACTER SET utf8mb4 COLLATE utf8mb4_unicode_ci NOT NULL,
  `create_time` timestamp NULL DEFAULT CURRENT_TIMESTAMP,
  `update_time` timestamp NULL DEFAULT CURRENT_TIMESTAMP ON UPDATE CURRENT_TIMESTAMP,
  `status` enum('active','deleted') CHARACTER SET utf8mb4 COLLATE utf8mb4_unicode_ci DEFAULT 'active',
  PRIMARY KEY (`comment_id`),
  KEY `idx_team_id` (`team_id`),
  KEY `idx_user_id` (`user_id`),
  KEY `idx_create_time` (`create_time`)
) ENGINE=InnoDB DEFAULT CHARSET=utf8mb4 COLLATE=utf8mb4_unicode_ci COMMENT='小组评论表';
/*!40101 SET character_set_client = @saved_cs_client */;

--
-- Dumping data for table `team_comment`
--

/*!40000 ALTER TABLE `team_comment` DISABLE KEYS */;
/*!40000 ALTER TABLE `team_comment` ENABLE KEYS */;

--
-- Table structure for table `team_learning_progress`
--

DROP TABLE IF EXISTS `team_learning_progress`;
/*!40101 SET @saved_cs_client     = @@character_set_client */;
/*!50503 SET character_set_client = utf8mb4 */;
CREATE TABLE `team_learning_progress` (
  `progress_id` int NOT NULL AUTO_INCREMENT,
  `team_id` int NOT NULL,
  `user_id` int NOT NULL,
  `course_id` int DEFAULT NULL,
  `study_date` date NOT NULL COMMENT '学习日期',
  `daily_study_duration` int DEFAULT '0' COMMENT '当日学习时长（分钟）',
  `daily_completed_tasks` int DEFAULT '0' COMMENT '当日完成任务数',
  `daily_progress_percentage` decimal(5,2) DEFAULT '0.00' COMMENT '当日学习进度百分比',
  `created_at` timestamp NULL DEFAULT CURRENT_TIMESTAMP,
  `updated_at` timestamp NULL DEFAULT CURRENT_TIMESTAMP ON UPDATE CURRENT_TIMESTAMP,
  PRIMARY KEY (`progress_id`),
  UNIQUE KEY `unique_team_user_date` (`team_id`,`user_id`,`study_date`),
  KEY `idx_team` (`team_id`),
  KEY `idx_user` (`user_id`),
  KEY `idx_course` (`course_id`),
  KEY `idx_study_date` (`study_date`),
  CONSTRAINT `team_learning_progress_ibfk_1` FOREIGN KEY (`team_id`) REFERENCES `study_team` (`team_id`) ON DELETE CASCADE,
  CONSTRAINT `team_learning_progress_ibfk_2` FOREIGN KEY (`user_id`) REFERENCES `user` (`user_id`) ON DELETE CASCADE,
  CONSTRAINT `team_learning_progress_ibfk_3` FOREIGN KEY (`course_id`) REFERENCES `course` (`course_id`) ON DELETE SET NULL
) ENGINE=InnoDB AUTO_INCREMENT=37 DEFAULT CHARSET=utf8mb4 COLLATE=utf8mb4_unicode_ci COMMENT='小组每日学习进度表';
/*!40101 SET character_set_client = @saved_cs_client */;

--
-- Dumping data for table `team_learning_progress`
--

/*!40000 ALTER TABLE `team_learning_progress` DISABLE KEYS */;
INSERT INTO `team_learning_progress` VALUES (1,9,14,1,'2025-12-08',60,1,70.00,'2025-12-08 14:59:12','2025-12-08 14:59:12'),(2,9,105,17,'2025-12-08',60,1,75.00,'2025-12-08 14:59:12','2025-12-08 14:59:12'),(6,10,14,5,'2025-12-07',120,2,85.00,'2025-12-07 14:00:00','2025-12-07 14:00:00'),(7,10,101,5,'2025-12-07',90,1,60.00,'2025-12-07 13:00:00','2025-12-07 13:00:00'),(8,10,14,5,'2025-12-08',150,3,90.00,'2025-12-08 14:00:00','2025-12-08 14:00:00'),(9,10,101,5,'2025-12-08',80,1,65.00,'2025-12-08 13:00:00','2025-12-08 13:00:00'),(10,11,14,2,'2025-12-07',90,1,70.00,'2025-12-07 11:00:00','2025-12-07 11:00:00'),(11,11,102,2,'2025-12-07',75,1,55.00,'2025-12-07 12:00:00','2025-12-07 12:00:00'),(12,11,14,2,'2025-12-08',120,2,80.00,'2025-12-08 11:00:00','2025-12-08 11:00:00'),(13,11,102,2,'2025-12-08',100,1,68.00,'2025-12-08 12:00:00','2025-12-08 12:00:00'),(14,12,14,3,'2025-12-07',180,2,88.00,'2025-12-07 14:00:00','2025-12-07 14:00:00'),(15,12,103,3,'2025-12-07',120,1,70.00,'2025-12-07 12:00:00','2025-12-07 12:00:00'),(16,12,14,3,'2025-12-08',200,3,95.00,'2025-12-08 14:00:00','2025-12-08 14:00:00'),(17,12,103,3,'2025-12-08',160,2,85.00,'2025-12-08 13:00:00','2025-12-08 13:00:00'),(18,13,14,NULL,'2025-12-07',240,4,92.00,'2025-12-07 15:00:00','2025-12-07 15:00:00'),(19,13,104,NULL,'2025-12-07',180,3,78.00,'2025-12-07 14:00:00','2025-12-07 14:00:00'),(20,13,14,NULL,'2025-12-08',300,5,98.00,'2025-12-08 15:00:00','2025-12-08 15:00:00'),(21,13,104,NULL,'2025-12-08',200,3,82.00,'2025-12-08 14:00:00','2025-12-08 14:00:00'),(22,14,14,1,'2025-12-07',60,1,75.00,'2025-12-07 10:00:00','2025-12-07 10:00:00'),(23,14,105,1,'2025-12-07',45,1,50.00,'2025-12-07 09:00:00','2025-12-07 09:00:00'),(24,14,14,1,'2025-12-08',90,2,88.00,'2025-12-08 10:00:00','2025-12-08 10:00:00'),(25,14,105,1,'2025-12-08',70,1,62.00,'2025-12-08 09:00:00','2025-12-08 09:00:00'),(26,15,14,13,'2025-12-07',90,1,72.00,'2025-12-07 12:00:00','2025-12-07 12:00:00'),(27,15,106,13,'2025-12-07',75,1,58.00,'2025-12-07 11:00:00','2025-12-07 11:00:00'),(28,15,14,13,'2025-12-08',120,2,85.00,'2025-12-08 12:00:00','2025-12-08 12:00:00'),(29,15,106,13,'2025-12-08',100,1,70.00,'2025-12-08 11:00:00','2025-12-08 11:00:00');
/*!40000 ALTER TABLE `team_learning_progress` ENABLE KEYS */;

--
-- Table structure for table `team_member`
--

DROP TABLE IF EXISTS `team_member`;
/*!40101 SET @saved_cs_client     = @@character_set_client */;
/*!50503 SET character_set_client = utf8mb4 */;
CREATE TABLE `team_member` (
  `member_id` int NOT NULL AUTO_INCREMENT,
  `team_id` int NOT NULL,
  `user_id` int NOT NULL,
  `role` enum('leader','member') CHARACTER SET utf8mb4 COLLATE utf8mb4_unicode_ci DEFAULT 'member',
  `join_time` datetime DEFAULT CURRENT_TIMESTAMP,
  `status` enum('active','pending','removed') CHARACTER SET utf8mb4 COLLATE utf8mb4_unicode_ci DEFAULT 'active',
  PRIMARY KEY (`member_id`),
  UNIQUE KEY `unique_team_user` (`team_id`,`user_id`),
  KEY `idx_team` (`team_id`),
  KEY `idx_user` (`user_id`),
  CONSTRAINT `team_member_ibfk_1` FOREIGN KEY (`team_id`) REFERENCES `study_team` (`team_id`) ON DELETE CASCADE,
  CONSTRAINT `team_member_ibfk_2` FOREIGN KEY (`user_id`) REFERENCES `user` (`user_id`) ON DELETE CASCADE
) ENGINE=InnoDB AUTO_INCREMENT=53 DEFAULT CHARSET=utf8mb4 COLLATE=utf8mb4_unicode_ci;
/*!40101 SET character_set_client = @saved_cs_client */;

--
-- Dumping data for table `team_member`
--

/*!40000 ALTER TABLE `team_member` DISABLE KEYS */;
INSERT INTO `team_member` VALUES (30,10,101,'member','2025-12-01 12:00:00','active'),(31,11,14,'leader','2025-12-02 14:30:00','active'),(32,11,102,'member','2025-12-02 16:00:00','active'),(34,12,103,'member','2025-12-03 10:30:00','active'),(35,13,14,'leader','2025-12-04 20:00:00','active'),(36,13,104,'member','2025-12-04 21:00:00','active'),(38,14,105,'member','2025-12-05 14:00:00','active'),(40,15,106,'member','2025-12-06 10:00:00','active'),(48,15,14,'member','2025-12-17 00:28:53','active'),(51,9,14,'member','2025-12-20 20:30:29','active'),(52,9,120,'member','2025-12-22 23:52:02','active');
/*!40000 ALTER TABLE `team_member` ENABLE KEYS */;

--
-- Table structure for table `team_task`
--

DROP TABLE IF EXISTS `team_task`;
/*!40101 SET @saved_cs_client     = @@character_set_client */;
/*!50503 SET character_set_client = utf8mb4 */;
CREATE TABLE `team_task` (
  `task_id` int NOT NULL AUTO_INCREMENT,
  `team_id` int NOT NULL,
  `title` varchar(200) CHARACTER SET utf8mb4 COLLATE utf8mb4_unicode_ci NOT NULL,
  `description` text CHARACTER SET utf8mb4 COLLATE utf8mb4_unicode_ci,
  `creator_id` int NOT NULL,
  `assignee_id` int DEFAULT NULL,
  `due_date` datetime DEFAULT NULL,
  `priority` enum('low','medium','high') CHARACTER SET utf8mb4 COLLATE utf8mb4_unicode_ci DEFAULT 'medium',
  `create_time` datetime DEFAULT CURRENT_TIMESTAMP,
  `update_time` datetime DEFAULT CURRENT_TIMESTAMP ON UPDATE CURRENT_TIMESTAMP,
  `is_completed` tinyint(1) DEFAULT '0' COMMENT '是否完成',
  `completion_time` int DEFAULT NULL COMMENT '完成耗时(分钟)',
  `completed_at` timestamp NULL DEFAULT NULL COMMENT '完成时间',
  PRIMARY KEY (`task_id`),
  KEY `idx_team` (`team_id`),
  KEY `idx_creator` (`creator_id`),
  KEY `idx_assignee` (`assignee_id`),
  CONSTRAINT `team_task_ibfk_1` FOREIGN KEY (`team_id`) REFERENCES `study_team` (`team_id`) ON DELETE CASCADE,
  CONSTRAINT `team_task_ibfk_2` FOREIGN KEY (`creator_id`) REFERENCES `user` (`user_id`) ON DELETE CASCADE,
  CONSTRAINT `team_task_ibfk_3` FOREIGN KEY (`assignee_id`) REFERENCES `user` (`user_id`) ON DELETE SET NULL
) ENGINE=InnoDB AUTO_INCREMENT=39 DEFAULT CHARSET=utf8mb4 COLLATE=utf8mb4_unicode_ci;
/*!40101 SET character_set_client = @saved_cs_client */;

--
-- Dumping data for table `team_task`
--

/*!40000 ALTER TABLE `team_task` DISABLE KEYS */;
INSERT INTO `team_task` VALUES (14,10,'学习pandas基础','掌握DataFrame创建、数据读取和基本操作',14,14,'2025-12-15 23:59:59','high','2025-12-01 10:30:00','2025-12-08 10:00:00',1,120,'2025-12-07 07:00:00'),(15,10,'完成数据清洗练习','处理缺失值、重复值和异常值',101,101,'2025-12-18 23:59:59','medium','2025-12-02 09:00:00','2025-12-08 11:00:00',0,NULL,NULL),(16,11,'学习useState和useEffect','掌握React Hooks的基本用法',14,14,'2025-12-12 23:59:59','high','2025-12-02 15:00:00','2025-12-08 09:00:00',1,90,'2025-12-06 10:00:00'),(17,11,'实现自定义Hook','封装一个通用的数据请求Hook',102,102,'2025-12-16 23:59:59','medium','2025-12-03 10:00:00','2025-12-08 14:00:00',0,NULL,NULL),(18,12,'学习SQL基础语法','掌握SELECT、INSERT、UPDATE、DELETE语句',14,14,'2025-12-10 23:59:59','high','2025-12-03 09:30:00','2025-12-07 20:00:00',1,150,'2025-12-06 08:00:00'),(19,12,'练习多表联查','掌握JOIN、LEFT JOIN、RIGHT JOIN的使用',103,103,'2025-12-14 23:59:59','high','2025-12-04 10:00:00','2025-12-08 15:00:00',0,NULL,NULL),(20,13,'完成数组专题10道','刷完LeetCode数组相关的10道题目',14,14,'2025-12-11 23:59:59','high','2025-12-04 20:30:00','2025-12-08 21:00:00',1,240,'2025-12-08 12:00:00'),(21,13,'学习二分查找算法','掌握二分查找的模板和变体',104,104,'2025-12-13 23:59:59','high','2025-12-05 09:00:00','2025-12-08 10:00:00',0,NULL,NULL),(22,14,'学习TS基础类型','掌握string、number、boolean、array等基础类型',14,14,'2025-12-12 23:59:59','high','2025-12-05 11:30:00','2025-12-08 09:00:00',1,60,'2025-12-07 02:00:00'),(23,14,'学习接口和类型别名','掌握interface和type的使用',105,105,'2025-12-16 23:59:59','medium','2025-12-06 10:00:00','2025-12-08 14:00:00',0,NULL,NULL),(24,15,'学习OSI七层模型','理解每一层的功能和协议',14,14,'2025-12-13 23:59:59','high','2025-12-06 08:30:00','2025-12-08 18:00:00',1,90,'2025-12-08 09:00:00'),(25,15,'学习TCP三次握手','理解TCP连接建立的过程',105,105,'2025-12-15 23:59:59','high','2025-12-06 14:00:00','2025-12-08 19:00:00',0,NULL,NULL),(35,9,'背50个单词','每日任务',14,14,NULL,'medium','2025-12-22 23:37:43','2025-12-22 23:37:56',1,60,'2025-12-22 15:37:56'),(36,9,'做三篇完形填空','一个小时限时训练',14,14,NULL,'medium','2025-12-22 23:38:25','2025-12-22 23:39:20',1,30,'2025-12-22 15:39:20'),(38,9,'写一篇作文','限时30分钟',120,120,NULL,'medium','2025-12-22 23:52:31','2025-12-22 23:52:37',1,30,'2025-12-22 15:52:37');
/*!40000 ALTER TABLE `team_task` ENABLE KEYS */;

--
-- Table structure for table `user`
--

DROP TABLE IF EXISTS `user`;
/*!40101 SET @saved_cs_client     = @@character_set_client */;
/*!50503 SET character_set_client = utf8mb4 */;
CREATE TABLE `user` (
  `user_id` int NOT NULL AUTO_INCREMENT,
  `user_name` varchar(100) CHARACTER SET utf8mb4 COLLATE utf8mb4_unicode_ci NOT NULL,
  `email` varchar(100) CHARACTER SET utf8mb4 COLLATE utf8mb4_unicode_ci NOT NULL,
  `password_hash` varchar(255) CHARACTER SET utf8mb4 COLLATE utf8mb4_unicode_ci NOT NULL,
  `avatar_url` varchar(255) CHARACTER SET utf8mb4 COLLATE utf8mb4_unicode_ci DEFAULT NULL,
  `role` enum('learner','instructor','admin') CHARACTER SET utf8mb4 COLLATE utf8mb4_unicode_ci NOT NULL DEFAULT 'learner',
  `is_active` tinyint DEFAULT '1',
  `register_time` datetime NOT NULL DEFAULT CURRENT_TIMESTAMP,
  `last_login_time` datetime DEFAULT NULL,
  `created_at` timestamp NULL DEFAULT CURRENT_TIMESTAMP,
  `updated_at` timestamp NULL DEFAULT CURRENT_TIMESTAMP ON UPDATE CURRENT_TIMESTAMP,
  PRIMARY KEY (`user_id`),
  UNIQUE KEY `email` (`email`),
  KEY `idx_email` (`email`),
  KEY `idx_role` (`role`)
) ENGINE=InnoDB AUTO_INCREMENT=121 DEFAULT CHARSET=utf8mb4 COLLATE=utf8mb4_unicode_ci;
/*!40101 SET character_set_client = @saved_cs_client */;

--
-- Dumping data for table `user`
--

/*!40000 ALTER TABLE `user` DISABLE KEYS */;
INSERT INTO `user` VALUES (1,'张老师','zhang.teacher@example.com','$2a$10$examplehashteacher1','https://wuyingyunshang.oss-cn-shanghai.aliyuncs.com/mzcourse/%E6%95%99%E5%B8%88/man1.jpg','instructor',1,'2025-11-28 21:06:41','2025-11-30 10:00:00','2025-11-28 05:06:41','2025-12-09 02:26:53'),(2,'李老师','li.teacher@example.com','$2a$10$examplehashteacher2','https://wuyingyunshang.oss-cn-shanghai.aliyuncs.com/mzcourse/%E6%95%99%E5%B8%88/man2.png','instructor',1,'2025-11-28 21:06:41','2025-11-30 09:30:00','2025-11-28 05:06:41','2025-12-09 02:31:48'),(3,'王老师','wang.teacher@example.com','$2a$10$examplehashteacher3','https://wuyingyunshang.oss-cn-shanghai.aliyuncs.com/mzcourse/%E6%95%99%E5%B8%88/woman1.png','instructor',1,'2025-11-28 21:06:41','2025-11-30 11:00:00','2025-11-28 05:06:41','2025-12-09 02:31:48'),(4,'赵老师','zhao.teacher@example.com','$2a$10$examplehashteacher4','https://wuyingyunshang.oss-cn-shanghai.aliyuncs.com/mzcourse/%E6%95%99%E5%B8%88/woman2.png','instructor',1,'2025-11-28 21:06:41','2025-11-30 08:00:00','2025-11-28 05:06:41','2025-12-09 02:31:48'),(5,'刘老师','liu.teacher@example.com','$2a$10$examplehashteacher5','https://wuyingyunshang.oss-cn-shanghai.aliyuncs.com/mzcourse/%E6%95%99%E5%B8%88/woman3.jpg','instructor',1,'2025-11-28 21:06:41','2025-11-30 12:00:00','2025-11-28 05:06:41','2025-12-09 02:31:48'),(6,'小明','xiaoming@example.com','$2a$10$examplehashstudent1','https://wuyingyunshang.oss-cn-shanghai.aliyuncs.com/img/user_image/1.jpg','learner',1,'2025-11-28 21:06:41','2025-11-30 13:00:00','2025-11-28 05:06:41','2025-12-20 13:25:33'),(7,'小红','xiaohong@example.com','$2a$10$examplehashstudent2','https://wuyingyunshang.oss-cn-shanghai.aliyuncs.com/img/user_image/2.jpg','learner',1,'2025-11-28 21:06:41','2025-11-30 14:00:00','2025-11-28 05:06:41','2025-12-20 13:25:33'),(8,'小刚','xiaogang@example.com','$2a$10$examplehashstudent3','https://wuyingyunshang.oss-cn-shanghai.aliyuncs.com/img/user_image/3.jpg','learner',1,'2025-11-28 21:06:41','2025-11-30 15:00:00','2025-11-28 05:06:41','2025-12-20 13:25:33'),(9,'小丽','xiaoli@example.com','$2a$10$examplehashstudent4','https://wuyingyunshang.oss-cn-shanghai.aliyuncs.com/img/user_image/4.jpg','learner',1,'2025-11-28 21:06:41','2025-11-30 16:00:00','2025-11-28 05:06:41','2025-12-20 13:25:33'),(10,'小华','xiaohua@example.com','$2a$10$examplehashstudent5','https://wuyingyunshang.oss-cn-shanghai.aliyuncs.com/img/user_image/5.jpg','learner',1,'2025-11-28 21:06:41','2025-11-30 17:00:00','2025-11-28 05:06:41','2025-12-20 13:25:33'),(11,'1111','1111_1764483685328_a4yg6h@mzcourse.local','$2b$10$URRsMC0546kXKr.77hP.AekIArlH3Jp3UrB9oeH/10a3Tr8DOx1.O','https://wuyingyunshang.oss-cn-shanghai.aliyuncs.com/img/user_image/6.jpg','learner',1,'2025-11-30 14:21:25',NULL,'2025-11-30 06:21:25','2025-12-20 13:25:33'),(12,'tttt','tttt_1764486655431_csyp0m@mzcourse.local','$2b$10$pc1AvNKBQirHlJS8h2Lei.hN5TpurKsEd7HpRMTPGucGwUjSnmkbK','https://wuyingyunshang.oss-cn-shanghai.aliyuncs.com/img/user_image/7.jpg','learner',1,'2025-11-30 15:10:55','2025-11-30 18:41:27','2025-11-30 07:10:55','2025-12-20 13:25:33'),(14,'student','behavior.student@mzcourse.local','$2b$10$C.xYzF8FLz/kHQ/7DXtJve6BLlxoa/qkSUlzEb/zidJtS/nRRra0u','https://wuyingyunshang.oss-cn-shanghai.aliyuncs.com/img/user_image/8.jpg','learner',1,'2025-12-01 13:11:25','2025-12-23 00:37:42','2025-12-01 05:11:25','2025-12-22 16:37:42'),(15,'teacher','teacher_1765179711963_h5ixn8@mzcourse.local','$2b$10$5boJb0NFAfT5rzJueRlLbex/y7lRJ/KdFUTZyAo6Kg/esuq4GmHNu','https://wuyingyunshang.oss-cn-shanghai.aliyuncs.com/mzcourse/%E6%95%99%E5%B8%88/woman4.png','instructor',1,'2025-12-08 15:41:52','2025-12-22 23:54:04','2025-12-08 07:41:52','2025-12-22 15:54:04'),(101,'学生A','student.a@example.com','$2a$10$examplestudent1','https://wuyingyunshang.oss-cn-shanghai.aliyuncs.com/img/user_image/9.jpg','learner',1,'2025-12-08 15:42:37',NULL,'2025-12-08 07:42:37','2025-12-20 13:25:34'),(102,'学生B','student.b@example.com','$2a$10$examplestudent2','https://wuyingyunshang.oss-cn-shanghai.aliyuncs.com/img/user_image/10.jpg','learner',1,'2025-12-08 15:42:37',NULL,'2025-12-08 07:42:37','2025-12-20 13:25:34'),(103,'学生C','student.c@example.com','$2a$10$examplestudent3','https://wuyingyunshang.oss-cn-shanghai.aliyuncs.com/img/user_image/11.png','learner',1,'2025-12-08 15:42:37',NULL,'2025-12-08 07:42:37','2025-12-20 13:25:34'),(104,'学生D','student.d@example.com','$2a$10$examplestudent4','https://wuyingyunshang.oss-cn-shanghai.aliyuncs.com/img/user_image/12.jpg','learner',1,'2025-12-08 15:42:37',NULL,'2025-12-08 07:42:37','2025-12-20 13:25:34'),(105,'s1','s1_1765198699176_vob66r@mzcourse.local','$2b$10$soiMRYt0QNU19ijv7X5YB.MtZUgZ3APppMPhBnlKQg5JC6JaNJQCG','https://wuyingyunshang.oss-cn-shanghai.aliyuncs.com/img/user_image/1.jpg','learner',1,'2025-12-08 20:58:19','2025-12-15 18:29:09','2025-12-08 12:58:19','2025-12-20 13:25:34'),(106,'s2','s2_1765240066103_9xxfzs@mzcourse.local','$2b$10$cYiwyFx8e3U3Pe4szTtZ7uVkH4VyWl9H.cfwxzhhzp7qyaGykEwyi','https://wuyingyunshang.oss-cn-shanghai.aliyuncs.com/img/user_image/2.jpg','learner',1,'2025-12-09 08:27:46',NULL,'2025-12-09 00:27:46','2025-12-20 13:25:34'),(107,'张三','student1@test.com','$2b$10$example1','https://wuyingyunshang.oss-cn-shanghai.aliyuncs.com/img/user_image/3.jpg','learner',1,'2025-12-11 21:50:35',NULL,'2025-12-11 13:50:35','2025-12-20 13:25:34'),(108,'李四','student2@test.com','$2b$10$example2','https://wuyingyunshang.oss-cn-shanghai.aliyuncs.com/img/user_image/4.jpg','learner',1,'2025-12-11 21:50:35',NULL,'2025-12-11 13:50:35','2025-12-20 13:25:34'),(109,'王五','student3@test.com','$2b$10$example3','https://wuyingyunshang.oss-cn-shanghai.aliyuncs.com/img/user_image/5.jpg','learner',1,'2025-12-11 21:50:35',NULL,'2025-12-11 13:50:35','2025-12-20 13:25:34'),(110,'赵六','student4@test.com','$2b$10$example4','https://wuyingyunshang.oss-cn-shanghai.aliyuncs.com/img/user_image/6.jpg','learner',1,'2025-12-11 21:50:35',NULL,'2025-12-11 13:50:35','2025-12-20 13:25:34'),(111,'钱七','student5@test.com','$2b$10$example5','https://wuyingyunshang.oss-cn-shanghai.aliyuncs.com/img/user_image/7.jpg','learner',1,'2025-12-11 21:50:35',NULL,'2025-12-11 13:50:35','2025-12-20 13:25:34'),(112,'孙八','student6@test.com','$2b$10$example6','https://wuyingyunshang.oss-cn-shanghai.aliyuncs.com/img/user_image/8.jpg','learner',1,'2025-12-11 21:50:35',NULL,'2025-12-11 13:50:35','2025-12-20 13:25:34'),(113,'周九','student7@test.com','$2b$10$example7','https://wuyingyunshang.oss-cn-shanghai.aliyuncs.com/img/user_image/9.jpg','learner',1,'2025-12-11 21:50:35',NULL,'2025-12-11 13:50:35','2025-12-20 13:25:34'),(114,'吴十','student8@test.com','$2b$10$example8','https://wuyingyunshang.oss-cn-shanghai.aliyuncs.com/img/user_image/10.jpg','learner',1,'2025-12-11 21:50:35',NULL,'2025-12-11 13:50:35','2025-12-20 13:25:34'),(115,'3333','3333_1765461418184_2lyo16@mzcourse.local','$2b$10$xMD.3u3g3OwpkQPE527cJeFDDmvj67sMXJmfdDV4cAnr677/xyqxy','https://wuyingyunshang.oss-cn-shanghai.aliyuncs.com/img/user_image/11.png','learner',1,'2025-12-11 21:56:58','2025-12-20 22:02:33','2025-12-11 13:56:58','2025-12-20 14:02:33'),(116,'pqr123','pqr123_1765845862463_ypm4k6@mzcourse.local','$2b$10$pRnyz2lq6vaoGfPP7BmaL.n0Xn24K8Hnd31yqgvn0DZyPUyCg9AUi','https://wuyingyunshang.oss-cn-shanghai.aliyuncs.com/img/user_image/12.jpg','learner',1,'2025-12-16 08:44:22','2025-12-16 08:46:56','2025-12-16 00:44:22','2025-12-20 13:25:34'),(118,'2222','2222_1766238426235_s2fvak@mzcourse.local','$2b$10$.imPH/l9zxp0aIS5jqhqpuCEgwOCKNGk2gqbbRH09Eeml.I/m2yRa','/uploads/avatars/avatar_118_1766238716893.png','learner',1,'2025-12-20 21:47:06',NULL,'2025-12-20 13:47:06','2025-12-20 13:51:57'),(119,'33333','33333_1766239209052_izobam@mzcourse.local','$2b$10$BVpErNcSdjpqSikqT643O.kAy05veJkdbmzUodYUvM3K2LUqtLwPa','/uploads/avatars/avatar_119_1766239712038.png','learner',1,'2025-12-20 22:00:09','2025-12-20 22:06:48','2025-12-20 14:00:09','2025-12-20 14:08:32'),(120,'student2','student2_1766418714592_wi5fdu@mzcourse.local','$2b$10$cJ7FyvsTsVZ/oAbQ.7.XXOL66EvRS6ZQzmfyejd4Yv07LckCbnH5a',NULL,'learner',1,'2025-12-22 23:51:54',NULL,'2025-12-22 15:51:54','2025-12-22 15:51:54');
/*!40000 ALTER TABLE `user` ENABLE KEYS */;

--
-- Table structure for table `user_achievement`
--

DROP TABLE IF EXISTS `user_achievement`;
/*!40101 SET @saved_cs_client     = @@character_set_client */;
/*!50503 SET character_set_client = utf8mb4 */;
CREATE TABLE `user_achievement` (
  `user_achieve_id` int NOT NULL AUTO_INCREMENT,
  `user_id` int NOT NULL,
  `achievement_id` int NOT NULL,
  `earned_time` datetime DEFAULT CURRENT_TIMESTAMP,
  PRIMARY KEY (`user_achieve_id`),
  UNIQUE KEY `uk_user_achievement` (`user_id`,`achievement_id`),
  KEY `idx_user` (`user_id`),
  KEY `idx_achievement` (`achievement_id`),
  CONSTRAINT `user_achievement_ibfk_1` FOREIGN KEY (`user_id`) REFERENCES `user` (`user_id`) ON DELETE CASCADE,
  CONSTRAINT `user_achievement_ibfk_2` FOREIGN KEY (`achievement_id`) REFERENCES `achievement` (`achievement_id`) ON DELETE CASCADE
) ENGINE=InnoDB DEFAULT CHARSET=utf8mb4 COLLATE=utf8mb4_unicode_ci;
/*!40101 SET character_set_client = @saved_cs_client */;

--
-- Dumping data for table `user_achievement`
--

/*!40000 ALTER TABLE `user_achievement` DISABLE KEYS */;
/*!40000 ALTER TABLE `user_achievement` ENABLE KEYS */;

--
-- Table structure for table `user_behavior`
--

DROP TABLE IF EXISTS `user_behavior`;
/*!40101 SET @saved_cs_client     = @@character_set_client */;
/*!50503 SET character_set_client = utf8mb4 */;
CREATE TABLE `user_behavior` (
  `id` bigint NOT NULL AUTO_INCREMENT,
  `user_id` int NOT NULL,
  `course_id` int NOT NULL,
  `video_id` int NOT NULL,
  `behavior_type` varchar(50) NOT NULL,
  `current_time` int DEFAULT '0',
  `play_speed` decimal(3,2) DEFAULT '1.00',
  `behavior_time` timestamp NULL DEFAULT CURRENT_TIMESTAMP,
  PRIMARY KEY (`id`),
  KEY `idx_user_course` (`user_id`,`course_id`),
  KEY `idx_video` (`video_id`),
  KEY `idx_behavior_type` (`behavior_type`)
) ENGINE=InnoDB AUTO_INCREMENT=10 DEFAULT CHARSET=utf8mb4 COLLATE=utf8mb4_0900_ai_ci;
/*!40101 SET character_set_client = @saved_cs_client */;

--
-- Dumping data for table `user_behavior`
--

/*!40000 ALTER TABLE `user_behavior` DISABLE KEYS */;
INSERT INTO `user_behavior` VALUES (1,14,1,1001,'speed_change',120,0.75,'2025-11-29 00:15:22'),(2,14,1,1001,'speed_change',300,1.25,'2025-11-30 00:15:22'),(3,14,1,1002,'speed_change',90,1.00,'2025-12-01 00:15:22'),(4,14,2,2001,'speed_change',180,1.50,'2025-11-30 00:15:22'),(5,14,2,2001,'speed_change',60,1.50,'2025-12-01 00:15:22'),(6,14,2,2002,'speed_change',30,1.25,'2025-12-02 00:15:22'),(7,14,3,3001,'speed_change',240,2.00,'2025-12-01 00:15:22'),(8,14,3,3001,'speed_change',45,1.25,'2025-12-02 00:15:22'),(9,14,3,3002,'speed_change',100,1.00,'2025-12-02 00:15:22');
/*!40000 ALTER TABLE `user_behavior` ENABLE KEYS */;

--
-- Table structure for table `user_course`
--

DROP TABLE IF EXISTS `user_course`;
/*!40101 SET @saved_cs_client     = @@character_set_client */;
/*!50503 SET character_set_client = utf8mb4 */;
CREATE TABLE `user_course` (
  `id` int NOT NULL AUTO_INCREMENT,
  `user_id` int NOT NULL COMMENT '用户ID',
  `course_id` int NOT NULL COMMENT '课程ID',
  `enroll_time` datetime DEFAULT CURRENT_TIMESTAMP COMMENT '报名时间',
  `progress` int DEFAULT '0' COMMENT '学习进度（0-100）',
  `last_learn_time` datetime DEFAULT NULL COMMENT '最后学习时间',
  `is_favorite` tinyint DEFAULT '0' COMMENT '是否收藏',
  `created_at` timestamp NULL DEFAULT CURRENT_TIMESTAMP,
  `updated_at` timestamp NULL DEFAULT CURRENT_TIMESTAMP ON UPDATE CURRENT_TIMESTAMP,
  `total_learn_duration` int DEFAULT '0' COMMENT '总学习时长（分钟）',
  `last_chapter_id` int DEFAULT NULL COMMENT '最后学习的章节ID',
  `last_video_id` int DEFAULT NULL COMMENT '最后学习的视频ID',
  `is_completed` tinyint DEFAULT '0' COMMENT '是否已完成课程',
  `completed_time` datetime DEFAULT NULL COMMENT '完成时间',
  `rating` int DEFAULT NULL COMMENT '评分（1-5）',
  `is_enrolled` tinyint NOT NULL DEFAULT '1' COMMENT '是否已报名',
  PRIMARY KEY (`id`),
  UNIQUE KEY `uk_user_course` (`user_id`,`course_id`),
  KEY `idx_user` (`user_id`),
  KEY `idx_course` (`course_id`),
  KEY `fk_user_course_last_chapter` (`last_chapter_id`),
  KEY `fk_user_course_last_video` (`last_video_id`),
  KEY `idx_user_course_progress` (`progress`),
  KEY `idx_user_course_completed` (`is_completed`),
  KEY `idx_user_course_updated` (`updated_at`),
  CONSTRAINT `fk_user_course_last_chapter` FOREIGN KEY (`last_chapter_id`) REFERENCES `course_chapter` (`chapter_id`) ON DELETE SET NULL,
  CONSTRAINT `fk_user_course_last_video` FOREIGN KEY (`last_video_id`) REFERENCES `course_video` (`video_id`) ON DELETE SET NULL,
  CONSTRAINT `user_course_ibfk_1` FOREIGN KEY (`user_id`) REFERENCES `user` (`user_id`) ON DELETE CASCADE,
  CONSTRAINT `user_course_ibfk_2` FOREIGN KEY (`course_id`) REFERENCES `course` (`course_id`) ON DELETE CASCADE
) ENGINE=InnoDB AUTO_INCREMENT=172 DEFAULT CHARSET=utf8mb4 COLLATE=utf8mb4_unicode_ci COMMENT='用户课程关系表';
/*!40101 SET character_set_client = @saved_cs_client */;

--
-- Dumping data for table `user_course`
--

/*!40000 ALTER TABLE `user_course` DISABLE KEYS */;
INSERT INTO `user_course` VALUES (1,4,1,'2025-11-28 21:06:48',35,'2025-11-28 21:06:48',0,'2025-11-28 13:06:48','2025-12-01 07:54:14',0,NULL,NULL,0,NULL,NULL,0),(2,4,4,'2025-11-28 21:06:48',60,'2025-11-28 21:06:48',0,'2025-11-28 13:06:48','2025-12-01 07:54:14',0,NULL,NULL,0,NULL,NULL,0),(3,5,1,'2025-11-28 21:06:48',80,'2025-11-28 21:06:48',0,'2025-11-28 13:06:48','2025-12-01 07:54:14',0,NULL,NULL,0,NULL,NULL,0),(4,5,3,'2025-11-28 21:06:48',45,'2025-11-28 21:06:48',0,'2025-11-28 13:06:48','2025-12-01 07:54:14',0,NULL,NULL,0,NULL,NULL,0),(6,5,5,'2025-11-28 23:12:19',85,'2025-11-28 23:12:19',0,'2025-11-28 15:12:19','2025-12-01 07:54:14',0,NULL,NULL,0,NULL,NULL,0),(7,6,2,'2025-11-28 23:16:26',0,NULL,0,'2025-11-28 15:16:26','2025-12-01 07:54:14',0,NULL,NULL,0,NULL,NULL,0),(8,6,1,'2025-11-28 23:20:13',100,'2025-12-11 21:54:42',0,'2025-11-28 15:20:13','2025-12-11 13:54:42',2220,NULL,NULL,0,NULL,NULL,0),(9,6,3,'2025-11-28 23:28:59',0,NULL,0,'2025-11-28 15:28:59','2025-12-01 07:54:14',0,NULL,NULL,0,NULL,NULL,0),(10,8,1,'2025-11-29 14:27:31',0,NULL,0,'2025-11-29 06:27:31','2025-12-01 07:54:14',0,NULL,NULL,0,NULL,NULL,0),(11,11,10,'2025-11-30 14:53:40',0,NULL,0,'2025-11-30 06:53:40','2025-12-01 07:54:14',0,NULL,NULL,0,NULL,NULL,0),(16,14,5,'2025-12-01 15:34:20',100,'2025-12-11 21:54:43',1,'2025-12-01 07:34:20','2025-12-11 13:54:43',2327,NULL,NULL,0,NULL,NULL,1),(21,14,2,'2025-12-01 15:51:51',100,'2025-12-11 21:54:43',0,'2025-12-01 07:51:51','2025-12-11 13:54:43',10946,NULL,NULL,0,NULL,NULL,1),(22,14,1,'2025-12-01 16:53:38',100,'2025-12-11 21:54:43',0,'2025-12-01 08:53:38','2025-12-11 13:54:43',2820,NULL,NULL,0,NULL,NULL,0),(23,14,3,'2025-12-01 16:53:38',100,'2025-12-23 00:47:55',1,'2025-12-01 08:53:38','2025-12-22 16:47:55',5270,NULL,NULL,0,NULL,NULL,1),(26,14,8,'2025-12-02 00:00:07',0,NULL,0,'2025-12-01 16:00:07','2025-12-01 16:00:07',0,NULL,NULL,0,NULL,NULL,1),(27,14,7,'2025-12-02 00:00:19',1,'2025-12-11 21:54:43',0,'2025-12-01 16:00:19','2025-12-22 12:10:58',16,NULL,NULL,0,NULL,NULL,0),(28,14,15,'2025-12-02 00:00:25',0,NULL,0,'2025-12-01 16:00:25','2025-12-08 11:30:57',0,NULL,NULL,0,NULL,NULL,0),(31,14,6,'2025-12-06 21:47:26',36,'2025-12-20 20:54:29',0,'2025-12-06 13:47:26','2025-12-22 15:32:00',106,NULL,NULL,0,NULL,NULL,0),(32,101,17,'2025-12-08 15:42:38',85,'2025-12-11 22:34:05',0,'2025-12-08 07:42:38','2025-12-11 14:34:05',13380,NULL,NULL,0,NULL,NULL,1),(33,101,18,'2025-12-08 15:42:38',70,'2025-12-11 22:34:05',0,'2025-12-08 07:42:38','2025-12-11 14:34:05',16500,NULL,NULL,0,NULL,NULL,1),(34,102,17,'2025-12-08 15:42:38',90,'2025-12-11 22:34:05',0,'2025-12-08 07:42:38','2025-12-11 14:34:05',13560,NULL,NULL,0,NULL,NULL,1),(35,102,19,'2025-12-08 15:42:38',80,'2025-12-11 22:34:05',0,'2025-12-08 07:42:38','2025-12-11 14:34:05',7740,NULL,NULL,0,NULL,NULL,1),(36,103,18,'2025-12-08 15:42:38',65,'2025-12-11 22:34:05',0,'2025-12-08 07:42:38','2025-12-11 14:34:05',18000,NULL,NULL,0,NULL,NULL,1),(37,103,20,'2025-12-08 15:42:38',75,'2025-12-11 22:34:05',0,'2025-12-08 07:42:38','2025-12-11 14:34:05',17940,NULL,NULL,0,NULL,NULL,1),(38,104,17,'2025-12-08 15:42:38',95,'2025-12-11 22:34:05',0,'2025-12-08 07:42:38','2025-12-11 14:34:05',18000,NULL,NULL,0,NULL,NULL,1),(39,104,19,'2025-12-08 15:42:38',85,'2025-12-11 22:34:05',0,'2025-12-08 07:42:38','2025-12-11 14:34:05',12180,NULL,NULL,0,NULL,NULL,1),(41,6,4,'2025-11-25 10:00:00',75,'2025-12-10 15:30:00',1,'2025-12-11 09:49:29','2025-12-11 09:49:29',180,NULL,NULL,0,NULL,NULL,1),(42,6,7,'2025-11-28 14:00:00',60,'2025-12-09 20:00:00',0,'2025-12-11 09:49:29','2025-12-11 09:49:29',120,NULL,NULL,0,NULL,NULL,1),(43,6,11,'2025-12-01 09:00:00',85,'2025-12-11 10:00:00',1,'2025-12-11 09:49:29','2025-12-11 09:49:29',240,NULL,NULL,0,NULL,NULL,1),(44,7,8,'2025-11-22 11:00:00',90,'2025-12-10 18:00:00',1,'2025-12-11 09:49:29','2025-12-11 09:49:29',300,NULL,NULL,0,NULL,NULL,1),(45,7,14,'2025-11-30 16:00:00',70,'2025-12-09 14:00:00',0,'2025-12-11 09:49:29','2025-12-11 09:49:29',150,NULL,NULL,0,NULL,NULL,1),(46,7,16,'2025-12-03 13:00:00',55,'2025-12-08 16:00:00',0,'2025-12-11 09:49:29','2025-12-11 09:49:29',90,NULL,NULL,0,NULL,NULL,1),(47,8,6,'2025-11-20 08:00:00',95,'2025-12-11 21:54:42',1,'2025-12-11 09:49:29','2025-12-11 13:54:42',400,NULL,NULL,0,NULL,NULL,1),(48,8,13,'2025-11-25 12:00:00',80,'2025-12-10 19:00:00',1,'2025-12-11 09:49:29','2025-12-11 09:49:29',200,NULL,NULL,0,NULL,NULL,1),(49,8,12,'2025-12-02 10:00:00',45,'2025-12-07 15:00:00',0,'2025-12-11 09:49:29','2025-12-11 09:49:29',80,NULL,NULL,0,NULL,NULL,1),(50,9,15,'2025-11-18 14:00:00',88,'2025-12-11 11:00:00',1,'2025-12-11 09:49:29','2025-12-11 09:49:29',280,NULL,NULL,0,NULL,NULL,1),(51,9,16,'2025-11-28 09:00:00',65,'2025-12-09 13:00:00',0,'2025-12-11 09:49:29','2025-12-11 09:49:29',140,NULL,NULL,0,NULL,NULL,1),(52,10,17,'2025-11-15 16:00:00',92,'2025-12-11 22:34:05',1,'2025-12-11 09:49:29','2025-12-11 14:34:05',15660,NULL,NULL,0,NULL,NULL,1),(53,10,18,'2025-11-22 11:00:00',78,'2025-12-11 22:34:06',1,'2025-12-11 09:49:29','2025-12-11 14:34:06',18000,NULL,NULL,0,NULL,NULL,1),(54,105,6,'2025-11-30 10:00:00',70,'2025-12-10 16:00:00',1,'2025-12-11 09:49:29','2025-12-11 09:49:29',180,NULL,NULL,0,NULL,NULL,1),(55,105,14,'2025-12-02 14:00:00',55,'2025-12-08 12:00:00',0,'2025-12-11 09:49:29','2025-12-11 09:49:29',100,NULL,NULL,0,NULL,NULL,1),(56,106,12,'2025-12-01 09:00:00',60,'2025-12-09 15:00:00',0,'2025-12-11 09:49:29','2025-12-11 09:49:29',120,NULL,NULL,0,NULL,NULL,1),(57,106,20,'2025-12-03 11:00:00',40,'2025-12-11 22:34:06',0,'2025-12-11 09:49:29','2025-12-11 14:34:06',17160,NULL,NULL,0,NULL,NULL,1),(75,6,17,'2025-12-11 21:50:35',71,'2025-12-11 22:34:06',0,'2025-12-11 13:50:35','2025-12-11 14:34:06',8040,NULL,NULL,0,NULL,NULL,1),(76,7,17,'2025-12-11 21:50:35',21,'2025-12-11 22:34:06',0,'2025-12-11 13:50:35','2025-12-11 14:34:06',10860,NULL,NULL,0,NULL,NULL,1),(77,8,17,'2025-12-11 21:50:35',58,'2025-12-11 22:34:06',0,'2025-12-11 13:50:35','2025-12-11 14:34:06',9540,NULL,NULL,0,NULL,NULL,1),(78,9,17,'2025-12-11 21:50:35',28,'2025-12-11 22:34:06',0,'2025-12-11 13:50:35','2025-12-11 14:34:06',13560,NULL,NULL,0,NULL,NULL,1),(80,11,17,'2025-12-11 21:50:35',6,'2025-12-11 22:34:06',0,'2025-12-11 13:50:35','2025-12-11 14:34:06',14760,NULL,NULL,0,NULL,NULL,1),(81,12,17,'2025-12-11 21:50:35',27,'2025-12-11 22:34:06',0,'2025-12-11 13:50:35','2025-12-11 14:34:06',9120,NULL,NULL,0,NULL,NULL,1),(82,14,17,'2025-12-11 21:50:35',92,'2025-12-11 22:34:06',0,'2025-12-11 13:50:35','2025-12-11 14:34:06',12780,NULL,NULL,0,NULL,NULL,1),(83,6,18,'2025-12-11 21:50:35',53,'2025-12-11 22:34:06',0,'2025-12-11 13:50:35','2025-12-11 14:34:06',6720,NULL,NULL,0,NULL,NULL,1),(84,7,18,'2025-12-11 21:50:35',76,'2025-12-11 22:34:06',0,'2025-12-11 13:50:35','2025-12-11 14:34:06',13920,NULL,NULL,0,NULL,NULL,1),(85,8,18,'2025-12-11 21:50:35',97,'2025-12-11 22:34:06',0,'2025-12-11 13:50:35','2025-12-11 14:34:06',17220,NULL,NULL,0,NULL,NULL,1),(86,9,18,'2025-12-11 21:50:35',79,'2025-12-11 22:34:06',0,'2025-12-11 13:50:35','2025-12-11 14:34:06',16740,NULL,NULL,0,NULL,NULL,1),(88,6,19,'2025-12-11 21:50:35',26,'2025-12-11 22:34:06',0,'2025-12-11 13:50:35','2025-12-11 14:34:06',10860,NULL,NULL,0,NULL,NULL,1),(89,7,19,'2025-12-11 21:50:35',26,'2025-12-11 22:34:06',0,'2025-12-11 13:50:35','2025-12-11 14:34:06',16020,NULL,NULL,0,NULL,NULL,1),(90,8,19,'2025-12-11 21:50:35',65,'2025-12-11 22:34:06',0,'2025-12-11 13:50:35','2025-12-11 14:34:06',11640,NULL,NULL,0,NULL,NULL,1),(91,9,19,'2025-12-11 21:50:35',14,'2025-12-11 22:34:06',0,'2025-12-11 13:50:35','2025-12-11 14:34:06',13380,NULL,NULL,0,NULL,NULL,1),(92,10,19,'2025-12-11 21:50:35',65,'2025-12-11 22:34:06',0,'2025-12-11 13:50:35','2025-12-11 14:34:06',9840,NULL,NULL,0,NULL,NULL,1),(93,11,19,'2025-12-11 21:50:35',12,'2025-12-11 22:34:06',0,'2025-12-11 13:50:35','2025-12-11 14:34:06',11220,NULL,NULL,0,NULL,NULL,1),(94,6,20,'2025-12-11 21:50:35',36,'2025-12-11 22:34:06',0,'2025-12-11 13:50:35','2025-12-11 14:34:06',15840,NULL,NULL,0,NULL,NULL,1),(95,7,20,'2025-12-11 21:50:35',28,'2025-12-11 22:34:06',0,'2025-12-11 13:50:35','2025-12-11 14:34:06',16860,NULL,NULL,0,NULL,NULL,1),(96,8,20,'2025-12-11 21:50:35',88,'2025-12-11 22:34:06',0,'2025-12-11 13:50:35','2025-12-11 14:34:06',18000,NULL,NULL,0,NULL,NULL,1),(97,9,20,'2025-12-11 21:50:35',27,'2025-12-11 22:34:06',0,'2025-12-11 13:50:35','2025-12-11 14:34:06',17100,NULL,NULL,0,NULL,NULL,1),(98,10,20,'2025-12-11 21:50:35',10,'2025-12-11 22:34:06',0,'2025-12-11 13:50:35','2025-12-11 14:34:06',9720,NULL,NULL,0,NULL,NULL,1),(99,11,20,'2025-12-11 21:50:35',21,'2025-12-11 22:34:06',0,'2025-12-11 13:50:35','2025-12-11 14:34:06',15060,NULL,NULL,0,NULL,NULL,1),(107,6,9,'2025-12-11 21:54:42',100,'2025-12-11 21:54:42',0,'2025-12-11 13:54:42','2025-12-11 13:54:42',600,NULL,NULL,0,NULL,NULL,1),(108,7,2,'2025-12-11 21:54:42',100,'2025-12-11 21:54:42',0,'2025-12-11 13:54:42','2025-12-11 13:54:42',1320,NULL,NULL,0,NULL,NULL,1),(109,7,4,'2025-12-11 21:54:42',33,'2025-12-11 21:54:42',0,'2025-12-11 13:54:42','2025-12-11 13:54:42',300,NULL,NULL,0,NULL,NULL,1),(110,8,3,'2025-12-11 21:54:42',100,'2025-12-11 21:54:42',0,'2025-12-11 13:54:42','2025-12-11 13:54:42',1800,NULL,NULL,0,NULL,NULL,1),(112,9,7,'2025-12-11 21:54:42',80,'2025-12-11 21:54:42',0,'2025-12-11 13:54:42','2025-12-11 13:54:42',2280,NULL,NULL,0,NULL,NULL,1),(113,9,5,'2025-12-11 21:54:42',42,'2025-12-11 21:54:42',0,'2025-12-11 13:54:42','2025-12-11 13:54:42',300,NULL,NULL,0,NULL,NULL,1),(114,10,8,'2025-12-11 21:54:42',100,'2025-12-11 21:54:42',0,'2025-12-11 13:54:42','2025-12-11 13:54:42',1500,NULL,NULL,0,NULL,NULL,1),(115,10,10,'2025-12-11 21:54:43',74,'2025-12-11 21:54:43',0,'2025-12-11 13:54:43','2025-12-11 13:54:43',800,NULL,NULL,0,NULL,NULL,1),(138,116,6,'2025-12-16 08:47:52',69,'2025-12-16 10:53:50',1,'2025-12-16 00:47:52','2025-12-16 02:53:50',22,NULL,NULL,0,NULL,NULL,1),(151,14,4,'2025-12-22 19:59:41',0,NULL,0,'2025-12-22 11:59:41','2025-12-22 11:59:44',0,NULL,NULL,0,NULL,NULL,0),(152,14,13,'2025-12-22 20:01:31',0,NULL,0,'2025-12-22 12:01:31','2025-12-22 12:01:41',0,NULL,NULL,0,NULL,NULL,0);
/*!40000 ALTER TABLE `user_course` ENABLE KEYS */;

--
-- Table structure for table `user_detail`
--

DROP TABLE IF EXISTS `user_detail`;
/*!40101 SET @saved_cs_client     = @@character_set_client */;
/*!50503 SET character_set_client = utf8mb4 */;
CREATE TABLE `user_detail` (
  `user_detail_id` int NOT NULL AUTO_INCREMENT,
  `user_id` int NOT NULL,
  `phone` char(11) CHARACTER SET utf8mb4 COLLATE utf8mb4_unicode_ci DEFAULT NULL,
  `user_intro` text CHARACTER SET utf8mb4 COLLATE utf8mb4_unicode_ci,
  `occupation` varchar(100) CHARACTER SET utf8mb4 COLLATE utf8mb4_unicode_ci DEFAULT NULL,
  `learning_goal` varchar(100) CHARACTER SET utf8mb4 COLLATE utf8mb4_unicode_ci DEFAULT NULL,
  `location` varchar(100) CHARACTER SET utf8mb4 COLLATE utf8mb4_unicode_ci DEFAULT NULL,
  `website` varchar(255) CHARACTER SET utf8mb4 COLLATE utf8mb4_unicode_ci DEFAULT NULL,
  `social_links` json DEFAULT NULL,
  `created_at` timestamp NULL DEFAULT CURRENT_TIMESTAMP,
  `updated_at` timestamp NULL DEFAULT CURRENT_TIMESTAMP ON UPDATE CURRENT_TIMESTAMP,
  PRIMARY KEY (`user_detail_id`),
  UNIQUE KEY `user_id` (`user_id`),
  UNIQUE KEY `phone` (`phone`),
  KEY `idx_user_id` (`user_id`),
  CONSTRAINT `user_detail_ibfk_1` FOREIGN KEY (`user_id`) REFERENCES `user` (`user_id`) ON DELETE CASCADE
) ENGINE=InnoDB AUTO_INCREMENT=24 DEFAULT CHARSET=utf8mb4 COLLATE=utf8mb4_unicode_ci;
/*!40101 SET character_set_client = @saved_cs_client */;

--
-- Dumping data for table `user_detail`
--

/*!40000 ALTER TABLE `user_detail` DISABLE KEYS */;
INSERT INTO `user_detail` VALUES (2,14,NULL,'今天的每一页笔记，都在为明天的自己铺路。',NULL,NULL,NULL,NULL,NULL,'2025-12-01 12:38:35','2025-12-22 15:30:20'),(3,1,NULL,'热爱学习的程序员',NULL,NULL,NULL,NULL,NULL,'2025-12-05 16:00:39','2025-12-05 16:00:39'),(4,2,NULL,'前端开发工程师',NULL,NULL,NULL,NULL,NULL,'2025-12-05 16:00:39','2025-12-05 16:00:39'),(5,3,NULL,'后端开发工程师',NULL,NULL,NULL,NULL,NULL,'2025-12-05 16:00:39','2025-12-05 16:00:39'),(6,4,NULL,'全栈开发工程师',NULL,NULL,NULL,NULL,NULL,'2025-12-05 16:00:39','2025-12-05 16:00:39'),(12,6,NULL,'热爱编程的大学生，专注前端开发','学生','成为全栈工程师','北京',NULL,NULL,'2025-12-11 09:48:52','2025-12-11 09:48:52'),(13,7,NULL,'数学专业研究生，喜欢分享学习心得','研究生','考研数学130+','上海',NULL,NULL,'2025-12-11 09:48:52','2025-12-11 09:48:52'),(14,8,NULL,'英语专业学生，四六级高分通过者','学生','英语六级600+','广州',NULL,NULL,'2025-12-11 09:48:52','2025-12-11 09:48:52'),(15,9,NULL,'公务员考试备考者，目标上岸','待业','公务员考试上岸','深圳',NULL,NULL,'2025-12-11 09:48:52','2025-12-11 09:48:52'),(16,10,NULL,'计算机专业学生，算法爱好者','学生','进入大厂工作','杭州',NULL,NULL,'2025-12-11 09:48:52','2025-12-11 09:48:52'),(17,101,NULL,'数据科学专业学生','学生','掌握机器学习','成都',NULL,NULL,'2025-12-11 09:48:52','2025-12-11 09:48:52'),(18,102,NULL,'前端开发实习生','实习生','精通React开发','武汉',NULL,NULL,'2025-12-11 09:48:52','2025-12-11 09:48:52'),(19,103,NULL,'后端开发工程师','工程师','系统架构师','西安',NULL,NULL,'2025-12-11 09:48:52','2025-12-11 09:48:52'),(20,104,NULL,'算法竞赛选手','学生','ACM金牌','南京',NULL,NULL,'2025-12-11 09:48:52','2025-12-11 09:48:52'),(21,105,NULL,'英语教育专业','学生','英语教师资格证','重庆',NULL,NULL,'2025-12-11 09:48:52','2025-12-11 09:48:52'),(22,106,NULL,'网络工程专业','学生','网络安全专家','天津',NULL,NULL,'2025-12-11 09:48:52','2025-12-11 09:48:52'),(23,15,NULL,'专注于编程教育和软件开发，拥有丰富的教学经验，致力于帮助每一位学生成长。',NULL,NULL,NULL,NULL,NULL,'2025-12-22 10:44:12','2025-12-22 10:44:12');
/*!40000 ALTER TABLE `user_detail` ENABLE KEYS */;

--
-- Table structure for table `video_comment`
--

DROP TABLE IF EXISTS `video_comment`;
/*!40101 SET @saved_cs_client     = @@character_set_client */;
/*!50503 SET character_set_client = utf8mb4 */;
CREATE TABLE `video_comment` (
  `comment_id` int NOT NULL AUTO_INCREMENT,
  `video_id` int NOT NULL,
  `user_id` int NOT NULL,
  `parent_comment_id` int DEFAULT NULL,
  `comment_content` text CHARACTER SET utf8mb4 COLLATE utf8mb4_unicode_ci NOT NULL,
  `like_count` int DEFAULT '0',
  `created_time` datetime DEFAULT CURRENT_TIMESTAMP,
  `updated_time` datetime DEFAULT CURRENT_TIMESTAMP ON UPDATE CURRENT_TIMESTAMP,
  PRIMARY KEY (`comment_id`),
  KEY `idx_video` (`video_id`),
  KEY `idx_user` (`user_id`),
  KEY `idx_parent` (`parent_comment_id`),
  KEY `idx_created_time` (`created_time`),
  CONSTRAINT `video_comment_ibfk_1` FOREIGN KEY (`video_id`) REFERENCES `course_video` (`video_id`) ON DELETE CASCADE,
  CONSTRAINT `video_comment_ibfk_2` FOREIGN KEY (`user_id`) REFERENCES `user` (`user_id`),
  CONSTRAINT `video_comment_ibfk_3` FOREIGN KEY (`parent_comment_id`) REFERENCES `video_comment` (`comment_id`) ON DELETE CASCADE
) ENGINE=InnoDB AUTO_INCREMENT=91 DEFAULT CHARSET=utf8mb4 COLLATE=utf8mb4_unicode_ci;
/*!40101 SET character_set_client = @saved_cs_client */;

--
-- Dumping data for table `video_comment`
--

/*!40000 ALTER TABLE `video_comment` DISABLE KEYS */;
INSERT INTO `video_comment` VALUES (1,1,4,NULL,'讲解很清晰，环境已经成功搭好了。',5,'2025-11-28 21:06:55','2025-11-28 21:06:55'),(2,1,5,1,'同感，期待后面的内容！',4,'2025-11-28 21:06:55','2025-11-29 17:12:42'),(3,2,4,NULL,'循环语句的示例非常实用。',2,'2025-11-28 21:06:55','2025-11-28 21:06:55'),(4,7,5,NULL,'机器学习部分对初学者很友好。',4,'2025-11-28 21:06:55','2025-11-28 21:06:55'),(5,3,4,NULL,'语法规则这部分需要多练习才能熟练掌握。',6,'2025-11-28 23:12:17','2025-11-28 23:12:17'),(6,11,5,NULL,'JavaScript的历史发展很有趣，了解背景有助于学习。',9,'2025-11-28 23:12:17','2025-11-28 23:12:17'),(7,12,4,NULL,'变量声明的几种方式讲得很清楚。',7,'2025-11-28 23:12:17','2025-11-28 23:12:17'),(46,14,14,NULL,'老师好，我想问一下四级听力中常见的语法点有哪些？特别是虚拟语气和倒装句在听力中怎么快速识别？',12,'2025-12-15 10:30:00','2025-12-15 10:30:00'),(57,14,6,1,'同问！我也经常在听力中听不出来虚拟语气，有时候会把假设听成事实，丢分好可惜。',5,'2025-12-15 11:15:00','2025-12-15 11:15:00'),(58,14,15,1,'同学你好！四级听力中常见的语法点包括：1) 虚拟语气（特别是if条件句） 2) 倒装句（如否定词开头） 3) 比较级和最高级 4) 时态变化。建议多听真题，培养语感。',32,'2025-12-15 14:20:00','2025-12-15 14:20:00'),(67,14,7,NULL,'刚刚做了一套真题，倒装句完全没听出来。有没有什么技巧可以快速判断是否是倒装句？',8,'2025-12-16 09:45:00','2025-12-16 09:45:00'),(82,14,8,NULL,'我一般都是听句子的开头，如果有never, hardly, not only这种词，很可能就是倒装。',15,'2025-12-16 10:30:00','2025-12-16 10:30:00'),(83,14,9,NULL,'我觉得语法不好真的很影响听力理解。有没有专门针对四级听力的语法练习推荐？',6,'2025-12-17 16:20:00','2025-12-17 16:20:00'),(84,14,15,NULL,'推荐大家重点关注以下几点语法：1) 条件状语从句 2) 宾语从句 3) 定语从句。这些在听力中出现的频率很高，建议先掌握这些语法的书面形式，再结合听力练习。',28,'2025-12-17 17:30:00','2025-12-17 17:30:00'),(85,14,10,NULL,'分享一个技巧：虚拟语气通常会有would/could/should + have done的结构，听到这种结构就要注意是虚拟了！',45,'2025-12-18 13:10:00','2025-12-18 13:10:00'),(86,14,101,NULL,'谢谢分享！这个技巧很实用。我还发现有时候说话人会通过语气来暗示虚拟，比如用遗憾的语气。',18,'2025-12-18 14:25:00','2025-12-18 14:25:00'),(87,14,102,NULL,'对于语法基础比较差的同学，建议先从句子结构开始学起，然后再学习具体的语法点，这样听力理解会更有逻辑性。',23,'2025-12-19 11:00:00','2025-12-19 11:00:00'),(88,14,103,NULL,'同意！我发现先学会分析句子主干（主谓宾）真的很重要，这样即使有些词没听清，也能猜出大概意思。',13,'2025-12-19 12:15:00','2025-12-22 23:27:18');
/*!40000 ALTER TABLE `video_comment` ENABLE KEYS */;

--
-- Dumping routines for database 'mzcourse'
--

--
-- Final view structure for view `student_behavior_summary`
--

/*!50001 DROP VIEW IF EXISTS `student_behavior_summary`*/;
/*!50001 SET @saved_cs_client          = @@character_set_client */;
/*!50001 SET @saved_cs_results         = @@character_set_results */;
/*!50001 SET @saved_col_connection     = @@collation_connection */;
/*!50001 SET character_set_client      = utf8mb4 */;
/*!50001 SET character_set_results     = utf8mb4 */;
/*!50001 SET collation_connection      = utf8mb4_unicode_ci */;
/*!50001 CREATE ALGORITHM=UNDEFINED */
/*!50013 DEFINER=`root`@`localhost` SQL SECURITY DEFINER */
/*!50001 VIEW `student_behavior_summary` AS select `u`.`user_id` AS `user_id`,`u`.`user_name` AS `user_name`,count(distinct `uc`.`course_id`) AS `enrolled_courses`,avg(`cp`.`completion_rate`) AS `avg_completion_rate`,avg(`cp`.`mastery_level`) AS `avg_mastery_level`,sum(`fa`.`focus_duration`) AS `total_focus_time`,count(distinct cast(`ll`.`timestamp` as date)) AS `active_days`,max(`cp`.`updated_at`) AS `last_analysis_time` from ((((`user` `u` left join `user_course` `uc` on((`u`.`user_id` = `uc`.`user_id`))) left join `student_course_performance` `cp` on(((`u`.`user_id` = `cp`.`user_id`) and (`uc`.`course_id` = `cp`.`course_id`)))) left join `student_focus_analysis` `fa` on((`u`.`user_id` = `fa`.`user_id`))) left join `student_learning_log` `ll` on(((`u`.`user_id` = `ll`.`user_id`) and (`ll`.`timestamp` >= (now() - interval 30 day))))) where (`u`.`role` = 'learner') group by `u`.`user_id`,`u`.`user_name` */;
/*!50001 SET character_set_client      = @saved_cs_client */;
/*!50001 SET character_set_results     = @saved_cs_results */;
/*!50001 SET collation_connection      = @saved_col_connection */;
/*!40103 SET TIME_ZONE=@OLD_TIME_ZONE */;

/*!40101 SET SQL_MODE=@OLD_SQL_MODE */;
/*!40014 SET FOREIGN_KEY_CHECKS=@OLD_FOREIGN_KEY_CHECKS */;
/*!40014 SET UNIQUE_CHECKS=@OLD_UNIQUE_CHECKS */;
/*!40101 SET CHARACTER_SET_CLIENT=@OLD_CHARACTER_SET_CLIENT */;
/*!40101 SET CHARACTER_SET_RESULTS=@OLD_CHARACTER_SET_RESULTS */;
/*!40101 SET COLLATION_CONNECTION=@OLD_COLLATION_CONNECTION */;
/*!40111 SET SQL_NOTES=@OLD_SQL_NOTES */;

-- Dump completed on 2025-12-23  8:10:23
